sample,series,condition,file,protein_set,PC1,PC2,PC3,PC4,PC5,PC6,PC7,PC8,PC9,PC10,PC11,PC12,PC13,PC14,PC15,PC16,PC17,PC18,PC19,PC20,PC21,PC22,PC23,PC24,PC25,PC26,PC27,PC28,PC29,PC30,PC1_pct,PC2_pct,PC3_pct,PC4_pct,PC5_pct,PC6_pct,PC7_pct,PC8_pct,PC9_pct,PC10_pct,PC11_pct,PC12_pct,PC13_pct,PC14_pct,PC15_pct,PC16_pct,PC17_pct,PC18_pct,PC19_pct,PC20_pct,PC21_pct,PC22_pct,PC23_pct,PC24_pct,PC25_pct,PC26_pct,PC27_pct,PC28_pct,PC29_pct,PC30_pct,UMAP1,UMAP2
100_1,Conc,100,LL2112_NC_conc.csv,post_iqr,-22.59577424,-10.63420025,28.48705825,-3.202364892,9.841850584,3.727372877,4.404839292,9.91538101,9.127498334,-3.255757794,1.691373714,6.828410867,-1.464409757,-7.667444553,-3.324639413,6.902849159,0.715549131,4.800871234,-2.459594854,1.626351534,-1.154765091,-0.721069001,-0.235726905,-0.439889185,1.555063458,-2.702957921,5.560188665,0.542576753,-0.048155655,0.1500114,40.70366019,3.58978344,2.257757855,1.125741172,0.835700009,0.76100776,0.709609225,0.626002438,0.485491093,0.448306336,0.429627251,0.376956372,0.352638746,0.328856298,0.303935837,0.287692628,0.271312169,0.256099329,0.25176806,0.247248419,0.234859455,0.230680733,0.224785178,0.216647211,0.211827449,0.206455681,0.202719529,0.201109102,0.198895142,0.195418594,10.225801,4.3572164
100_2,Conc,100,LL2112_NC_conc.csv,post_iqr,28.14920164,-4.739957624,0.143761385,-8.939627683,1.932561227,6.470146046,-1.374757305,-1.162398096,4.904254273,0.861346571,0.479635164,-0.353081754,-2.780400702,1.248780198,1.374272937,-2.17123037,-2.027291749,0.851049549,-0.436873865,2.133558923,1.352132486,-2.613403074,3.73613876,-0.371017171,0.39248442,0.470222853,-1.582493724,0.82971405,0.322919603,-0.071877159,40.70366019,3.58978344,2.257757855,1.125741172,0.835700009,0.76100776,0.709609225,0.626002438,0.485491093,0.448306336,0.429627251,0.376956372,0.352638746,0.328856298,0.303935837,0.287692628,0.271312169,0.256099329,0.25176806,0.247248419,0.234859455,0.230680733,0.224785178,0.216647211,0.211827449,0.206455681,0.202719529,0.201109102,0.198895142,0.195418594,2.9099038,0.69380003
100_3,Conc,100,LL2112_NC_conc.csv,post_iqr,-62.17170016,-5.028159036,7.007490451,0.8066461,8.742131844,0.614236178,-4.247018485,0.344841933,5.586842058,1.43875058,2.094514518,-3.970745561,3.081098753,-6.327405034,-2.334327078,2.269851588,2.675537831,-4.713783787,-3.220597497,2.601509023,-0.790058019,-1.123454438,-0.943708161,-4.930219684,2.27900662,-4.383203277,-0.5102499,-4.620771427,5.675346349,4.967477443,40.70366019,3.58978344,2.257757855,1.125741172,0.835700009,0.76100776,0.709609225,0.626002438,0.485491093,0.448306336,0.429627251,0.376956372,0.352638746,0.328856298,0.303935837,0.287692628,0.271312169,0.256099329,0.25176806,0.247248419,0.234859455,0.230680733,0.224785178,0.216647211,0.211827449,0.206455681,0.202719529,0.201109102,0.198895142,0.195418594,10.926737,5.468001
100_4,Conc,100,LL2112_NC_conc.csv,post_iqr,30.44637106,8.983783592,5.28940672,5.827140361,4.671066335,6.697315957,-2.570153801,0.794467408,5.464286688,2.286634251,-0.061655897,-2.770441062,-2.244779185,2.690350133,-4.259100199,0.649571207,-0.366256551,-1.078566792,-0.754713959,-1.264820433,0.294404557,2.331709643,-1.00002374,-1.688214769,2.340030571,0.002002043,-1.165633255,0.015833373,-1.552227632,-0.575858539,40.70366019,3.58978344,2.257757855,1.125741172,0.835700009,0.76100776,0.709609225,0.626002438,0.485491093,0.448306336,0.429627251,0.376956372,0.352638746,0.328856298,0.303935837,0.287692628,0.271312169,0.256099329,0.25176806,0.247248419,0.234859455,0.230680733,0.224785178,0.216647211,0.211827449,0.206455681,0.202719529,0.201109102,0.198895142,0.195418594,2.8248143,-1.3430295
100_5,Conc,100,LL2112_NC_conc.csv,post_iqr,27.76582882,1.070978943,1.542404266,-1.574304818,5.531997678,2.083351446,-2.945644741,-0.755713034,4.30417887,4.270814731,-0.709881105,-4.060604278,-5.514638575,4.562734996,-4.686025998,2.178950092,-0.916322421,-2.320927446,-0.534892543,-1.453886324,1.33257267,-1.13152869,-0.118017807,0.618663566,-1.144558171,-0.253535927,4.707313955,1.778452858,0.436637509,1.173525346,40.70366019,3.58978344,2.257757855,1.125741172,0.835700009,0.76100776,0.709609225,0.626002438,0.485491093,0.448306336,0.429627251,0.376956372,0.352638746,0.328856298,0.303935837,0.287692628,0.271312169,0.256099329,0.25176806,0.247248419,0.234859455,0.230680733,0.224785178,0.216647211,0.211827449,0.206455681,0.202719529,0.201109102,0.198895142,0.195418594,3.4566674,-0.49826682
100_6,Conc,100,LL2112_NC_conc.csv,post_iqr,30.18601695,6.275671307,10.26304688,6.359411721,3.264246345,6.651951797,-3.947440337,-1.032609356,4.781350865,2.214340395,0.150477232,-3.089245698,-3.093167884,0.028599029,0.087670644,1.351433845,-1.12570397,0.6142957,0.715262174,0.659267721,0.57480533,-0.920551601,0.043818697,-2.130805701,0.486043058,0.069919997,0.38796069,-0.288033317,-0.467141195,1.956151139,40.70366019,3.58978344,2.257757855,1.125741172,0.835700009,0.76100776,0.709609225,0.626002438,0.485491093,0.448306336,0.429627251,0.376956372,0.352638746,0.328856298,0.303935837,0.287692628,0.271312169,0.256099329,0.25176806,0.247248419,0.234859455,0.230680733,0.224785178,0.216647211,0.211827449,0.206455681,0.202719529,0.201109102,0.198895142,0.195418594,2.9207716,-1.4723234
100_7,Conc,100,LL2112_NC_conc.csv,post_iqr,32.4578006,-2.717313067,4.382528374,-8.6472279,3.017668764,5.821376055,-2.520216135,-2.520210644,1.866231522,-0.841985653,2.712072742,-5.020613159,-1.005455232,3.162605847,-2.145973689,-1.712811042,-3.117733087,3.077407907,-1.760887617,1.14899646,0.407497795,-1.133258188,-1.424081935,-0.941986753,1.726272454,0.94559688,-0.848118804,-3.14573119,1.524858313,-1.160790636,40.70366019,3.58978344,2.257757855,1.125741172,0.835700009,0.76100776,0.709609225,0.626002438,0.485491093,0.448306336,0.429627251,0.376956372,0.352638746,0.328856298,0.303935837,0.287692628,0.271312169,0.256099329,0.25176806,0.247248419,0.234859455,0.230680733,0.224785178,0.216647211,0.211827449,0.206455681,0.202719529,0.201109102,0.198895142,0.195418594,2.9571893,0.56219894
100_8,Conc,100,LL2112_NC_conc.csv,post_iqr,23.4967822,1.548307323,3.116920309,3.88122833,6.218431558,4.116196659,-3.24297731,-1.308773209,4.669419943,1.520838906,2.097741371,-2.145077602,-3.674880839,2.734165697,-3.297576959,-1.130345311,-0.52267074,-4.41320368,-0.596509977,-0.951708729,0.358878031,-0.361262021,2.139183842,-2.310972641,1.576121853,1.266939432,2.029813186,-0.724907486,0.490542972,3.112412971,40.70366019,3.58978344,2.257757855,1.125741172,0.835700009,0.76100776,0.709609225,0.626002438,0.485491093,0.448306336,0.429627251,0.376956372,0.352638746,0.328856298,0.303935837,0.287692628,0.271312169,0.256099329,0.25176806,0.247248419,0.234859455,0.230680733,0.224785178,0.216647211,0.211827449,0.206455681,0.202719529,0.201109102,0.198895142,0.195418594,3.4188492,-1.0710956
100_9,Conc,100,LL2112_NC_conc.csv,post_iqr,26.8262026,9.019051689,6.668458742,9.313583569,5.932775865,2.547011725,-4.886979247,-0.041725795,-0.451154849,-4.760425606,3.740660877,0.057653672,-0.635679349,-0.934267059,-2.017239894,-0.967041175,-1.284343096,1.190361021,1.926295256,3.381324011,0.361653012,-2.208015332,2.848897099,-1.156436095,0.254516593,0.483371991,-0.805160337,-0.21460334,-0.181704842,0.347052121,40.70366019,3.58978344,2.257757855,1.125741172,0.835700009,0.76100776,0.709609225,0.626002438,0.485491093,0.448306336,0.429627251,0.376956372,0.352638746,0.328856298,0.303935837,0.287692628,0.271312169,0.256099329,0.25176806,0.247248419,0.234859455,0.230680733,0.224785178,0.216647211,0.211827449,0.206455681,0.202719529,0.201109102,0.198895142,0.195418594,2.5198865,-2.010294
100_10,Conc,100,LL2112_NC_conc.csv,post_iqr,29.2562916,0.65743791,4.711867103,-6.562548767,3.576221696,8.019662963,-4.409369772,-0.668306607,3.171078477,-2.295414217,2.304230047,-2.019323696,-2.071874368,-0.228292784,-0.003441436,-3.122388467,-3.255158271,1.80802263,1.052201956,1.968047831,-1.051505341,-0.155495117,3.846294853,-1.891511117,1.713144749,0.066479947,-1.584011641,-2.102232286,1.839773201,2.856137668,40.70366019,3.58978344,2.257757855,1.125741172,0.835700009,0.76100776,0.709609225,0.626002438,0.485491093,0.448306336,0.429627251,0.376956372,0.352638746,0.328856298,0.303935837,0.287692628,0.271312169,0.256099329,0.25176806,0.247248419,0.234859455,0.230680733,0.224785178,0.216647211,0.211827449,0.206455681,0.202719529,0.201109102,0.198895142,0.195418594,2.8239443,0.44417873
100_11,Conc,100,LL2112_NC_conc.csv,post_iqr,29.41375476,-1.045422349,2.758116134,-8.384099998,4.040278341,8.380011583,-3.579790438,-1.891114442,3.597104145,-0.25473088,2.342337632,1.682222011,-1.791914472,-2.333754462,0.435018865,-4.747212478,-3.661717264,-1.156784654,-0.371423331,3.254278999,1.821487401,-2.438165537,-1.514226658,1.280358287,1.757074026,-0.452404982,-1.229579126,1.831951556,-1.665623964,1.512161449,40.70366019,3.58978344,2.257757855,1.125741172,0.835700009,0.76100776,0.709609225,0.626002438,0.485491093,0.448306336,0.429627251,0.376956372,0.352638746,0.328856298,0.303935837,0.287692628,0.271312169,0.256099329,0.25176806,0.247248419,0.234859455,0.230680733,0.224785178,0.216647211,0.211827449,0.206455681,0.202719529,0.201109102,0.198895142,0.195418594,3.0218923,0.19369979
100_12,Conc,100,LL2112_NC_conc.csv,post_iqr,-73.97905232,-8.273237417,19.93510015,2.528335528,5.602495751,3.222633215,-1.018378156,-1.392245476,5.869580456,5.093992328,1.815136395,1.415252895,-5.594696965,-6.224302468,-1.865409651,0.103910791,8.752768651,0.898742712,2.650827002,-0.842231676,1.766720618,1.935337277,3.37501136,0.408661552,3.24076268,1.693902902,-0.424662049,0.12372055,8.572337352,-1.189682045,40.70366019,3.58978344,2.257757855,1.125741172,0.835700009,0.76100776,0.709609225,0.626002438,0.485491093,0.448306336,0.429627251,0.376956372,0.352638746,0.328856298,0.303935837,0.287692628,0.271312169,0.256099329,0.25176806,0.247248419,0.234859455,0.230680733,0.224785178,0.216647211,0.211827449,0.206455681,0.202719529,0.201109102,0.198895142,0.195418594,11.515528,5.786204
100_13,Conc,100,LL2112_NC_conc.csv,post_iqr,25.60294027,2.343257965,6.803313193,-3.412611837,2.284097684,10.48725017,-3.137105499,-0.695186217,2.063958859,0.637842728,2.686875354,-2.357375785,3.317787361,-2.268558768,0.489211911,-0.845276918,-1.036522392,-2.142697465,-1.018144992,2.098557776,1.519155254,0.363896722,-2.161624545,-4.519407338,1.399292381,-0.576202376,2.238220728,0.77273321,1.587253666,0.97173005,40.70366019,3.58978344,2.257757855,1.125741172,0.835700009,0.76100776,0.709609225,0.626002438,0.485491093,0.448306336,0.429627251,0.376956372,0.352638746,0.328856298,0.303935837,0.287692628,0.271312169,0.256099329,0.25176806,0.247248419,0.234859455,0.230680733,0.224785178,0.216647211,0.211827449,0.206455681,0.202719529,0.201109102,0.198895142,0.195418594,3.1547604,0.082863115
100_14,Conc,100,LL2112_NC_conc.csv,post_iqr,25.03856734,-3.342481545,2.333111383,-9.817146446,-2.257563872,9.072411524,-1.314912959,0.200986185,2.788304003,-0.243819324,1.142027765,-4.466757782,4.390201438,0.273617755,-0.413223397,-3.519747956,1.199426617,0.937323127,0.394663039,0.599159823,3.161006171,-0.403175492,2.618564842,-1.950754293,1.743992669,-1.002590855,0.625927954,-0.159500822,-0.048983783,2.001614551,40.70366019,3.58978344,2.257757855,1.125741172,0.835700009,0.76100776,0.709609225,0.626002438,0.485491093,0.448306336,0.429627251,0.376956372,0.352638746,0.328856298,0.303935837,0.287692628,0.271312169,0.256099329,0.25176806,0.247248419,0.234859455,0.230680733,0.224785178,0.216647211,0.211827449,0.206455681,0.202719529,0.201109102,0.198895142,0.195418594,2.9975553,1.0116416
100_15,Conc,100,LL2112_NC_conc.csv,post_iqr,21.9991123,2.703240256,-2.083690121,-9.467652152,2.69646106,5.48651202,-2.290227513,0.459377151,6.095823252,2.628986358,-0.843099992,-3.989924314,-2.708708612,0.647119817,-6.190599198,-3.440800162,4.679887198,-3.467793848,-2.898768262,-0.30334068,-0.343233019,1.721855067,0.450837712,-0.385267284,1.874981057,-1.471790561,4.838694233,0.882555201,-3.250107904,3.050563987,40.70366019,3.58978344,2.257757855,1.125741172,0.835700009,0.76100776,0.709609225,0.626002438,0.485491093,0.448306336,0.429627251,0.376956372,0.352638746,0.328856298,0.303935837,0.287692628,0.271312169,0.256099329,0.25176806,0.247248419,0.234859455,0.230680733,0.224785178,0.216647211,0.211827449,0.206455681,0.202719529,0.201109102,0.198895142,0.195418594,3.3846178,-0.16795054
100_16,Conc,100,LL2112_NC_conc.csv,post_iqr,29.4717999,6.603722039,11.60061563,7.822394136,3.556259567,6.05135316,-4.578364899,-0.43457624,2.863822645,0.324456722,2.307715466,-3.249552373,-0.361510032,1.123434367,-0.044497195,1.687439924,-1.462004167,1.454542354,1.303623805,0.787318089,1.272524841,0.277027148,-0.59010451,-1.239183463,-0.750113802,0.556360274,0.244327143,0.36870325,-0.135264387,0.41022988,40.70366019,3.58978344,2.257757855,1.125741172,0.835700009,0.76100776,0.709609225,0.626002438,0.485491093,0.448306336,0.429627251,0.376956372,0.352638746,0.328856298,0.303935837,0.287692628,0.271312169,0.256099329,0.25176806,0.247248419,0.234859455,0.230680733,0.224785178,0.216647211,0.211827449,0.206455681,0.202719529,0.201109102,0.198895142,0.195418594,2.986765,-1.4681396
100_17,Conc,100,LL2112_NC_conc.csv,post_iqr,30.89084269,0.934462935,8.637371697,-3.056481056,3.869864891,4.510994616,-4.099271175,-2.044354048,3.82404696,1.258331327,2.817408182,-1.598672848,-1.216040432,-0.57163076,0.86507498,-1.397260066,-0.910418158,3.039691882,-1.664376768,0.492620222,-1.684200485,-0.615566124,1.421935913,-1.791573785,1.047234143,0.243521838,0.062957708,1.12097284,-1.585051139,1.910534903,40.70366019,3.58978344,2.257757855,1.125741172,0.835700009,0.76100776,0.709609225,0.626002438,0.485491093,0.448306336,0.429627251,0.376956372,0.352638746,0.328856298,0.303935837,0.287692628,0.271312169,0.256099329,0.25176806,0.247248419,0.234859455,0.230680733,0.224785178,0.216647211,0.211827449,0.206455681,0.202719529,0.201109102,0.198895142,0.195418594,3.0540576,0.057892576
100_18,Conc,100,LL2112_NC_conc.csv,post_iqr,28.38620623,-11.97261486,5.142762635,-0.442638874,2.847788022,1.58984723,-2.154664685,-1.500920753,4.534358273,0.036238769,-1.905841611,-0.803660629,-4.237512693,3.133087387,-1.764780379,0.69468305,-3.823551977,1.69439368,0.037634169,-0.770704391,1.312838932,-1.489174891,0.028209928,-0.440514466,-0.681455223,-0.00245975,1.092499092,-1.514483479,-1.054032242,1.4261672,40.70366019,3.58978344,2.257757855,1.125741172,0.835700009,0.76100776,0.709609225,0.626002438,0.485491093,0.448306336,0.429627251,0.376956372,0.352638746,0.328856298,0.303935837,0.287692628,0.271312169,0.256099329,0.25176806,0.247248419,0.234859455,0.230680733,0.224785178,0.216647211,0.211827449,0.206455681,0.202719529,0.201109102,0.198895142,0.195418594,4.035045,0.1948914
100_19,Conc,100,LL2112_NC_conc.csv,post_iqr,26.76251466,0.472402698,9.095973629,1.321457576,3.043096247,2.616636648,-4.325629403,-1.440002943,5.399754879,2.192792646,0.726138267,-2.176976074,-4.198562611,2.320533681,-2.296869356,1.720901936,-1.950971667,3.148236676,0.514140853,0.678691104,-1.457333883,-1.382275456,0.189179266,-1.645079893,-0.60596327,0.386752629,1.147096032,-1.436735087,1.021512241,-0.389961022,40.70366019,3.58978344,2.257757855,1.125741172,0.835700009,0.76100776,0.709609225,0.626002438,0.485491093,0.448306336,0.429627251,0.376956372,0.352638746,0.328856298,0.303935837,0.287692628,0.271312169,0.256099329,0.25176806,0.247248419,0.234859455,0.230680733,0.224785178,0.216647211,0.211827449,0.206455681,0.202719529,0.201109102,0.198895142,0.195418594,3.3665009,-0.7906007
100_20,Conc,100,LL2112_NC_conc.csv,post_iqr,-61.37501407,-12.38918098,11.47099789,-0.768647857,8.103154484,4.399165728,-0.278869014,4.680873281,6.966000742,2.90239727,3.120657823,3.148265871,-5.608885112,-6.663760019,2.81170451,5.535992984,0.533218,-3.051946504,-1.588035222,-4.152641195,7.458177066,0.74607783,0.519403653,-0.117306056,-2.419322443,1.072696582,7.539088713,-2.617216051,2.785990632,0.19964205,40.70366019,3.58978344,2.257757855,1.125741172,0.835700009,0.76100776,0.709609225,0.626002438,0.485491093,0.448306336,0.429627251,0.376956372,0.352638746,0.328856298,0.303935837,0.287692628,0.271312169,0.256099329,0.25176806,0.247248419,0.234859455,0.230680733,0.224785178,0.216647211,0.211827449,0.206455681,0.202719529,0.201109102,0.198895142,0.195418594,11.020808,5.2008023
100_21,Conc,100,LL2112_NC_conc.csv,post_iqr,29.32272843,4.896329331,4.472043508,2.414698075,2.995469493,3.771071593,-4.563787879,0.493183234,4.105589719,-1.393328828,3.405138719,-2.812544311,-2.947268914,4.920598165,-4.399737542,1.479866191,-2.123207147,-2.053691169,0.937825021,-1.257477824,1.930221055,-1.790563914,-1.630429945,-1.504847104,-1.376297751,0.434804907,0.34847031,-0.96460791,0.984482623,3.046554433,40.70366019,3.58978344,2.257757855,1.125741172,0.835700009,0.76100776,0.709609225,0.626002438,0.485491093,0.448306336,0.429627251,0.376956372,0.352638746,0.328856298,0.303935837,0.287692628,0.271312169,0.256099329,0.25176806,0.247248419,0.234859455,0.230680733,0.224785178,0.216647211,0.211827449,0.206455681,0.202719529,0.201109102,0.198895142,0.195418594,2.9959483,-1.4410648
100_22,Conc,100,LL2112_NC_conc.csv,post_iqr,31.50150679,-4.668532142,3.644032737,-8.850315392,4.405719528,8.096616593,-2.39425341,-1.053262472,4.248988694,0.517706015,2.833958421,-3.382869307,-1.204544777,2.8606692,0.121878293,-0.755573558,-2.166395976,-0.362622971,-1.254338389,-0.451332599,4.153050502,-0.117905887,1.200158874,-0.517087741,1.472219845,0.629771001,1.313529084,-1.621003877,2.198521947,-0.172851476,40.70366019,3.58978344,2.257757855,1.125741172,0.835700009,0.76100776,0.709609225,0.626002438,0.485491093,0.448306336,0.429627251,0.376956372,0.352638746,0.328856298,0.303935837,0.287692628,0.271312169,0.256099329,0.25176806,0.247248419,0.234859455,0.230680733,0.224785178,0.216647211,0.211827449,0.206455681,0.202719529,0.201109102,0.198895142,0.195418594,3.231749,0.5246081
100_23,Conc,100,LL2112_NC_conc.csv,post_iqr,-50.0592748,2.956593929,22.63743944,9.702578555,5.691996425,6.761758987,4.104642268,11.12378098,-6.274815183,6.10378918,7.935460091,-0.08398117,-4.074726172,-1.513911631,-0.82745323,-0.188744698,3.456563777,4.075605773,1.292741991,2.980250565,4.038730943,3.954432737,-0.647172142,-1.785064624,-0.919100154,1.929534973,0.446166278,1.452887691,0.89169236,-2.688948592,40.70366019,3.58978344,2.257757855,1.125741172,0.835700009,0.76100776,0.709609225,0.626002438,0.485491093,0.448306336,0.429627251,0.376956372,0.352638746,0.328856298,0.303935837,0.287692628,0.271312169,0.256099329,0.25176806,0.247248419,0.234859455,0.230680733,0.224785178,0.216647211,0.211827449,0.206455681,0.202719529,0.201109102,0.198895142,0.195418594,10.967713,4.7465916
100_24,Conc,100,LL2112_NC_conc.csv,post_iqr,29.95916237,-0.834760474,5.166227561,-2.115177275,3.366384293,6.467659749,-5.758686674,-1.729389504,2.595022791,2.974174102,1.896906471,-0.628094883,-0.107070304,-1.667413498,2.073401426,-0.141228172,-3.606317208,-0.150757761,-0.750215937,4.009892767,-0.422015842,-0.424832879,-1.643398743,-1.068452088,0.165239046,0.126052063,-0.016785077,1.502672452,2.077911564,-1.593402131,40.70366019,3.58978344,2.257757855,1.125741172,0.835700009,0.76100776,0.709609225,0.626002438,0.485491093,0.448306336,0.429627251,0.376956372,0.352638746,0.328856298,0.303935837,0.287692628,0.271312169,0.256099329,0.25176806,0.247248419,0.234859455,0.230680733,0.224785178,0.216647211,0.211827449,0.206455681,0.202719529,0.201109102,0.198895142,0.195418594,3.6170418,-0.50514615
100_25,Conc,100,LL2112_NC_conc.csv,post_iqr,-73.46981169,-18.047397,7.918399834,-0.787619704,5.910660247,1.000572825,-7.490561091,-7.486242716,7.829099468,-1.257170202,3.327001202,2.716930081,-4.358612602,-6.194838664,-3.932447273,0.713462942,1.543886148,1.884103857,5.470001694,1.560969909,0.412347996,-0.421147435,-0.603965724,6.600645557,-2.1524671,-3.358741031,2.712005957,-4.979262062,-1.654095648,-2.306263754,40.70366019,3.58978344,2.257757855,1.125741172,0.835700009,0.76100776,0.709609225,0.626002438,0.485491093,0.448306336,0.429627251,0.376956372,0.352638746,0.328856298,0.303935837,0.287692628,0.271312169,0.256099329,0.25176806,0.247248419,0.234859455,0.230680733,0.224785178,0.216647211,0.211827449,0.206455681,0.202719529,0.201109102,0.198895142,0.195418594,11.141859,5.9719443
100_26,Conc,100,LL2112_NC_conc.csv,post_iqr,30.0276272,-0.243548777,10.7916378,-0.266254152,2.66879362,3.947801701,-5.417539519,-0.765494278,4.041237394,6.702987077,-2.105279635,-4.300689887,-2.230135845,0.753981977,0.122560452,1.373153521,-0.827437131,3.327769948,-0.736960167,-0.380725912,-0.467401186,0.849409638,-0.207373499,-2.491444661,1.486627099,-0.004797237,-1.116808098,0.922527811,0.339300994,-0.731179372,40.70366019,3.58978344,2.257757855,1.125741172,0.835700009,0.76100776,0.709609225,0.626002438,0.485491093,0.448306336,0.429627251,0.376956372,0.352638746,0.328856298,0.303935837,0.287692628,0.271312169,0.256099329,0.25176806,0.247248419,0.234859455,0.230680733,0.224785178,0.216647211,0.211827449,0.206455681,0.202719529,0.201109102,0.198895142,0.195418594,3.5849614,-0.658316
100_27,Conc,100,LL2112_NC_conc.csv,post_iqr,31.92138788,-0.317050674,2.258797202,-9.408762219,2.656254854,5.939200101,-5.926564084,-0.89672107,1.748039214,5.549702781,-1.109897576,-4.181773185,-1.675836012,0.776668709,1.104531742,0.517276022,-4.405122239,0.57287622,-2.536103959,4.200646979,1.351928419,-1.354950392,0.609859732,-0.387324674,1.441185576,2.726520821,-2.62090997,0.07153332,1.752501989,0.135608333,40.70366019,3.58978344,2.257757855,1.125741172,0.835700009,0.76100776,0.709609225,0.626002438,0.485491093,0.448306336,0.429627251,0.376956372,0.352638746,0.328856298,0.303935837,0.287692628,0.271312169,0.256099329,0.25176806,0.247248419,0.234859455,0.230680733,0.224785178,0.216647211,0.211827449,0.206455681,0.202719529,0.201109102,0.198895142,0.195418594,3.2590258,0.38767338
100_28,Conc,100,LL2112_NC_conc.csv,post_iqr,27.54346036,2.130545918,7.888521865,-0.56191855,-0.235370416,6.07971086,-4.58861238,1.163129909,3.633416535,1.460417162,1.255232144,-2.813263651,1.478483491,0.136153515,-4.091888304,-1.460802552,-1.155491439,0.588613936,-0.051270675,0.367477418,0.318861834,0.913672556,-1.529496858,-1.886964846,0.607620518,-2.684711472,0.628567433,1.603395761,2.362738052,0.035395203,40.70366019,3.58978344,2.257757855,1.125741172,0.835700009,0.76100776,0.709609225,0.626002438,0.485491093,0.448306336,0.429627251,0.376956372,0.352638746,0.328856298,0.303935837,0.287692628,0.271312169,0.256099329,0.25176806,0.247248419,0.234859455,0.230680733,0.224785178,0.216647211,0.211827449,0.206455681,0.202719529,0.201109102,0.198895142,0.195418594,3.5530922,-0.6295648
100_29,Conc,100,LL2112_NC_conc.csv,post_iqr,25.75454997,7.155518302,12.32634644,2.780293765,1.511292403,4.562285651,-7.382887091,0.793103453,5.018818146,2.440519758,0.74105861,-1.471927646,-2.890330115,0.368373796,-5.947169568,0.25518586,-1.18200466,-5.545599728,1.624610234,-1.512724801,0.278584324,-0.464503067,-0.096509253,0.418348628,4.090478604,-1.338067766,-3.044850474,-0.781808616,2.188046128,2.276061047,40.70366019,3.58978344,2.257757855,1.125741172,0.835700009,0.76100776,0.709609225,0.626002438,0.485491093,0.448306336,0.429627251,0.376956372,0.352638746,0.328856298,0.303935837,0.287692628,0.271312169,0.256099329,0.25176806,0.247248419,0.234859455,0.230680733,0.224785178,0.216647211,0.211827449,0.206455681,0.202719529,0.201109102,0.198895142,0.195418594,3.0899754,-1.4147564
100_30,Conc,100,LL2112_NC_conc.csv,post_iqr,-57.24825187,-9.348935201,18.78711085,-14.82447473,5.241935707,8.590493218,1.302553082,7.960149787,-1.812211749,-3.936619899,7.397730319,0.461994512,-0.590105542,-1.739836916,-8.100978814,-0.165574552,1.122895026,2.413128904,8.707260388,-3.132292342,0.226578949,-0.793431734,0.972091856,-4.936755862,0.174048094,2.113297441,1.925946002,1.720003212,4.054426029,-3.248084282,40.70366019,3.58978344,2.257757855,1.125741172,0.835700009,0.76100776,0.709609225,0.626002438,0.485491093,0.448306336,0.429627251,0.376956372,0.352638746,0.328856298,0.303935837,0.287692628,0.271312169,0.256099329,0.25176806,0.247248419,0.234859455,0.230680733,0.224785178,0.216647211,0.211827449,0.206455681,0.202719529,0.201109102,0.198895142,0.195418594,10.66825,4.6552577
100_31,Conc,100,LL2112_NC_conc.csv,post_iqr,-77.6673061,4.078161955,6.452931862,2.355621426,0.356242463,-2.118878674,-6.213125698,-3.699570125,0.711559198,3.150725749,2.523116037,3.993582703,-0.813089058,-6.328399219,-5.218776341,-5.386049552,0.635992205,-6.255585712,0.508754321,-4.633121776,-0.898581941,-5.506657246,0.246318006,-0.155613422,-9.216738376,0.296488137,7.991217537,12.7665765,4.425461027,7.698741609,40.70366019,3.58978344,2.257757855,1.125741172,0.835700009,0.76100776,0.709609225,0.626002438,0.485491093,0.448306336,0.429627251,0.376956372,0.352638746,0.328856298,0.303935837,0.287692628,0.271312169,0.256099329,0.25176806,0.247248419,0.234859455,0.230680733,0.224785178,0.216647211,0.211827449,0.206455681,0.202719529,0.201109102,0.198895142,0.195418594,11.610234,5.74375
100_32,Conc,100,LL2112_NC_conc.csv,post_iqr,28.25464864,0.602517294,2.995892119,-4.630335152,-0.602671367,3.808986001,-3.997416278,1.684849724,3.591023163,3.284648548,-0.056424498,-5.12666732,0.096728394,0.991502571,-6.402115353,-0.298087506,1.856791162,-1.652534716,-1.41187445,-1.101240762,2.361050977,2.624754198,-1.311241732,-1.216898357,1.670340387,-1.647724059,1.277948303,1.273236974,0.452329396,1.594573635,40.70366019,3.58978344,2.257757855,1.125741172,0.835700009,0.76100776,0.709609225,0.626002438,0.485491093,0.448306336,0.429627251,0.376956372,0.352638746,0.328856298,0.303935837,0.287692628,0.271312169,0.256099329,0.25176806,0.247248419,0.234859455,0.230680733,0.224785178,0.216647211,0.211827449,0.206455681,0.202719529,0.201109102,0.198895142,0.195418594,3.4553509,0.0782313
100_33,Conc,100,LL2112_NC_conc.csv,post_iqr,28.20805845,8.585326214,4.328659055,3.686734805,0.466973197,-2.462811277,-5.660775475,-1.845678447,1.25414119,-0.675366099,0.570456804,-0.28980144,-4.171077387,3.473011912,-3.003280474,0.499967682,0.655278127,-3.20675068,-0.02330991,-0.718402406,1.169501089,-0.537303362,1.220976392,1.887312139,-0.105399914,-3.714026152,-1.060736833,0.765199369,1.951548453,2.073110304,40.70366019,3.58978344,2.257757855,1.125741172,0.835700009,0.76100776,0.709609225,0.626002438,0.485491093,0.448306336,0.429627251,0.376956372,0.352638746,0.328856298,0.303935837,0.287692628,0.271312169,0.256099329,0.25176806,0.247248419,0.234859455,0.230680733,0.224785178,0.216647211,0.211827449,0.206455681,0.202719529,0.201109102,0.198895142,0.195418594,2.2026439,-1.7941139
100_34,Conc,100,LL2112_NC_conc.csv,post_iqr,13.37608422,-6.341768008,-17.30993622,6.801382132,1.781885085,2.62638241,7.423447252,-0.780918008,-3.182201775,0.701195043,2.454457186,-5.824416724,10.02478345,-0.990575231,-8.283727424,2.707297192,6.836978746,-8.98270768,6.178847042,-2.148440153,-1.779279128,7.28334813,-2.067127339,1.815919746,-0.29179447,-4.299217466,0.775642096,-0.717038448,3.257506001,-5.032002261,40.70366019,3.58978344,2.257757855,1.125741172,0.835700009,0.76100776,0.709609225,0.626002438,0.485491093,0.448306336,0.429627251,0.376956372,0.352638746,0.328856298,0.303935837,0.287692628,0.271312169,0.256099329,0.25176806,0.247248419,0.234859455,0.230680733,0.224785178,0.216647211,0.211827449,0.206455681,0.202719529,0.201109102,0.198895142,0.195418594,4.842976,15.214615
100_35,Conc,100,LL2112_NC_conc.csv,post_iqr,27.3174328,7.141070832,2.140321502,-7.320657578,-3.579769448,5.642208874,-3.193998455,1.463001564,0.239040101,-2.287305641,6.30928483,-1.531956433,3.615189931,1.122320851,6.045969218,-1.497571837,1.666533352,1.200464682,0.037355184,1.803280998,3.658631387,1.525530747,3.204151264,-1.120370801,0.354811334,-3.143490192,3.808276384,2.66192725,4.293326359,0.995377924,40.70366019,3.58978344,2.257757855,1.125741172,0.835700009,0.76100776,0.709609225,0.626002438,0.485491093,0.448306336,0.429627251,0.376956372,0.352638746,0.328856298,0.303935837,0.287692628,0.271312169,0.256099329,0.25176806,0.247248419,0.234859455,0.230680733,0.224785178,0.216647211,0.211827449,0.206455681,0.202719529,0.201109102,0.198895142,0.195418594,2.9899383,0.47042218
100_36,Conc,100,LL2112_NC_conc.csv,post_iqr,-10.1020564,-9.586219433,12.92749037,-8.157759944,-0.173253299,12.31084682,-1.153610009,15.36640213,17.16749116,-13.07957963,-5.389184327,17.14850067,-0.458327977,-2.530149696,-10.59932759,12.1189968,-5.362455903,10.85078676,-13.32815478,-2.638782817,-0.085657938,5.900197968,0.921135672,0.507114807,-2.28848465,1.065077932,1.031367889,0.814948571,1.142856617,-1.27223734,40.70366019,3.58978344,2.257757855,1.125741172,0.835700009,0.76100776,0.709609225,0.626002438,0.485491093,0.448306336,0.429627251,0.376956372,0.352638746,0.328856298,0.303935837,0.287692628,0.271312169,0.256099329,0.25176806,0.247248419,0.234859455,0.230680733,0.224785178,0.216647211,0.211827449,0.206455681,0.202719529,0.201109102,0.198895142,0.195418594,9.880659,3.7859702
100_37,Conc,100,LL2112_NC_conc.csv,post_iqr,27.71731307,1.395534364,0.884145332,-11.03773401,-9.398894743,-2.791595065,-0.318591588,-1.892275918,4.147338711,4.265772837,2.521841978,1.473886496,-1.665384105,1.283023574,4.785174478,0.131212154,-0.527887105,0.485272255,-0.410462234,-1.960903641,1.197394352,0.523268806,0.501594093,-5.55158331,0.298502957,-0.061993991,1.771746935,-0.880272182,-0.011904072,4.128086423,40.70366019,3.58978344,2.257757855,1.125741172,0.835700009,0.76100776,0.709609225,0.626002438,0.485491093,0.448306336,0.429627251,0.376956372,0.352638746,0.328856298,0.303935837,0.287692628,0.271312169,0.256099329,0.25176806,0.247248419,0.234859455,0.230680733,0.224785178,0.216647211,0.211827449,0.206455681,0.202719529,0.201109102,0.198895142,0.195418594,3.4318469,0.54839236
100_38,Conc,100,LL2112_NC_conc.csv,post_iqr,23.41335626,-7.322847502,-1.35172303,-18.66094317,-5.749901527,5.610214228,-2.348519475,0.909044364,3.70066749,4.036019867,1.174476741,1.004034941,2.097330816,-4.774887053,6.691399475,-2.681161617,1.057567648,-0.044445043,-2.214662247,5.15247575,2.365506032,-0.272265483,0.626782432,-2.658192,2.506513489,-1.156684033,1.462799283,0.688918453,1.434202722,4.146265483,40.70366019,3.58978344,2.257757855,1.125741172,0.835700009,0.76100776,0.709609225,0.626002438,0.485491093,0.448306336,0.429627251,0.376956372,0.352638746,0.328856298,0.303935837,0.287692628,0.271312169,0.256099329,0.25176806,0.247248419,0.234859455,0.230680733,0.224785178,0.216647211,0.211827449,0.206455681,0.202719529,0.201109102,0.198895142,0.195418594,3.3011308,1.1754613
100_39,Conc,100,LL2112_NC_conc.csv,post_iqr,31.84975979,0.062681562,8.559748103,-5.955797853,-4.192251215,2.362208299,-2.778126552,-0.568614287,1.59162758,-2.642666657,4.917375426,1.532041163,0.734980388,3.077746086,3.530946913,-1.828605749,-2.841401195,2.50499918,2.29295505,0.41868253,4.152640827,-2.74365103,2.877599542,0.588013803,1.037265267,-2.569670708,0.354818979,0.806094003,1.754837827,1.790349732,40.70366019,3.58978344,2.257757855,1.125741172,0.835700009,0.76100776,0.709609225,0.626002438,0.485491093,0.448306336,0.429627251,0.376956372,0.352638746,0.328856298,0.303935837,0.287692628,0.271312169,0.256099329,0.25176806,0.247248419,0.234859455,0.230680733,0.224785178,0.216647211,0.211827449,0.206455681,0.202719529,0.201109102,0.198895142,0.195418594,3.2550724,0.7146339
100_40,Conc,100,LL2112_NC_conc.csv,post_iqr,24.82992539,12.72407369,7.418532536,10.02343964,-2.985490029,1.464931591,-4.547854848,1.663302581,1.739064583,1.323600579,3.11439443,-5.392944369,4.870389414,-1.137481459,0.730900112,4.052205109,2.193762937,2.239950891,1.827525565,-0.551942019,2.548607687,3.377505892,-1.840999739,0.716610879,-0.128590562,-1.934857583,-0.266407157,-1.27787602,1.471132001,-2.400933634,40.70366019,3.58978344,2.257757855,1.125741172,0.835700009,0.76100776,0.709609225,0.626002438,0.485491093,0.448306336,0.429627251,0.376956372,0.352638746,0.328856298,0.303935837,0.287692628,0.271312169,0.256099329,0.25176806,0.247248419,0.234859455,0.230680733,0.224785178,0.216647211,0.211827449,0.206455681,0.202719529,0.201109102,0.198895142,0.195418594,2.1859162,-2.1917927
100_41,Conc,100,LL2112_NC_conc.csv,post_iqr,24.56686783,3.080189817,1.725562008,-0.588684232,1.524873292,-2.852864937,-6.769710735,0.340951181,1.176141852,6.851936865,-2.423927609,-1.481182178,-4.275353999,2.524896285,0.718239895,3.221797043,-0.714493709,1.016566201,-1.120552906,2.119057183,-0.819125539,2.656028914,0.126355067,0.059902077,-0.309733367,-0.617123182,-3.381394195,0.636832072,2.951315975,1.832139288,40.70366019,3.58978344,2.257757855,1.125741172,0.835700009,0.76100776,0.709609225,0.626002438,0.485491093,0.448306336,0.429627251,0.376956372,0.352638746,0.328856298,0.303935837,0.287692628,0.271312169,0.256099329,0.25176806,0.247248419,0.234859455,0.230680733,0.224785178,0.216647211,0.211827449,0.206455681,0.202719529,0.201109102,0.198895142,0.195418594,3.8498673,-0.6201174
100_42,Conc,100,LL2112_NC_conc.csv,post_iqr,30.79108415,3.246914898,6.492638567,-4.303070701,-5.878264092,2.911966244,-3.134443167,0.784668001,1.674690809,2.005538838,2.134450879,-2.763797142,1.736989661,0.464584483,-0.197723545,1.014821559,1.146565181,2.925920132,0.206539865,2.072410091,4.52294784,0.924608929,0.60079994,-3.005615861,-0.957404801,1.305095399,-0.656775087,0.930316527,-0.38515664,2.529516705,40.70366019,3.58978344,2.257757855,1.125741172,0.835700009,0.76100776,0.709609225,0.626002438,0.485491093,0.448306336,0.429627251,0.376956372,0.352638746,0.328856298,0.303935837,0.287692628,0.271312169,0.256099329,0.25176806,0.247248419,0.234859455,0.230680733,0.224785178,0.216647211,0.211827449,0.206455681,0.202719529,0.201109102,0.198895142,0.195418594,3.2776856,0.052880522
100_43,Conc,100,LL2112_NC_conc.csv,post_iqr,20.93935047,6.702626077,8.949091434,1.31138619,0.538342183,-1.419710841,-5.096747383,4.810924166,5.325441879,3.819710174,-0.514660956,0.6911183,-2.921166269,-4.248579014,3.328779827,1.2763371,0.327939814,-0.649695109,-0.900578601,1.372618485,1.584721596,4.030470436,-2.400554925,-1.617070847,-1.458417316,-4.208521571,1.979419035,0.27521404,0.488955228,1.164910278,40.70366019,3.58978344,2.257757855,1.125741172,0.835700009,0.76100776,0.709609225,0.626002438,0.485491093,0.448306336,0.429627251,0.376956372,0.352638746,0.328856298,0.303935837,0.287692628,0.271312169,0.256099329,0.25176806,0.247248419,0.234859455,0.230680733,0.224785178,0.216647211,0.211827449,0.206455681,0.202719529,0.201109102,0.198895142,0.195418594,3.6773608,-0.8699352
100_44,Conc,100,LL2112_NC_conc.csv,post_iqr,18.74550885,19.51599816,-5.499467791,7.366527658,-4.455439692,-10.54046864,-3.987404762,0.008131851,-1.351421198,0.985636764,4.435716059,2.824890204,-1.391050422,-2.263569323,3.070842516,6.353790643,0.653349957,0.623568431,-1.376264721,-2.983568661,0.799899194,0.644818473,-4.18709429,-3.182940853,-3.818891896,-0.427034116,1.487741376,-1.320250177,3.881398541,-1.121981475,40.70366019,3.58978344,2.257757855,1.125741172,0.835700009,0.76100776,0.709609225,0.626002438,0.485491093,0.448306336,0.429627251,0.376956372,0.352638746,0.328856298,0.303935837,0.287692628,0.271312169,0.256099329,0.25176806,0.247248419,0.234859455,0.230680733,0.224785178,0.216647211,0.211827449,0.206455681,0.202719529,0.201109102,0.198895142,0.195418594,1.855261,-2.1634748
100_45,Conc,100,LL2112_NC_conc.csv,post_iqr,25.99245789,4.827435864,-4.58813174,-11.41846779,-0.207904573,0.804388282,-4.870162738,0.504856237,4.077065831,5.429705754,1.888962078,0.709123005,-1.778220818,1.113580482,0.219312254,-1.258859958,-1.454915861,-0.915994883,-0.258617206,-2.745385716,-0.408089753,1.95181666,0.350744003,-0.653312761,0.057728425,-2.429956045,0.095643868,4.572452956,-0.867772086,1.383299159,40.70366019,3.58978344,2.257757855,1.125741172,0.835700009,0.76100776,0.709609225,0.626002438,0.485491093,0.448306336,0.429627251,0.376956372,0.352638746,0.328856298,0.303935837,0.287692628,0.271312169,0.256099329,0.25176806,0.247248419,0.234859455,0.230680733,0.224785178,0.216647211,0.211827449,0.206455681,0.202719529,0.201109102,0.198895142,0.195418594,3.3502028,0.70406926
100_46,Conc,100,LL2112_NC_conc.csv,post_iqr,23.27915832,8.297901702,-3.574667052,1.183466062,-2.138594639,-6.594357115,-3.85518413,2.17412533,-1.585888491,-1.34335188,3.620534785,3.607781612,-1.32785512,-2.031603006,4.921195222,3.570811709,0.674105715,1.443903953,1.049042827,5.499230718,2.058140022,1.160737191,2.276351224,-0.645549686,3.173937964,1.315678062,-1.178007724,-2.33346567,-0.9296182,-0.991404583,40.70366019,3.58978344,2.257757855,1.125741172,0.835700009,0.76100776,0.709609225,0.626002438,0.485491093,0.448306336,0.429627251,0.376956372,0.352638746,0.328856298,0.303935837,0.287692628,0.271312169,0.256099329,0.25176806,0.247248419,0.234859455,0.230680733,0.224785178,0.216647211,0.211827449,0.206455681,0.202719529,0.201109102,0.198895142,0.195418594,2.9282658,-1.7764561
100_47,Conc,100,LL2112_NC_conc.csv,post_iqr,27.9638097,3.991569252,6.436603751,0.248691264,-2.112842587,1.104961433,-6.11760242,0.519036274,-0.387491243,0.301857434,2.214540871,-1.285413708,-1.354014524,-0.402964736,0.738967317,-0.522045164,-1.583482106,1.215093321,1.421743887,2.905367992,1.321521465,1.157172899,0.710693218,-0.109388327,0.320209194,-0.125233037,-2.649462453,0.400848191,0.794143671,2.162256813,40.70366019,3.58978344,2.257757855,1.125741172,0.835700009,0.76100776,0.709609225,0.626002438,0.485491093,0.448306336,0.429627251,0.376956372,0.352638746,0.328856298,0.303935837,0.287692628,0.271312169,0.256099329,0.25176806,0.247248419,0.234859455,0.230680733,0.224785178,0.216647211,0.211827449,0.206455681,0.202719529,0.201109102,0.198895142,0.195418594,3.609454,-0.6741221
100_48,Conc,100,LL2112_NC_conc.csv,post_iqr,19.96259483,10.78412206,4.976716838,7.135637835,-0.953923717,-1.032043455,-6.028716263,2.717192513,1.078815635,-4.906795771,9.92402369,5.607122445,2.064873356,-2.491392219,3.281005705,-0.625044426,0.498044983,2.079993,1.579162561,1.065000564,-4.139236876,1.33189095,-1.706185206,-0.3513481,0.318442248,-6.430609501,-1.555019183,-2.9105974,2.319299592,3.981086925,40.70366019,3.58978344,2.257757855,1.125741172,0.835700009,0.76100776,0.709609225,0.626002438,0.485491093,0.448306336,0.429627251,0.376956372,0.352638746,0.328856298,0.303935837,0.287692628,0.271312169,0.256099329,0.25176806,0.247248419,0.234859455,0.230680733,0.224785178,0.216647211,0.211827449,0.206455681,0.202719529,0.201109102,0.198895142,0.195418594,2.48566,-1.933399
100_49,Conc,100,LL2112_NC_conc.csv,post_iqr,23.83232662,7.251619983,4.517791752,4.310309233,-1.060117118,-1.176488055,-6.902123354,1.960450676,3.504629945,2.913682382,2.181196029,-1.376381935,-1.584231203,1.342696421,1.738308566,2.003599331,2.479356179,0.194115866,2.289270593,-2.318198631,1.240771016,1.584392811,1.997218134,-0.549889492,-0.120342084,-3.650273458,0.827321084,1.152670797,3.841727132,1.396245689,40.70366019,3.58978344,2.257757855,1.125741172,0.835700009,0.76100776,0.709609225,0.626002438,0.485491093,0.448306336,0.429627251,0.376956372,0.352638746,0.328856298,0.303935837,0.287692628,0.271312169,0.256099329,0.25176806,0.247248419,0.234859455,0.230680733,0.224785178,0.216647211,0.211827449,0.206455681,0.202719529,0.201109102,0.198895142,0.195418594,2.2171533,-1.5816472
100_50,Conc,100,LL2112_NC_conc.csv,post_iqr,31.89595185,-0.283878081,3.610562222,-6.725214007,-4.394385346,2.139274305,-5.866522609,1.577293896,0.510737029,0.711194856,0.673966997,-1.546928084,-1.186229552,1.62596295,1.793467965,-0.352178494,-1.531505282,0.073526484,-2.364728674,3.608657883,2.387295998,0.096858051,2.19764686,-0.70740597,2.482896955,1.064131159,-3.314530108,0.301069919,1.500151899,2.730654268,40.70366019,3.58978344,2.257757855,1.125741172,0.835700009,0.76100776,0.709609225,0.626002438,0.485491093,0.448306336,0.429627251,0.376956372,0.352638746,0.328856298,0.303935837,0.287692628,0.271312169,0.256099329,0.25176806,0.247248419,0.234859455,0.230680733,0.224785178,0.216647211,0.211827449,0.206455681,0.202719529,0.201109102,0.198895142,0.195418594,3.468239,0.51467043
100_51,Conc,100,LL2112_NC_conc.csv,post_iqr,-69.31861916,1.727483251,-3.043178486,0.436904813,-5.138800663,12.41933325,-6.040303634,2.444350512,-1.240891249,9.642686753,1.928248808,1.340326133,1.396979586,2.80143572,-7.04577065,-2.87238596,-1.150054434,-6.072652581,0.150222303,0.009941417,-0.225169383,2.30835543,-7.350608558,2.613140864,5.218704184,-9.175615657,-3.202565489,-4.204875164,-1.758893751,-5.781857386,40.70366019,3.58978344,2.257757855,1.125741172,0.835700009,0.76100776,0.709609225,0.626002438,0.485491093,0.448306336,0.429627251,0.376956372,0.352638746,0.328856298,0.303935837,0.287692628,0.271312169,0.256099329,0.25176806,0.247248419,0.234859455,0.230680733,0.224785178,0.216647211,0.211827449,0.206455681,0.202719529,0.201109102,0.198895142,0.195418594,11.755411,4.561801
100_52,Conc,100,LL2112_NC_conc.csv,post_iqr,-62.64912427,-3.909389646,15.13299665,-13.27324838,-5.583671053,5.352011076,3.387610345,4.771121274,-2.013031248,1.624472336,7.263981354,2.429456038,-7.642017211,2.531945688,0.850284184,-1.104041887,-0.322102599,4.173123098,7.756709041,0.868503462,-0.10339534,4.849648467,-7.683785127,-3.015844335,-3.408842705,0.184912646,-0.766492284,-5.748961928,3.106899764,-7.603845812,40.70366019,3.58978344,2.257757855,1.125741172,0.835700009,0.76100776,0.709609225,0.626002438,0.485491093,0.448306336,0.429627251,0.376956372,0.352638746,0.328856298,0.303935837,0.287692628,0.271312169,0.256099329,0.25176806,0.247248419,0.234859455,0.230680733,0.224785178,0.216647211,0.211827449,0.206455681,0.202719529,0.201109102,0.198895142,0.195418594,11.446108,4.6499243
100_53,Conc,100,LL2112_NC_conc.csv,post_iqr,25.00860641,8.92754117,2.286539353,-1.292934416,-2.253710519,1.666449786,-5.862075803,1.047940377,2.588749055,1.471399507,0.342007423,-0.71506641,-1.331380347,1.182566185,0.782346887,2.583973199,-0.507284114,-2.070228359,2.15362625,-1.916951942,-1.081063884,-1.071423939,0.685391274,-0.168886016,-0.126100489,2.118266154,-2.642071624,0.231954618,1.505644641,2.596073273,40.70366019,3.58978344,2.257757855,1.125741172,0.835700009,0.76100776,0.709609225,0.626002438,0.485491093,0.448306336,0.429627251,0.376956372,0.352638746,0.328856298,0.303935837,0.287692628,0.271312169,0.256099329,0.25176806,0.247248419,0.234859455,0.230680733,0.224785178,0.216647211,0.211827449,0.206455681,0.202719529,0.201109102,0.198895142,0.195418594,3.0761874,-0.8134587
100_54,Conc,100,LL2112_NC_conc.csv,post_iqr,-22.45747587,-7.559220217,20.80156347,-5.554052967,11.35766408,-9.43170289,-0.628602893,13.79115073,4.023230038,2.920083286,3.24876131,-0.026725178,-5.805541208,-2.460236142,-3.116976308,5.126514087,-0.255234603,-6.452751068,1.816614394,0.63374183,-0.756650384,0.153915219,-3.207950157,2.514775911,1.9971013,-2.028028842,3.468816244,1.133493246,2.172218998,1.158309704,40.70366019,3.58978344,2.257757855,1.125741172,0.835700009,0.76100776,0.709609225,0.626002438,0.485491093,0.448306336,0.429627251,0.376956372,0.352638746,0.328856298,0.303935837,0.287692628,0.271312169,0.256099329,0.25176806,0.247248419,0.234859455,0.230680733,0.224785178,0.216647211,0.211827449,0.206455681,0.202719529,0.201109102,0.198895142,0.195418594,10.053004,4.3140206
100_55,Conc,100,LL2112_NC_conc.csv,post_iqr,26.76142283,7.97574217,5.879650359,0.545216323,2.719138459,1.694020962,-8.268282129,2.041851539,2.38141967,4.104609619,1.796694354,-1.05237971,-0.66922582,0.492048217,-2.657390721,-0.873118351,-2.011494758,-0.042061485,-3.626612276,0.274472318,-3.844136746,3.203471526,-3.073650128,-1.434111771,1.174101893,-1.802007177,0.000147477,-0.323818145,1.199639212,4.402333979,40.70366019,3.58978344,2.257757855,1.125741172,0.835700009,0.76100776,0.709609225,0.626002438,0.485491093,0.448306336,0.429627251,0.376956372,0.352638746,0.328856298,0.303935837,0.287692628,0.271312169,0.256099329,0.25176806,0.247248419,0.234859455,0.230680733,0.224785178,0.216647211,0.211827449,0.206455681,0.202719529,0.201109102,0.198895142,0.195418594,3.7124321,-0.8270244
100_56,Conc,100,LL2112_NC_conc.csv,post_iqr,-84.78161482,1.430950706,4.316566282,12.34742809,-9.035182642,1.808526549,-3.938554291,0.902595262,6.66938706,0.496666613,-3.643394626,-1.798263165,-0.099765853,-2.2444269,3.431041724,-0.561609622,1.216273836,3.346259416,0.051696532,5.183461394,3.055277986,4.91463838,-3.252127199,7.758752586,-2.395839115,-4.768003622,-0.624126759,0.648114961,-5.267816857,-1.756269071,40.70366019,3.58978344,2.257757855,1.125741172,0.835700009,0.76100776,0.709609225,0.626002438,0.485491093,0.448306336,0.429627251,0.376956372,0.352638746,0.328856298,0.303935837,0.287692628,0.271312169,0.256099329,0.25176806,0.247248419,0.234859455,0.230680733,0.224785178,0.216647211,0.211827449,0.206455681,0.202719529,0.201109102,0.198895142,0.195418594,12.01523,5.811235
100_57,Conc,100,LL2112_NC_conc.csv,post_iqr,-61.89546056,3.040891137,13.20245502,0.284864184,-2.036831328,10.35651947,-1.928051108,7.287756329,-9.554633774,3.482181524,11.88666868,-1.920663944,-6.431999802,1.548076363,-3.466678496,1.577364375,3.852594275,0.509585,1.682752081,4.841641267,-3.040625428,-1.074555051,-2.11440416,1.659943528,-0.657848711,-6.854439586,5.00163625,-5.931552102,0.598749537,4.436255439,40.70366019,3.58978344,2.257757855,1.125741172,0.835700009,0.76100776,0.709609225,0.626002438,0.485491093,0.448306336,0.429627251,0.376956372,0.352638746,0.328856298,0.303935837,0.287692628,0.271312169,0.256099329,0.25176806,0.247248419,0.234859455,0.230680733,0.224785178,0.216647211,0.211827449,0.206455681,0.202719529,0.201109102,0.198895142,0.195418594,11.183914,4.411378
100_58,Conc,100,LL2112_NC_conc.csv,post_iqr,28.23544775,-6.441656187,3.914190892,-10.02413023,-7.823971992,1.760040059,-1.790099157,-0.865934045,3.934223072,-0.632600414,0.387711337,-1.254802625,1.22253076,-0.668465244,1.990198172,-2.095798689,0.486147792,0.449603409,0.671388404,0.047642517,0.537903389,-0.872410643,-0.404674236,-1.83544346,2.885518686,-1.885258239,1.158220514,-2.346134053,3.317676451,2.538067921,40.70366019,3.58978344,2.257757855,1.125741172,0.835700009,0.76100776,0.709609225,0.626002438,0.485491093,0.448306336,0.429627251,0.376956372,0.352638746,0.328856298,0.303935837,0.287692628,0.271312169,0.256099329,0.25176806,0.247248419,0.234859455,0.230680733,0.224785178,0.216647211,0.211827449,0.206455681,0.202719529,0.201109102,0.198895142,0.195418594,3.3875093,1.0952578
100_59,Conc,100,LL2112_NC_conc.csv,post_iqr,26.91434018,2.974261712,3.965856589,-5.670800257,-5.951121234,-1.49992238,-2.770245234,-0.281221277,-0.003330083,-1.860173981,5.991703569,0.28745392,1.631726947,-1.343961793,0.796957304,-2.293311889,1.622345949,1.165247303,-0.660222094,2.249174865,-1.472334726,1.277168445,0.09050447,-1.308008589,1.848599081,-1.076809415,-0.442143934,0.3871688,0.449061372,-0.629481981,40.70366019,3.58978344,2.257757855,1.125741172,0.835700009,0.76100776,0.709609225,0.626002438,0.485491093,0.448306336,0.429627251,0.376956372,0.352638746,0.328856298,0.303935837,0.287692628,0.271312169,0.256099329,0.25176806,0.247248419,0.234859455,0.230680733,0.224785178,0.216647211,0.211827449,0.206455681,0.202719529,0.201109102,0.198895142,0.195418594,3.3391566,0.56257105
100_61,Conc,100,LL2112_NC_conc.csv,post_iqr,-61.89954509,-6.607295246,7.52431346,-9.572133677,-5.438142824,6.805747503,-4.853543003,-0.792479821,-11.82854797,0.681328428,6.35407208,2.769013933,0.161205174,-8.998361095,-3.783496953,4.6767839,9.274195245,2.336613262,0.341579691,-1.547752254,-4.020404233,1.596875108,0.249174127,8.284023283,1.028522907,-0.172373094,2.23768606,-5.293165409,-4.693246435,4.206433072,40.70366019,3.58978344,2.257757855,1.125741172,0.835700009,0.76100776,0.709609225,0.626002438,0.485491093,0.448306336,0.429627251,0.376956372,0.352638746,0.328856298,0.303935837,0.287692628,0.271312169,0.256099329,0.25176806,0.247248419,0.234859455,0.230680733,0.224785178,0.216647211,0.211827449,0.206455681,0.202719529,0.201109102,0.198895142,0.195418594,11.62426,4.5461445
100_62,Conc,100,LL2112_NC_conc.csv,post_iqr,28.67766685,5.407255297,4.931537396,-1.024534024,-0.865263478,3.121754782,-7.213431435,2.708775993,0.811974372,3.372251965,0.27517385,-2.797264208,1.597145829,1.523149682,-2.956578536,1.794464756,0.695755317,-0.778188797,-1.568414513,0.044162465,1.115737096,1.951234663,-0.472866026,1.378195226,-1.085500156,-0.290827842,1.533091717,-0.348361755,2.244284618,-1.998598348,40.70366019,3.58978344,2.257757855,1.125741172,0.835700009,0.76100776,0.709609225,0.626002438,0.485491093,0.448306336,0.429627251,0.376956372,0.352638746,0.328856298,0.303935837,0.287692628,0.271312169,0.256099329,0.25176806,0.247248419,0.234859455,0.230680733,0.224785178,0.216647211,0.211827449,0.206455681,0.202719529,0.201109102,0.198895142,0.195418594,3.5918267,-0.336731
100_63,Conc,100,LL2112_NC_conc.csv,post_iqr,22.62576941,10.11988845,-0.00985718,0.869305639,-0.202252528,-4.173668131,-5.470279764,1.621575401,0.902235866,1.908723945,0.495401532,2.50464714,-2.005498213,1.034074301,2.528209956,4.045411274,1.537817187,-0.620939569,1.40888636,2.00066015,0.752629569,2.716751623,2.367095909,0.83010748,-1.833860792,-0.555784539,6.122590718,0.787893217,-0.504246838,1.944452778,40.70366019,3.58978344,2.257757855,1.125741172,0.835700009,0.76100776,0.709609225,0.626002438,0.485491093,0.448306336,0.429627251,0.376956372,0.352638746,0.328856298,0.303935837,0.287692628,0.271312169,0.256099329,0.25176806,0.247248419,0.234859455,0.230680733,0.224785178,0.216647211,0.211827449,0.206455681,0.202719529,0.201109102,0.198895142,0.195418594,2.5387597,-1.6611432
100_64,Conc,100,LL2112_NC_conc.csv,post_iqr,27.30463155,3.427909244,7.492279442,-2.151029122,-4.185464846,2.355362229,-4.72382166,2.41785806,1.690216718,2.851160051,0.392969357,-0.568618212,-1.928886274,0.426432567,2.139253286,2.622383301,0.211749023,3.069894484,1.902866473,3.747230582,3.341149259,0.168940962,0.286077479,-1.126603479,-1.900137363,-2.006785569,-2.641265667,-0.611309771,-0.452277463,1.817833972,40.70366019,3.58978344,2.257757855,1.125741172,0.835700009,0.76100776,0.709609225,0.626002438,0.485491093,0.448306336,0.429627251,0.376956372,0.352638746,0.328856298,0.303935837,0.287692628,0.271312169,0.256099329,0.25176806,0.247248419,0.234859455,0.230680733,0.224785178,0.216647211,0.211827449,0.206455681,0.202719529,0.201109102,0.198895142,0.195418594,3.5975885,-0.39972776
100_65,Conc,100,LL2112_NC_conc.csv,post_iqr,28.70852511,6.225114226,12.46595544,5.306548644,-5.689263749,-0.834224114,-4.85806079,0.818977553,1.328956941,-3.525925126,5.279080137,-0.156857589,-0.415670256,0.989302552,0.815351976,0.57802326,-0.242970139,2.441666353,3.210395958,1.172759356,0.91047781,-1.050599328,1.595510851,-0.226588453,0.653476045,-2.581990732,-0.934029358,-0.398223145,0.745892894,1.430266897,40.70366019,3.58978344,2.257757855,1.125741172,0.835700009,0.76100776,0.709609225,0.626002438,0.485491093,0.448306336,0.429627251,0.376956372,0.352638746,0.328856298,0.303935837,0.287692628,0.271312169,0.256099329,0.25176806,0.247248419,0.234859455,0.230680733,0.224785178,0.216647211,0.211827449,0.206455681,0.202719529,0.201109102,0.198895142,0.195418594,2.1749046,-2.0263357
100_66,Conc,100,LL2112_NC_conc.csv,post_iqr,30.70338458,3.875629504,1.969158828,-11.94875853,-6.051921441,1.77776362,-4.296884561,-0.682773689,-0.571470336,-0.33770163,3.295963254,1.956496745,0.536911673,-0.965839274,1.397051192,-0.030976466,-2.890938361,-0.265733595,-2.113672273,5.182402,2.246578655,-3.608606547,-2.858815221,-1.263897181,-0.40516709,0.868669195,-3.071297071,-2.860725547,1.279205563,-0.069945588,40.70366019,3.58978344,2.257757855,1.125741172,0.835700009,0.76100776,0.709609225,0.626002438,0.485491093,0.448306336,0.429627251,0.376956372,0.352638746,0.328856298,0.303935837,0.287692628,0.271312169,0.256099329,0.25176806,0.247248419,0.234859455,0.230680733,0.224785178,0.216647211,0.211827449,0.206455681,0.202719529,0.201109102,0.198895142,0.195418594,3.6503236,0.5798206
100_67,Conc,100,LL2112_NC_conc.csv,post_iqr,29.72651907,-1.277654241,0.78093598,-8.932692748,-8.234937147,9.196424511,-3.715975674,2.163099776,-0.175720019,-1.081550381,3.317930649,-7.37846186,6.90426214,0.067649795,0.346660123,-0.633380053,2.155696952,0.920487138,-2.657185071,3.33792567,4.644238117,0.940131772,-0.050288158,-0.158444247,0.931858219,0.358649703,0.786832876,-0.602983363,2.261607132,-2.16828885,40.70366019,3.58978344,2.257757855,1.125741172,0.835700009,0.76100776,0.709609225,0.626002438,0.485491093,0.448306336,0.429627251,0.376956372,0.352638746,0.328856298,0.303935837,0.287692628,0.271312169,0.256099329,0.25176806,0.247248419,0.234859455,0.230680733,0.224785178,0.216647211,0.211827449,0.206455681,0.202719529,0.201109102,0.198895142,0.195418594,3.3100786,1.125048
100_68,Conc,100,LL2112_NC_conc.csv,post_iqr,25.67927457,0.705993516,2.822969048,-7.476797104,-5.198342979,-0.699622111,-2.785553148,1.599594054,1.154558503,1.074641159,2.219876802,2.273905194,-0.081827196,1.500353792,6.748267122,-0.28906627,1.840751995,-1.641620963,1.505936822,1.187426304,3.952576336,0.057152227,4.324436754,-3.831045929,-1.034004899,-2.105045014,2.695489437,-1.064136338,1.584349679,2.672455101,40.70366019,3.58978344,2.257757855,1.125741172,0.835700009,0.76100776,0.709609225,0.626002438,0.485491093,0.448306336,0.429627251,0.376956372,0.352638746,0.328856298,0.303935837,0.287692628,0.271312169,0.256099329,0.25176806,0.247248419,0.234859455,0.230680733,0.224785178,0.216647211,0.211827449,0.206455681,0.202719529,0.201109102,0.198895142,0.195418594,3.152612,0.51342815
100_139,Conc,100,LL2112_NC_conc.csv,post_iqr,27.77637105,6.372694106,2.428817168,1.019952038,4.080236049,-0.067647131,0.598633696,-2.653769239,3.102482488,0.997134108,0.137523892,-1.566493713,-3.832189333,0.0521932,1.63478316,1.027832497,0.176106369,2.835914324,-1.248193551,0.981104968,-3.070538074,1.788325058,-1.929243023,-0.466479271,1.158362412,-1.425138423,-2.554911603,4.609286802,0.733217641,1.658529753,40.70366019,3.58978344,2.257757855,1.125741172,0.835700009,0.76100776,0.709609225,0.626002438,0.485491093,0.448306336,0.429627251,0.376956372,0.352638746,0.328856298,0.303935837,0.287692628,0.271312169,0.256099329,0.25176806,0.247248419,0.234859455,0.230680733,0.224785178,0.216647211,0.211827449,0.206455681,0.202719529,0.201109102,0.198895142,0.195418594,3.0596094,-1.0077136
100_140,Conc,100,LL2112_NC_conc.csv,post_iqr,-44.16890957,-8.544624986,19.27640727,-15.3335156,8.772974264,8.037627612,3.874797809,3.445410549,-3.652081321,-3.232334436,8.381034567,-5.363497417,1.646048589,-7.375871452,-1.91779648,9.470748511,7.139563758,0.374901565,-0.547474614,-4.664489522,-0.254997322,-1.223722152,3.020928713,-1.337390638,6.755147346,4.756132004,1.447911584,-1.536170119,-3.295661002,1.510618249,40.70366019,3.58978344,2.257757855,1.125741172,0.835700009,0.76100776,0.709609225,0.626002438,0.485491093,0.448306336,0.429627251,0.376956372,0.352638746,0.328856298,0.303935837,0.287692628,0.271312169,0.256099329,0.25176806,0.247248419,0.234859455,0.230680733,0.224785178,0.216647211,0.211827449,0.206455681,0.202719529,0.201109102,0.198895142,0.195418594,10.558337,4.5033393
100_141,Conc,100,LL2112_NC_conc.csv,post_iqr,-84.7937306,-5.07042195,4.154520696,0.759424873,5.207079803,2.642860819,-4.518107591,-7.914582092,-0.855525388,0.616438827,-7.901394069,0.289762143,3.474294152,-6.313256752,-1.939793589,-1.018408552,-2.301874452,1.502450301,4.738414285,0.480039667,0.616126934,-0.501043504,-4.815509639,-8.474642806,3.403999836,2.502233946,7.054086334,-3.181707387,13.33267746,-1.242974376,40.70366019,3.58978344,2.257757855,1.125741172,0.835700009,0.76100776,0.709609225,0.626002438,0.485491093,0.448306336,0.429627251,0.376956372,0.352638746,0.328856298,0.303935837,0.287692628,0.271312169,0.256099329,0.25176806,0.247248419,0.234859455,0.230680733,0.224785178,0.216647211,0.211827449,0.206455681,0.202719529,0.201109102,0.198895142,0.195418594,11.831416,5.774827
100_142,Conc,100,LL2112_NC_conc.csv,post_iqr,26.07391346,10.66900044,3.897459623,1.434165476,1.663629227,-0.71868009,1.414679778,-2.059087531,-0.104436378,0.322299668,0.387855577,0.724073876,-2.50287108,1.054669027,0.804045853,1.723388228,0.422027603,3.623215109,2.127324957,-1.671749628,-0.55735839,-2.276262671,-1.875769681,-0.837762455,-1.784121013,-0.014418512,2.986619495,1.785993728,1.927661979,-2.265222963,40.70366019,3.58978344,2.257757855,1.125741172,0.835700009,0.76100776,0.709609225,0.626002438,0.485491093,0.448306336,0.429627251,0.376956372,0.352638746,0.328856298,0.303935837,0.287692628,0.271312169,0.256099329,0.25176806,0.247248419,0.234859455,0.230680733,0.224785178,0.216647211,0.211827449,0.206455681,0.202719529,0.201109102,0.198895142,0.195418594,2.3078468,-0.9094485
100_143,Conc,100,LL2112_NC_conc.csv,post_iqr,-61.9375703,-3.632300423,14.34842902,-12.6657924,9.593378923,2.718612301,4.739054138,5.758767079,-3.316036357,-8.596329779,10.0043536,-3.44312427,-1.553583072,4.008347357,4.351977016,-2.236127392,-5.06271663,-11.42957667,-0.072542443,-0.383126203,2.962018299,1.115400213,-2.345318423,1.209144621,0.863080334,1.560174974,-2.886909216,7.340029987,9.685065234,-2.525325404,40.70366019,3.58978344,2.257757855,1.125741172,0.835700009,0.76100776,0.709609225,0.626002438,0.485491093,0.448306336,0.429627251,0.376956372,0.352638746,0.328856298,0.303935837,0.287692628,0.271312169,0.256099329,0.25176806,0.247248419,0.234859455,0.230680733,0.224785178,0.216647211,0.211827449,0.206455681,0.202719529,0.201109102,0.198895142,0.195418594,10.454258,4.730537
100_144,Conc,100,LL2112_NC_conc.csv,post_iqr,-86.97358307,-9.566766805,2.567052316,-2.486126418,1.181968876,-3.376935149,-7.239426905,-13.18312565,6.602620374,-2.943814043,-5.034856628,-2.964317581,-1.070819746,-7.224699162,0.895683193,4.362385555,2.357878866,-2.680772384,8.643695542,1.98128967,-1.801532782,-2.044305558,-1.096830106,-1.909018397,-1.711223739,-7.607262223,0.995446498,0.555715378,7.02440863,2.477706533,40.70366019,3.58978344,2.257757855,1.125741172,0.835700009,0.76100776,0.709609225,0.626002438,0.485491093,0.448306336,0.429627251,0.376956372,0.352638746,0.328856298,0.303935837,0.287692628,0.271312169,0.256099329,0.25176806,0.247248419,0.234859455,0.230680733,0.224785178,0.216647211,0.211827449,0.206455681,0.202719529,0.201109102,0.198895142,0.195418594,11.308146,6.1994147
100_145,Conc,100,LL2112_NC_conc.csv,post_iqr,29.89662183,1.898301757,8.195524515,3.274611551,3.905899406,6.036579549,-2.550982911,-1.586081483,2.765330903,1.151566114,0.115164245,-1.891079476,-1.573998203,-1.768028844,2.418428117,0.095343153,-1.473466402,0.296474548,1.312751095,-0.058616265,0.766228763,-1.519970017,0.220135173,-1.278568025,0.263649952,0.168277428,-0.257095403,0.876376294,-0.750188044,-1.430496862,40.70366019,3.58978344,2.257757855,1.125741172,0.835700009,0.76100776,0.709609225,0.626002438,0.485491093,0.448306336,0.429627251,0.376956372,0.352638746,0.328856298,0.303935837,0.287692628,0.271312169,0.256099329,0.25176806,0.247248419,0.234859455,0.230680733,0.224785178,0.216647211,0.211827449,0.206455681,0.202719529,0.201109102,0.198895142,0.195418594,3.3119316,-0.782109
100_146,Conc,100,LL2112_NC_conc.csv,post_iqr,27.92692703,8.03222189,8.712786827,8.006027902,0.796590551,3.830173996,0.186340875,-2.754315545,1.563538014,-3.09023196,1.054329123,-3.167188214,-1.954523222,-1.568752082,1.962999699,3.402923352,-0.564651306,0.724731171,-0.14122889,2.276001045,4.39903046,0.093565795,-0.858236732,0.415778957,-0.33101619,0.699834551,-1.603143503,0.8695786,0.15755919,-0.037137813,40.70366019,3.58978344,2.257757855,1.125741172,0.835700009,0.76100776,0.709609225,0.626002438,0.485491093,0.448306336,0.429627251,0.376956372,0.352638746,0.328856298,0.303935837,0.287692628,0.271312169,0.256099329,0.25176806,0.247248419,0.234859455,0.230680733,0.224785178,0.216647211,0.211827449,0.206455681,0.202719529,0.201109102,0.198895142,0.195418594,2.0091867,-1.375261
100_147,Conc,100,LL2112_NC_conc.csv,post_iqr,29.30310631,2.47682403,3.63381895,-1.266286459,-0.392278734,-2.533810981,-1.870463793,-1.313653073,-1.0654224,-0.423756228,-5.156811658,-2.406448913,-6.222609475,1.797496849,0.597247363,3.2318101,-0.778102672,-0.599877853,2.083299939,-0.332755766,2.247258632,-0.342947379,2.943197429,1.972272964,0.230709551,-0.327088875,0.426037152,1.199254652,2.677561011,-1.031333511,40.70366019,3.58978344,2.257757855,1.125741172,0.835700009,0.76100776,0.709609225,0.626002438,0.485491093,0.448306336,0.429627251,0.376956372,0.352638746,0.328856298,0.303935837,0.287692628,0.271312169,0.256099329,0.25176806,0.247248419,0.234859455,0.230680733,0.224785178,0.216647211,0.211827449,0.206455681,0.202719529,0.201109102,0.198895142,0.195418594,3.1865966,-0.46768367
100_148,Conc,100,LL2112_NC_conc.csv,post_iqr,30.81143426,9.216452168,4.068201218,-2.739863341,-4.867070273,-2.236329419,3.578517144,-4.557738149,2.54533277,0.770705964,2.928416177,-3.844076732,-3.056637293,0.002851047,3.268051424,-1.688410445,-1.749282868,2.580534796,-3.879978249,0.271786787,-1.788971109,0.8437901,-1.728956458,-2.577376513,1.212588856,0.64071663,-2.249949654,-0.001185514,1.775684544,-1.475635654,40.70366019,3.58978344,2.257757855,1.125741172,0.835700009,0.76100776,0.709609225,0.626002438,0.485491093,0.448306336,0.429627251,0.376956372,0.352638746,0.328856298,0.303935837,0.287692628,0.271312169,0.256099329,0.25176806,0.247248419,0.234859455,0.230680733,0.224785178,0.216647211,0.211827449,0.206455681,0.202719529,0.201109102,0.198895142,0.195418594,2.2395742,-0.55143386
100_149,Conc,100,LL2112_NC_conc.csv,post_iqr,28.3671656,11.45461885,7.91104754,10.339602,4.992272909,2.580694282,-3.731415448,0.412058239,-0.20634308,-4.048227303,5.321143289,-0.441601025,-1.301845538,1.783040893,-1.397210385,-1.239325451,-1.6740844,-1.559269489,2.165475851,-0.668854251,1.225297128,0.9245179,1.320185162,-2.019075092,0.900373954,1.716295034,-1.820483769,0.313565713,-2.051034766,1.620560256,40.70366019,3.58978344,2.257757855,1.125741172,0.835700009,0.76100776,0.709609225,0.626002438,0.485491093,0.448306336,0.429627251,0.376956372,0.352638746,0.328856298,0.303935837,0.287692628,0.271312169,0.256099329,0.25176806,0.247248419,0.234859455,0.230680733,0.224785178,0.216647211,0.211827449,0.206455681,0.202719529,0.201109102,0.198895142,0.195418594,2.543023,-2.0583117
100_150,Conc,100,LL2112_NC_conc.csv,post_iqr,33.09746444,1.174353937,5.065080414,-9.540528783,-2.942295132,1.59359812,-1.303498787,-3.836043603,1.186177881,-2.322815318,2.652174898,-2.761039345,-1.194613525,1.081983135,0.451348131,-3.678499146,-1.671973343,2.853572558,-1.182634649,1.214946923,-1.564061397,-1.374495877,0.37492859,0.968214888,0.054777544,-1.91552712,-2.243782518,-0.208057509,1.55197601,2.753615919,40.70366019,3.58978344,2.257757855,1.125741172,0.835700009,0.76100776,0.709609225,0.626002438,0.485491093,0.448306336,0.429627251,0.376956372,0.352638746,0.328856298,0.303935837,0.287692628,0.271312169,0.256099329,0.25176806,0.247248419,0.234859455,0.230680733,0.224785178,0.216647211,0.211827449,0.206455681,0.202719529,0.201109102,0.198895142,0.195418594,2.9455216,0.66911685
100_151,Conc,100,LL2112_NC_conc.csv,post_iqr,-54.66672749,-17.23290817,22.28965962,-6.58445995,11.96742701,-16.06640514,2.561179588,11.73216534,8.671346582,-0.213239092,0.216105132,-10.47439575,-0.922002751,3.055612729,2.997895517,7.255042812,0.148061892,1.07250512,0.810172345,5.666682834,-0.704946526,-0.001239807,-1.082555113,0.688069755,-3.564105594,-1.360107677,3.91149345,3.049372593,-0.609197358,0.975329274,40.70366019,3.58978344,2.257757855,1.125741172,0.835700009,0.76100776,0.709609225,0.626002438,0.485491093,0.448306336,0.429627251,0.376956372,0.352638746,0.328856298,0.303935837,0.287692628,0.271312169,0.256099329,0.25176806,0.247248419,0.234859455,0.230680733,0.224785178,0.216647211,0.211827449,0.206455681,0.202719529,0.201109102,0.198895142,0.195418594,10.426548,5.245545
100_152,Conc,100,LL2112_NC_conc.csv,post_iqr,30.06333428,9.326629697,7.528654566,3.171578604,3.808727142,5.184146943,-3.599541223,-1.541920101,1.850252928,1.897698503,1.930265513,-0.88969718,1.781212245,-1.650944632,-0.962653981,-1.82423625,0.062841216,2.549555044,-2.375686931,-0.666647404,-0.339837181,1.22051678,-2.289185677,-0.237317869,2.710107018,0.006655726,-0.600893231,2.706454067,-0.709243287,-1.543481532,40.70366019,3.58978344,2.257757855,1.125741172,0.835700009,0.76100776,0.709609225,0.626002438,0.485491093,0.448306336,0.429627251,0.376956372,0.352638746,0.328856298,0.303935837,0.287692628,0.271312169,0.256099329,0.25176806,0.247248419,0.234859455,0.230680733,0.224785178,0.216647211,0.211827449,0.206455681,0.202719529,0.201109102,0.198895142,0.195418594,2.515636,-1.3517507
100_153,Conc,100,LL2112_NC_conc.csv,post_iqr,26.22337608,16.52738933,2.489254601,9.919411944,3.25347905,-0.268993838,-1.450020023,-2.653153516,-0.678860161,-7.709229579,9.452501989,1.426085531,-1.493877537,-0.168957708,-4.24380591,-3.568972184,2.491607504,-4.325000476,0.365227931,-2.560315362,-0.130283239,-1.872226404,-0.143103428,-2.753903133,-1.656657311,-1.48202302,-0.522072771,2.666039554,2.463190425,-0.620287142,40.70366019,3.58978344,2.257757855,1.125741172,0.835700009,0.76100776,0.709609225,0.626002438,0.485491093,0.448306336,0.429627251,0.376956372,0.352638746,0.328856298,0.303935837,0.287692628,0.271312169,0.256099329,0.25176806,0.247248419,0.234859455,0.230680733,0.224785178,0.216647211,0.211827449,0.206455681,0.202719529,0.201109102,0.198895142,0.195418594,2.303061,-1.8737133
100_154,Conc,100,LL2112_NC_conc.csv,post_iqr,30.91619345,0.98020229,2.300289551,-4.406040026,5.927185275,8.0906389,-0.289601005,-2.331028192,3.161998747,1.177787948,-1.128911737,-3.909296003,-1.123921613,-0.05546177,0.628301256,-1.082956177,-1.882093906,-1.08412666,-0.291882763,-0.125951085,0.368033409,-2.036384061,-1.775772704,0.162336043,0.262465823,1.800157396,-0.654924963,0.128363085,-0.352901112,-1.950235695,40.70366019,3.58978344,2.257757855,1.125741172,0.835700009,0.76100776,0.709609225,0.626002438,0.485491093,0.448306336,0.429627251,0.376956372,0.352638746,0.328856298,0.303935837,0.287692628,0.271312169,0.256099329,0.25176806,0.247248419,0.234859455,0.230680733,0.224785178,0.216647211,0.211827449,0.206455681,0.202719529,0.201109102,0.198895142,0.195418594,3.1492608,0.33989885
100_155,Conc,100,LL2112_NC_conc.csv,post_iqr,31.89774308,-8.871048484,5.626834341,-12.24810045,-1.888950652,7.649005047,-1.9344892,-3.035160829,3.822736998,3.738583759,-0.444284585,-5.174746421,1.114687617,0.158127964,-2.5071053,-5.419631697,1.075052967,2.422632302,-1.856019322,-0.397423812,-1.125611773,-1.010531815,3.218128927,-2.792521976,3.567865539,-2.323520396,-0.009466263,1.967377113,0.011870063,1.330103038,40.70366019,3.58978344,2.257757855,1.125741172,0.835700009,0.76100776,0.709609225,0.626002438,0.485491093,0.448306336,0.429627251,0.376956372,0.352638746,0.328856298,0.303935837,0.287692628,0.271312169,0.256099329,0.25176806,0.247248419,0.234859455,0.230680733,0.224785178,0.216647211,0.211827449,0.206455681,0.202719529,0.201109102,0.198895142,0.195418594,3.2069125,1.1602138
100_157,Conc,100,LL2112_NC_conc.csv,post_iqr,29.40251725,4.084510593,6.262478525,-5.073855324,-0.142768736,6.837562353,4.036388558,-4.305686955,3.515683684,1.573941804,-1.089479239,-4.168402211,1.060598904,-0.851191699,-1.372089465,-3.380184726,1.164170563,0.854356823,-2.664645865,-0.509618116,-2.32255815,-0.577204485,0.338044391,-0.483415862,0.784798692,-1.033473394,-2.210859762,1.93342915,1.186250349,0.160504106,40.70366019,3.58978344,2.257757855,1.125741172,0.835700009,0.76100776,0.709609225,0.626002438,0.485491093,0.448306336,0.429627251,0.376956372,0.352638746,0.328856298,0.303935837,0.287692628,0.271312169,0.256099329,0.25176806,0.247248419,0.234859455,0.230680733,0.224785178,0.216647211,0.211827449,0.206455681,0.202719529,0.201109102,0.198895142,0.195418594,1.985399,0.008575738
100_158,Conc,100,LL2112_NC_conc.csv,post_iqr,26.76346762,11.06487701,7.682287003,6.333547434,5.366700796,4.013524288,-5.623458876,1.463324728,1.971696346,0.155971325,2.58900973,-2.711708613,-0.885476229,-2.105780023,-8.54226266,-1.152426616,2.581500967,-1.264552804,-2.460173695,-2.127351499,-4.660286606,1.322213608,-3.148985178,-1.751099995,2.473051703,-0.135174736,-1.344102228,-0.327339521,-0.227616562,1.887847923,40.70366019,3.58978344,2.257757855,1.125741172,0.835700009,0.76100776,0.709609225,0.626002438,0.485491093,0.448306336,0.429627251,0.376956372,0.352638746,0.328856298,0.303935837,0.287692628,0.271312169,0.256099329,0.25176806,0.247248419,0.234859455,0.230680733,0.224785178,0.216647211,0.211827449,0.206455681,0.202719529,0.201109102,0.198895142,0.195418594,2.7072964,-1.7150835
100_159,Conc,100,LL2112_NC_conc.csv,post_iqr,27.11427477,10.59718237,3.535481901,3.862691204,10.90533299,3.789018476,0.534037312,-3.832311784,3.108092751,3.531897693,-0.749866297,-3.924450538,-3.381224591,2.747327875,-1.19347468,1.183538185,-1.920933219,1.236794548,-1.236399783,0.049891316,-4.809156973,1.883025652,-4.115901992,-1.703646181,1.266909417,1.141028151,-1.729014347,-0.52611129,0.32550516,0.755391805,40.70366019,3.58978344,2.257757855,1.125741172,0.835700009,0.76100776,0.709609225,0.626002438,0.485491093,0.448306336,0.429627251,0.376956372,0.352638746,0.328856298,0.303935837,0.287692628,0.271312169,0.256099329,0.25176806,0.247248419,0.234859455,0.230680733,0.224785178,0.216647211,0.211827449,0.206455681,0.202719529,0.201109102,0.198895142,0.195418594,2.5198312,-1.6490698
100_160,Conc,100,LL2112_NC_conc.csv,post_iqr,27.00652842,5.806322379,9.239984933,8.383936212,2.508356022,3.240028749,-0.160776185,-2.546137063,3.972230983,-3.951655951,2.096322179,-1.240096066,-1.759801446,2.222546358,-1.491278066,-0.693361225,-1.682040988,-2.877555821,3.458124743,-0.873765025,1.082698827,-0.891944594,0.574467904,0.179917868,1.382436345,0.047913372,-0.410804258,1.167699191,0.337973911,2.324743102,40.70366019,3.58978344,2.257757855,1.125741172,0.835700009,0.76100776,0.709609225,0.626002438,0.485491093,0.448306336,0.429627251,0.376956372,0.352638746,0.328856298,0.303935837,0.287692628,0.271312169,0.256099329,0.25176806,0.247248419,0.234859455,0.230680733,0.224785178,0.216647211,0.211827449,0.206455681,0.202719529,0.201109102,0.198895142,0.195418594,2.1952157,-1.6147667
100_161,Conc,100,LL2112_NC_conc.csv,post_iqr,28.87491062,9.351613937,7.357963687,-0.869963091,-1.627055667,2.738161357,-2.373317859,-1.932346582,2.13984275,0.561931476,5.380667034,-1.462272079,1.432141984,-0.698900369,-2.993539466,-3.986446909,-1.387330891,0.712740069,-1.272919386,0.191003905,-1.737967145,0.832356375,-1.419771086,-1.119744662,1.577384031,-1.468378097,-1.232520144,1.418319963,2.925179749,1.798230079,40.70366019,3.58978344,2.257757855,1.125741172,0.835700009,0.76100776,0.709609225,0.626002438,0.485491093,0.448306336,0.429627251,0.376956372,0.352638746,0.328856298,0.303935837,0.287692628,0.271312169,0.256099329,0.25176806,0.247248419,0.234859455,0.230680733,0.224785178,0.216647211,0.211827449,0.206455681,0.202719529,0.201109102,0.198895142,0.195418594,2.7152395,-0.92895496
100_162,Conc,100,LL2112_NC_conc.csv,post_iqr,25.5996584,9.650930193,9.517828036,8.899803545,6.024509988,3.820714293,-4.552964187,-0.0222874,1.482780273,-2.717775081,4.253646522,-0.813034554,1.5683306,-0.967691653,0.79089201,-1.549005534,-0.10671031,1.835523246,1.777764066,0.298451092,-1.592453177,2.538364871,0.77035581,-2.936144661,-0.301683932,0.503663804,0.836149677,0.521809316,-1.486251437,-0.507954715,40.70366019,3.58978344,2.257757855,1.125741172,0.835700009,0.76100776,0.709609225,0.626002438,0.485491093,0.448306336,0.429627251,0.376956372,0.352638746,0.328856298,0.303935837,0.287692628,0.271312169,0.256099329,0.25176806,0.247248419,0.234859455,0.230680733,0.224785178,0.216647211,0.211827449,0.206455681,0.202719529,0.201109102,0.198895142,0.195418594,2.8700275,-1.769782
100_163,Conc,100,LL2112_NC_conc.csv,post_iqr,26.2709625,11.70774039,4.48092764,3.865322952,8.326422773,4.42215671,2.74468943,-3.807916121,1.340168761,-1.716702454,2.601738929,-0.124750633,2.627635442,-1.42840643,1.068681269,1.911877435,-0.538859726,1.091206241,-0.075710311,0.367682572,-0.203032973,1.306637767,-2.449993585,0.132432274,-1.683545547,0.321733689,-1.198581848,-0.852006631,-1.036452065,-3.390987119,40.70366019,3.58978344,2.257757855,1.125741172,0.835700009,0.76100776,0.709609225,0.626002438,0.485491093,0.448306336,0.429627251,0.376956372,0.352638746,0.328856298,0.303935837,0.287692628,0.271312169,0.256099329,0.25176806,0.247248419,0.234859455,0.230680733,0.224785178,0.216647211,0.211827449,0.206455681,0.202719529,0.201109102,0.198895142,0.195418594,1.8823953,-1.4509704
100_164,Conc,100,LL2112_NC_conc.csv,post_iqr,22.47499527,3.8793795,-9.610167574,-13.91146881,-7.49901732,0.728742885,2.81879548,0.512352538,1.844654823,4.786164983,-0.394013461,1.493960754,-1.378508151,-7.745884064,4.528635716,1.173045687,-0.188047666,-4.343287703,-8.720853047,5.935751069,4.955498575,-1.125743224,-5.04081297,-2.020110996,1.927140639,2.28501264,2.87224906,1.788760709,3.470430598,-1.68456368,40.70366019,3.58978344,2.257757855,1.125741172,0.835700009,0.76100776,0.709609225,0.626002438,0.485491093,0.448306336,0.429627251,0.376956372,0.352638746,0.328856298,0.303935837,0.287692628,0.271312169,0.256099329,0.25176806,0.247248419,0.234859455,0.230680733,0.224785178,0.216647211,0.211827449,0.206455681,0.202719529,0.201109102,0.198895142,0.195418594,3.505963,0.82319653
100_165,Conc,100,LL2112_NC_conc.csv,post_iqr,-1.515523267,4.228623731,-40.34335502,-17.99199866,11.79682011,-22.0660714,-11.00358062,-3.582168562,-2.506812878,2.416649538,10.67650484,2.063039893,-14.93076251,1.96411163,-6.127287838,3.955925311,4.948958849,16.51807143,0.565788875,-12.3960757,-1.181074456,-1.185102149,0.266269026,-0.368601173,11.1344026,4.000050229,4.565951757,5.340970842,4.807517083,-5.867960485,40.70366019,3.58978344,2.257757855,1.125741172,0.835700009,0.76100776,0.709609225,0.626002438,0.485491093,0.448306336,0.429627251,0.376956372,0.352638746,0.328856298,0.303935837,0.287692628,0.271312169,0.256099329,0.25176806,0.247248419,0.234859455,0.230680733,0.224785178,0.216647211,0.211827449,0.206455681,0.202719529,0.201109102,0.198895142,0.195418594,2.8612285,0.9383724
100_166,Conc,100,LL2112_NC_conc.csv,post_iqr,30.12832098,6.877578615,2.305599356,-2.745927347,3.986570083,2.865765025,-7.07316346,2.188636196,0.164282917,-0.751070065,0.336291834,-1.614057074,-1.125141304,3.872822578,-5.80923366,0.230311633,-0.306345332,-3.867972521,1.955777549,-1.579809167,0.94378132,0.798820211,1.655139474,1.79711367,2.350889543,3.342806785,1.04762801,1.613214594,0.331010441,2.493863646,40.70366019,3.58978344,2.257757855,1.125741172,0.835700009,0.76100776,0.709609225,0.626002438,0.485491093,0.448306336,0.429627251,0.376956372,0.352638746,0.328856298,0.303935837,0.287692628,0.271312169,0.256099329,0.25176806,0.247248419,0.234859455,0.230680733,0.224785178,0.216647211,0.211827449,0.206455681,0.202719529,0.201109102,0.198895142,0.195418594,3.1817212,-0.5386385
100_167,Conc,100,LL2112_NC_conc.csv,post_iqr,29.15710646,-1.428811023,3.905980834,-9.187844546,-0.879025066,5.389409564,-0.439126505,0.579504868,1.142500559,-0.919513984,-0.489792423,0.540656679,0.640195739,0.230447189,1.937045546,-1.222723443,-1.37938398,0.313672251,1.679564114,2.383372606,-1.218860469,-4.77791983,0.230650451,0.036982692,-1.422760718,0.57003221,0.862926879,0.864012176,-0.577376882,-0.202250566,40.70366019,3.58978344,2.257757855,1.125741172,0.835700009,0.76100776,0.709609225,0.626002438,0.485491093,0.448306336,0.429627251,0.376956372,0.352638746,0.328856298,0.303935837,0.287692628,0.271312169,0.256099329,0.25176806,0.247248419,0.234859455,0.230680733,0.224785178,0.216647211,0.211827449,0.206455681,0.202719529,0.201109102,0.198895142,0.195418594,3.3342538,0.48565215
100_168,Conc,100,LL2112_NC_conc.csv,post_iqr,17.24767267,5.213567125,-10.20042834,6.667870267,4.29116854,-3.967881206,-2.664566429,2.529893806,-0.383374143,-2.36972503,0.514381069,0.140841489,-5.758239433,4.105030878,-11.54273546,3.959263626,4.716412145,-8.57015857,-1.377499256,-1.736812985,4.607635003,1.412389962,0.235924868,1.199839748,0.765883246,-0.430305315,2.776481551,1.425287297,1.976055938,-0.376664374,40.70366019,3.58978344,2.257757855,1.125741172,0.835700009,0.76100776,0.709609225,0.626002438,0.485491093,0.448306336,0.429627251,0.376956372,0.352638746,0.328856298,0.303935837,0.287692628,0.271312169,0.256099329,0.25176806,0.247248419,0.234859455,0.230680733,0.224785178,0.216647211,0.211827449,0.206455681,0.202719529,0.201109102,0.198895142,0.195418594,3.3854597,-1.4747858
100_169,Conc,100,LL2112_NC_conc.csv,post_iqr,-69.56266233,-6.007515838,1.726065363,-13.43792375,2.99335784,5.499719776,2.042649815,-1.859267347,-3.508653479,-4.65806034,10.59521354,1.151071237,-1.127194002,3.798733532,-0.718217406,1.152930605,0.07388336,0.277935901,0.570631937,-9.948985897,9.581514658,-1.378987713,-1.069725284,2.56206087,-3.296116067,3.0862469,5.54864909,-9.553952934,-5.558274842,2.737970484,40.70366019,3.58978344,2.257757855,1.125741172,0.835700009,0.76100776,0.709609225,0.626002438,0.485491093,0.448306336,0.429627251,0.376956372,0.352638746,0.328856298,0.303935837,0.287692628,0.271312169,0.256099329,0.25176806,0.247248419,0.234859455,0.230680733,0.224785178,0.216647211,0.211827449,0.206455681,0.202719529,0.201109102,0.198895142,0.195418594,11.351123,4.6108646
100_170,Conc,100,LL2112_NC_conc.csv,post_iqr,27.21983837,5.929919664,8.146278999,4.813543138,3.219463761,3.594469678,-5.553539105,2.681001336,2.007715749,4.580485504,-1.289532375,-4.577579342,-0.694667848,0.434373253,-1.670610097,5.29666397,-0.408180704,4.21420896,-1.628747839,0.938679026,0.77715235,1.006559324,-0.870031879,-0.705372397,-0.990106139,1.086839429,0.812730347,-1.480396158,-1.086587168,-3.108656357,40.70366019,3.58978344,2.257757855,1.125741172,0.835700009,0.76100776,0.709609225,0.626002438,0.485491093,0.448306336,0.429627251,0.376956372,0.352638746,0.328856298,0.303935837,0.287692628,0.271312169,0.256099329,0.25176806,0.247248419,0.234859455,0.230680733,0.224785178,0.216647211,0.211827449,0.206455681,0.202719529,0.201109102,0.198895142,0.195418594,3.0831444,-1.3891779
100_171,Conc,100,LL2112_NC_conc.csv,post_iqr,27.39958204,7.938833147,6.052053819,5.152066295,6.449242178,6.578724809,-6.652369666,0.462082568,3.353974418,3.28747276,0.264469789,-3.899049931,-4.449390411,1.554751377,-8.200581023,0.816784161,0.467492229,-4.355828358,-0.610748079,-2.049085197,1.275269379,-0.162008281,-1.883954036,-5.969173076,0.535430974,0.377031149,1.161492177,0.715630101,0.34953613,0.306051638,40.70366019,3.58978344,2.257757855,1.125741172,0.835700009,0.76100776,0.709609225,0.626002438,0.485491093,0.448306336,0.429627251,0.376956372,0.352638746,0.328856298,0.303935837,0.287692628,0.271312169,0.256099329,0.25176806,0.247248419,0.234859455,0.230680733,0.224785178,0.216647211,0.211827449,0.206455681,0.202719529,0.201109102,0.198895142,0.195418594,3.2081535,-1.3560188
100_172,Conc,100,LL2112_NC_conc.csv,post_iqr,-78.09306018,-0.471722623,4.912672683,0.474467142,0.047675119,9.693692321,9.063706395,-2.292576572,-6.252578107,-4.15360024,10.41798213,5.149858527,-3.15193638,0.640969671,-2.255380014,-7.059407203,6.159997015,-1.111868401,1.148377796,-0.331096087,6.373788968,-1.505357538,3.467514257,-0.432082713,5.665229925,10.42975942,6.133661186,-3.384840335,-1.614870727,6.406666336,40.70366019,3.58978344,2.257757855,1.125741172,0.835700009,0.76100776,0.709609225,0.626002438,0.485491093,0.448306336,0.429627251,0.376956372,0.352638746,0.328856298,0.303935837,0.287692628,0.271312169,0.256099329,0.25176806,0.247248419,0.234859455,0.230680733,0.224785178,0.216647211,0.211827449,0.206455681,0.202719529,0.201109102,0.198895142,0.195418594,11.724621,4.9599442
100_173,Conc,100,LL2112_NC_conc.csv,post_iqr,-78.79181391,-1.910872422,21.22542573,4.877059323,6.35748184,-1.408600985,-2.398827555,7.517323057,4.146701896,3.872837219,-5.527578854,-1.579573046,5.543453666,-3.161958004,1.139749604,-6.449243725,-0.021732981,-0.096778259,1.014285136,-2.237635904,1.894140896,-0.004983925,-1.389487759,-0.329072283,-3.732701586,5.65235618,-6.796688668,-8.891254804,3.170013416,-4.075945706,40.70366019,3.58978344,2.257757855,1.125741172,0.835700009,0.76100776,0.709609225,0.626002438,0.485491093,0.448306336,0.429627251,0.376956372,0.352638746,0.328856298,0.303935837,0.287692628,0.271312169,0.256099329,0.25176806,0.247248419,0.234859455,0.230680733,0.224785178,0.216647211,0.211827449,0.206455681,0.202719529,0.201109102,0.198895142,0.195418594,11.360515,5.7766514
100_174,Conc,100,LL2112_NC_conc.csv,post_iqr,28.21792152,8.208590098,10.17495778,6.092102375,2.674369365,4.940568825,0.894468214,-2.419313086,3.244656233,-6.301549585,3.974906824,-0.40478147,-0.119175192,1.733044123,1.097263688,-1.175315498,-1.975798391,-0.073243521,3.633107773,-0.23646735,1.760817135,-1.107988384,0.19320686,-0.494210206,-0.061850255,0.136600813,0.551049695,-0.000742266,0.697364404,0.749901239,40.70366019,3.58978344,2.257757855,1.125741172,0.835700009,0.76100776,0.709609225,0.626002438,0.485491093,0.448306336,0.429627251,0.376956372,0.352638746,0.328856298,0.303935837,0.287692628,0.271312169,0.256099329,0.25176806,0.247248419,0.234859455,0.230680733,0.224785178,0.216647211,0.211827449,0.206455681,0.202719529,0.201109102,0.198895142,0.195418594,2.233739,-1.5485926
100_175,Conc,100,LL2112_NC_conc.csv,post_iqr,-67.49827483,13.63089502,-29.22024669,15.92330146,-14.34461699,14.21857691,0.549713682,14.94136915,8.900341335,-0.170192291,-2.078934115,-15.3093789,3.127348125,2.96746593,-0.980160434,-0.061098381,-0.969198765,-1.193133334,9.174124682,-1.798395657,-11.4177954,-11.85767193,-6.694335787,-0.129893021,1.462420897,-4.07837265,0.632499691,3.082643831,-3.634392406,-3.193090513,40.70366019,3.58978344,2.257757855,1.125741172,0.835700009,0.76100776,0.709609225,0.626002438,0.485491093,0.448306336,0.429627251,0.376956372,0.352638746,0.328856298,0.303935837,0.287692628,0.271312169,0.256099329,0.25176806,0.247248419,0.234859455,0.230680733,0.224785178,0.216647211,0.211827449,0.206455681,0.202719529,0.201109102,0.198895142,0.195418594,11.898995,4.809104
100_176,Conc,100,LL2112_NC_conc.csv,post_iqr,28.45781874,6.131910634,9.632014447,6.793109147,-0.364717449,2.841668763,-5.996268233,1.441069099,-0.527624337,1.891607076,1.409827282,-0.855788307,3.699817902,-0.242649214,1.135157034,0.158663062,-0.621236869,-1.864555118,2.59813817,-1.745211117,3.133693104,3.023809769,-0.452126748,-0.400990448,1.118230404,-0.092878114,0.169384821,1.255903325,0.114501559,-0.149908127,40.70366019,3.58978344,2.257757855,1.125741172,0.835700009,0.76100776,0.709609225,0.626002438,0.485491093,0.448306336,0.429627251,0.376956372,0.352638746,0.328856298,0.303935837,0.287692628,0.271312169,0.256099329,0.25176806,0.247248419,0.234859455,0.230680733,0.224785178,0.216647211,0.211827449,0.206455681,0.202719529,0.201109102,0.198895142,0.195418594,2.8395371,-1.8739386
100_177,Conc,100,LL2112_NC_conc.csv,post_iqr,-54.35440017,4.891963663,10.99368049,-8.715474666,5.175561049,8.091214283,16.04902018,5.466166887,-6.059196104,9.5272497,4.914113382,2.232630217,-1.025439106,-0.929159776,-4.991651689,4.248730774,2.801918807,3.281732167,8.096059435,-4.24067513,5.488935925,7.91918834,-2.189358079,0.431094056,-0.959133553,1.807258356,-3.812421685,10.48150351,0.92618182,-1.353489762,40.70366019,3.58978344,2.257757855,1.125741172,0.835700009,0.76100776,0.709609225,0.626002438,0.485491093,0.448306336,0.429627251,0.376956372,0.352638746,0.328856298,0.303935837,0.287692628,0.271312169,0.256099329,0.25176806,0.247248419,0.234859455,0.230680733,0.224785178,0.216647211,0.211827449,0.206455681,0.202719529,0.201109102,0.198895142,0.195418594,10.787069,4.562887
100_178,Conc,100,LL2112_NC_conc.csv,post_iqr,-71.88919581,-1.585106859,19.60142923,-1.341018706,7.371429925,-3.108845838,-5.937274249,0.244348637,2.7971644,3.769390198,1.017795429,-2.726592973,0.63735556,-2.177062655,-6.314586674,-4.03916688,0.657664713,0.585947063,1.34774789,-5.847077646,-3.877941579,-2.26808292,-4.488054984,-4.038083076,0.123159038,5.655763248,0.049286636,-4.047855739,-4.99534584,0.508419779,40.70366019,3.58978344,2.257757855,1.125741172,0.835700009,0.76100776,0.709609225,0.626002438,0.485491093,0.448306336,0.429627251,0.376956372,0.352638746,0.328856298,0.303935837,0.287692628,0.271312169,0.256099329,0.25176806,0.247248419,0.234859455,0.230680733,0.224785178,0.216647211,0.211827449,0.206455681,0.202719529,0.201109102,0.198895142,0.195418594,11.435831,5.763149
100_179,Conc,100,LL2112_NC_conc.csv,post_iqr,27.25511711,10.67381935,4.298440604,5.53529327,8.306084348,3.968947044,-0.127599642,-2.736135444,0.743409304,1.610268686,-2.310445283,-4.210285427,0.013377945,1.844167544,-3.130494152,3.794523606,0.67440058,-1.666994582,0.776982423,0.789633045,-0.931717485,2.278186656,-4.728419663,-2.144969559,0.78171467,3.198262476,0.449878903,-2.918790997,0.889743622,-0.68324722,40.70366019,3.58978344,2.257757855,1.125741172,0.835700009,0.76100776,0.709609225,0.626002438,0.485491093,0.448306336,0.429627251,0.376956372,0.352638746,0.328856298,0.303935837,0.287692628,0.271312169,0.256099329,0.25176806,0.247248419,0.234859455,0.230680733,0.224785178,0.216647211,0.211827449,0.206455681,0.202719529,0.201109102,0.198895142,0.195418594,2.8947299,-1.4479822
100_180,Conc,100,LL2112_NC_conc.csv,post_iqr,30.32542548,4.347246971,6.038994757,-5.724223497,-4.770057307,0.844392931,-5.524546094,0.270420182,1.755925858,2.188787726,-1.519726832,-0.425647753,2.200817023,1.575795549,-2.727028618,-0.026384202,-0.350211398,-1.903691151,-0.436411216,-2.262137917,2.230381887,-1.803226454,-0.965028261,1.274471184,0.10414641,-0.916538777,1.165395961,0.810040359,0.81486993,-0.169026852,40.70366019,3.58978344,2.257757855,1.125741172,0.835700009,0.76100776,0.709609225,0.626002438,0.485491093,0.448306336,0.429627251,0.376956372,0.352638746,0.328856298,0.303935837,0.287692628,0.271312169,0.256099329,0.25176806,0.247248419,0.234859455,0.230680733,0.224785178,0.216647211,0.211827449,0.206455681,0.202719529,0.201109102,0.198895142,0.195418594,3.587141,0.26145288
100_181,Conc,100,LL2112_NC_conc.csv,post_iqr,27.66808696,11.21790852,1.780736808,-1.978513686,5.406127677,2.699738505,-5.913166061,0.272369163,-2.854957514,-1.037356046,3.259165706,1.917897585,2.205360363,-0.963898908,1.934440706,-2.100870905,-2.372161727,-1.328468805,-0.488836007,1.867082909,2.736978067,-1.445507555,-2.074438056,-0.021105351,1.317787962,1.533118138,-0.802627521,2.558956826,-0.326649118,-0.494306963,40.70366019,3.58978344,2.257757855,1.125741172,0.835700009,0.76100776,0.709609225,0.626002438,0.485491093,0.448306336,0.429627251,0.376956372,0.352638746,0.328856298,0.303935837,0.287692628,0.271312169,0.256099329,0.25176806,0.247248419,0.234859455,0.230680733,0.224785178,0.216647211,0.211827449,0.206455681,0.202719529,0.201109102,0.198895142,0.195418594,2.1657052,-1.3615493
100_183,Conc,100,LL2112_NC_conc.csv,post_iqr,24.8095668,9.167566611,8.379378281,5.720966197,-3.957246404,-3.717627203,-2.478296297,0.197345324,2.679568971,-0.415219705,1.655292653,-0.411247772,-0.892893282,0.041178026,-0.626428857,-0.319906207,1.768223646,1.033361293,-1.958136274,0.429258421,-1.207107013,2.822128661,1.493864936,0.810265746,0.556280338,-2.960334377,-1.056207205,2.177487716,2.869749648,-0.068051963,40.70366019,3.58978344,2.257757855,1.125741172,0.835700009,0.76100776,0.709609225,0.626002438,0.485491093,0.448306336,0.429627251,0.376956372,0.352638746,0.328856298,0.303935837,0.287692628,0.271312169,0.256099329,0.25176806,0.247248419,0.234859455,0.230680733,0.224785178,0.216647211,0.211827449,0.206455681,0.202719529,0.201109102,0.198895142,0.195418594,2.3577158,-1.6358768
100_184,Conc,100,LL2112_NC_conc.csv,post_iqr,28.17915837,6.628886875,2.757743639,3.544004978,1.032695543,-3.134172544,-2.994823361,-0.31807467,0.01770902,0.780109471,-0.375068667,-1.378793659,-4.224875419,1.961369939,1.842191998,4.388844898,0.495990965,1.39290288,-1.054548401,1.593182787,-0.50618884,0.662664828,0.083636763,-1.605944946,-0.729440789,0.980831447,-1.65229659,-3.144183749,-2.179660124,-1.884470912,40.70366019,3.58978344,2.257757855,1.125741172,0.835700009,0.76100776,0.709609225,0.626002438,0.485491093,0.448306336,0.429627251,0.376956372,0.352638746,0.328856298,0.303935837,0.287692628,0.271312169,0.256099329,0.25176806,0.247248419,0.234859455,0.230680733,0.224785178,0.216647211,0.211827449,0.206455681,0.202719529,0.201109102,0.198895142,0.195418594,3.3081682,-1.4543751
100_185,Conc,100,LL2112_NC_conc.csv,post_iqr,25.30008402,13.95543356,-3.938755643,0.90369339,-5.240117404,-3.143600004,-3.654131893,-0.986061916,-0.56011719,-5.686482062,8.254339166,4.935818421,3.62463733,-4.483727393,-5.619181188,-5.643989075,2.593953285,-0.717679496,-7.747880004,0.89897959,1.923150509,-0.252123103,-3.307328141,-0.426125263,-0.180769118,-0.536686749,4.591837394,-3.999620205,0.000573726,2.970209584,40.70366019,3.58978344,2.257757855,1.125741172,0.835700009,0.76100776,0.709609225,0.626002438,0.485491093,0.448306336,0.429627251,0.376956372,0.352638746,0.328856298,0.303935837,0.287692628,0.271312169,0.256099329,0.25176806,0.247248419,0.234859455,0.230680733,0.224785178,0.216647211,0.211827449,0.206455681,0.202719529,0.201109102,0.198895142,0.195418594,2.307736,-2.0601358
100_186,Conc,100,LL2112_NC_conc.csv,post_iqr,5.569776267,-9.730767245,-34.89587109,-13.84577833,1.058507717,-15.01348137,8.930648631,-0.432081817,7.836458556,17.39822825,10.4734648,1.237841268,13.07932371,-18.80799611,-28.49071755,-22.33544389,-15.82589038,18.63760595,6.396861348,7.516593051,-3.392279381,-13.64585981,6.686876502,24.324081,-29.59835686,7.620985991,8.29330137,6.605285152,15.54299666,3.813532998,40.70366019,3.58978344,2.257757855,1.125741172,0.835700009,0.76100776,0.709609225,0.626002438,0.485491093,0.448306336,0.429627251,0.376956372,0.352638746,0.328856298,0.303935837,0.287692628,0.271312169,0.256099329,0.25176806,0.247248419,0.234859455,0.230680733,0.224785178,0.216647211,0.211827449,0.206455681,0.202719529,0.201109102,0.198895142,0.195418594,4.3225017,14.243963
100_187,Conc,100,LL2112_NC_conc.csv,post_iqr,7.233167857,4.214321094,17.97263931,3.288729606,-0.316633442,-2.528784497,8.817436306,-0.92766818,2.660408127,2.002915519,0.06206859,2.91864926,-1.097025701,-3.325146115,-0.325619608,0.05387687,-0.507938086,-2.004785959,0.85675754,1.279765905,1.479994745,2.078373863,-4.407714903,0.422290202,1.6301014,0.804286909,1.934390595,-0.048119932,2.608627282,-0.948493964,40.70366019,3.58978344,2.257757855,1.125741172,0.835700009,0.76100776,0.709609225,0.626002438,0.485491093,0.448306336,0.429627251,0.376956372,0.352638746,0.328856298,0.303935837,0.287692628,0.271312169,0.256099329,0.25176806,0.247248419,0.234859455,0.230680733,0.224785178,0.216647211,0.211827449,0.206455681,0.202719529,0.201109102,0.198895142,0.195418594,9.611845,3.8716965
100_188,Conc,100,LL2112_NC_conc.csv,post_iqr,27.83683376,13.68523437,6.401971279,2.230287191,-1.822494403,4.751092525,-3.289638937,2.316264923,-1.379053827,-2.64074915,3.094041795,0.202846647,2.755644839,-1.906598442,4.688002465,0.436945012,1.836743638,0.934086901,2.085849036,1.60076471,1.514705942,2.7212988,1.79722986,-0.603272862,-1.902459543,0.110980109,-2.303289882,0.283736715,1.684510094,-0.685186498,40.70366019,3.58978344,2.257757855,1.125741172,0.835700009,0.76100776,0.709609225,0.626002438,0.485491093,0.448306336,0.429627251,0.376956372,0.352638746,0.328856298,0.303935837,0.287692628,0.271312169,0.256099329,0.25176806,0.247248419,0.234859455,0.230680733,0.224785178,0.216647211,0.211827449,0.206455681,0.202719529,0.201109102,0.198895142,0.195418594,2.6244383,-1.889371
100_189,Conc,100,LL2112_NC_conc.csv,post_iqr,25.02156623,2.510629999,3.051167764,-8.511803994,-0.923051382,2.690216747,-4.718957035,1.537368977,1.056924228,1.63254843,0.477202828,0.093680143,2.881178003,-0.765655533,-7.403685949,-4.613392426,2.732633077,-5.63328795,-2.988451275,0.253932932,-7.28981431,-0.578800769,-3.146912393,-3.732042177,1.936814741,0.772131468,2.657569254,-0.335744896,1.830254959,2.859197927,40.70366019,3.58978344,2.257757855,1.125741172,0.835700009,0.76100776,0.709609225,0.626002438,0.485491093,0.448306336,0.429627251,0.376956372,0.352638746,0.328856298,0.303935837,0.287692628,0.271312169,0.256099329,0.25176806,0.247248419,0.234859455,0.230680733,0.224785178,0.216647211,0.211827449,0.206455681,0.202719529,0.201109102,0.198895142,0.195418594,3.3418825,-0.063871905
100_190,Conc,100,LL2112_NC_conc.csv,post_iqr,-47.98012194,2.883550668,22.53931606,-5.56310912,-7.650666401,4.213714852,4.014966206,10.40774088,-8.354611123,-1.963110128,7.11397807,-0.470120475,-4.551661467,-0.595126243,0.615959085,4.360084859,4.123296364,5.378862533,0.446727664,-4.073413144,2.825100492,1.51106344,-2.04989716,3.433894574,-4.266023243,-0.871607407,-2.407586265,-4.629338673,1.982403408,-5.285382183,40.70366019,3.58978344,2.257757855,1.125741172,0.835700009,0.76100776,0.709609225,0.626002438,0.485491093,0.448306336,0.429627251,0.376956372,0.352638746,0.328856298,0.303935837,0.287692628,0.271312169,0.256099329,0.25176806,0.247248419,0.234859455,0.230680733,0.224785178,0.216647211,0.211827449,0.206455681,0.202719529,0.201109102,0.198895142,0.195418594,10.981122,4.5228963
100_191,Conc,100,LL2112_NC_conc.csv,post_iqr,28.83370778,1.571837507,7.79152336,-3.922602641,-0.25198661,1.550644393,-5.320876052,-0.146355336,2.64369875,3.416513055,-1.863982038,-0.342245524,-0.819435194,1.962797624,-3.186417426,0.931982391,-3.142891315,-1.967109122,0.536340761,-1.09342769,-2.051660738,-2.20120181,-2.200817704,1.518184146,0.339278067,0.821626652,-0.959768223,-1.180162022,0.548863168,0.435783896,40.70366019,3.58978344,2.257757855,1.125741172,0.835700009,0.76100776,0.709609225,0.626002438,0.485491093,0.448306336,0.429627251,0.376956372,0.352638746,0.328856298,0.303935837,0.287692628,0.271312169,0.256099329,0.25176806,0.247248419,0.234859455,0.230680733,0.224785178,0.216647211,0.211827449,0.206455681,0.202719529,0.201109102,0.198895142,0.195418594,3.6967146,-0.06652305
100_192,Conc,100,LL2112_NC_conc.csv,post_iqr,31.45151934,1.16568112,3.313630622,-6.567002505,-8.340140307,1.788240076,-3.011072309,-0.324927114,-0.287183547,0.380372653,1.943904449,-4.435743773,1.81885422,0.832709594,-0.1079555,-4.50851326,0.365402914,-0.401520322,0.128343325,2.402176314,3.953787194,1.586397141,2.457658328,0.088762186,3.805427036,-2.824785984,-1.09302319,3.271181569,-0.042154912,0.527592385,40.70366019,3.58978344,2.257757855,1.125741172,0.835700009,0.76100776,0.709609225,0.626002438,0.485491093,0.448306336,0.429627251,0.376956372,0.352638746,0.328856298,0.303935837,0.287692628,0.271312169,0.256099329,0.25176806,0.247248419,0.234859455,0.230680733,0.224785178,0.216647211,0.211827449,0.206455681,0.202719529,0.201109102,0.198895142,0.195418594,3.406598,0.57307273
100_193,Conc,100,LL2112_NC_conc.csv,post_iqr,29.65558706,-4.407434289,5.912682467,-11.64554941,-6.439775875,4.614211629,-2.680785982,-0.435622336,1.150776323,2.217273998,-3.387270603,-2.048734741,2.444931688,-0.733955957,-1.461816968,-2.019982435,-1.753059898,-1.370204819,-0.434624514,1.52806205,1.813052495,-3.363347815,0.278973815,2.228708892,0.069472361,-0.050253364,-1.220494767,0.098900565,1.705691361,0.385365858,40.70366019,3.58978344,2.257757855,1.125741172,0.835700009,0.76100776,0.709609225,0.626002438,0.485491093,0.448306336,0.429627251,0.376956372,0.352638746,0.328856298,0.303935837,0.287692628,0.271312169,0.256099329,0.25176806,0.247248419,0.234859455,0.230680733,0.224785178,0.216647211,0.211827449,0.206455681,0.202719529,0.201109102,0.198895142,0.195418594,3.5159261,0.9592486
100_194,Conc,100,LL2112_NC_conc.csv,post_iqr,27.125693,-0.457698313,-1.823856273,-13.32512304,-0.237385657,5.968170861,-5.285265771,1.75374272,2.493099472,4.612633353,-2.677966671,-2.399045366,2.676618897,-0.958321156,1.069779653,-2.384989652,0.74087498,-0.312719799,-0.536970367,-2.333670852,0.576747812,0.519828132,0.281332381,-3.907053185,0.759108387,-1.113036624,1.920353861,0.643504198,-1.912685301,1.701076237,40.70366019,3.58978344,2.257757855,1.125741172,0.835700009,0.76100776,0.709609225,0.626002438,0.485491093,0.448306336,0.429627251,0.376956372,0.352638746,0.328856298,0.303935837,0.287692628,0.271312169,0.256099329,0.25176806,0.247248419,0.234859455,0.230680733,0.224785178,0.216647211,0.211827449,0.206455681,0.202719529,0.201109102,0.198895142,0.195418594,3.66583,0.93651587
100_195,Conc,100,LL2112_NC_conc.csv,post_iqr,25.00335049,1.862390485,12.18118938,3.505556324,0.980689433,4.254421818,-4.483752219,1.710501787,3.36023039,2.899359769,-0.054607149,-2.535799453,-0.499831716,0.536120191,0.683638052,4.527906305,-2.18686594,-1.091740676,1.962728627,1.040316692,0.386678269,-1.425342401,-1.06215688,-1.968605782,-0.158472953,1.188853043,0.384411003,-2.040074446,0.588505533,0.597533031,40.70366019,3.58978344,2.257757855,1.125741172,0.835700009,0.76100776,0.709609225,0.626002438,0.485491093,0.448306336,0.429627251,0.376956372,0.352638746,0.328856298,0.303935837,0.287692628,0.271312169,0.256099329,0.25176806,0.247248419,0.234859455,0.230680733,0.224785178,0.216647211,0.211827449,0.206455681,0.202719529,0.201109102,0.198895142,0.195418594,3.5643506,-1.1246997
100_196,Conc,100,LL2112_NC_conc.csv,post_iqr,27.45523503,3.629327354,9.822451582,0.204831007,-5.887811217,-1.70178715,-3.829766179,-1.213784368,3.147348289,2.530772707,-0.675828625,-2.321333723,-1.819652151,1.446859707,0.380888904,0.447960466,-1.990641503,-0.819273977,1.631264466,-0.063887803,-0.300755755,-1.988006796,0.845319321,1.833392008,1.398862784,-1.065266328,-1.252381766,-0.219053317,0.720049421,1.185721832,40.70366019,3.58978344,2.257757855,1.125741172,0.835700009,0.76100776,0.709609225,0.626002438,0.485491093,0.448306336,0.429627251,0.376956372,0.352638746,0.328856298,0.303935837,0.287692628,0.271312169,0.256099329,0.25176806,0.247248419,0.234859455,0.230680733,0.224785178,0.216647211,0.211827449,0.206455681,0.202719529,0.201109102,0.198895142,0.195418594,3.6408582,-0.6913816
100_197,Conc,100,LL2112_NC_conc.csv,post_iqr,31.14900653,-8.193539564,3.74639971,-13.81975505,-8.025504847,1.39430531,0.150643865,-0.850853166,2.322640598,0.636461656,1.010088258,-1.18243349,0.500608703,2.071532473,0.16127273,-1.547081962,-0.900954392,1.529251085,-0.5904775,0.790935334,1.406593758,-1.632911208,1.111346468,0.004444856,2.514743277,-0.581991136,1.862893473,0.666633348,0.680627928,0.092406063,40.70366019,3.58978344,2.257757855,1.125741172,0.835700009,0.76100776,0.709609225,0.626002438,0.485491093,0.448306336,0.429627251,0.376956372,0.352638746,0.328856298,0.303935837,0.287692628,0.271312169,0.256099329,0.25176806,0.247248419,0.234859455,0.230680733,0.224785178,0.216647211,0.211827449,0.206455681,0.202719529,0.201109102,0.198895142,0.195418594,3.2979493,1.2104127
100_198,Conc,100,LL2112_NC_conc.csv,post_iqr,-87.68818759,-1.62289398,9.110942357,10.26624986,-0.006365953,-1.321045029,-5.61766796,-1.518617476,2.963016034,2.06199171,-0.347692903,-2.588232196,3.783559758,-3.313406893,3.401809834,-0.528817467,5.181543147,-0.184668628,-4.686199943,2.641172644,5.529864793,-5.809742737,-7.266536454,0.453632889,-3.753414827,4.245760398,-2.195794715,0.50189024,-1.156853719,5.781318646,40.70366019,3.58978344,2.257757855,1.125741172,0.835700009,0.76100776,0.709609225,0.626002438,0.485491093,0.448306336,0.429627251,0.376956372,0.352638746,0.328856298,0.303935837,0.287692628,0.271312169,0.256099329,0.25176806,0.247248419,0.234859455,0.230680733,0.224785178,0.216647211,0.211827449,0.206455681,0.202719529,0.201109102,0.198895142,0.195418594,11.856043,6.029673
100_199,Conc,100,LL2112_NC_conc.csv,post_iqr,24.25742274,13.13693282,5.730810524,4.768835642,-9.090105045,-8.810445791,-0.431483169,-1.654375092,1.614274122,0.846506573,-0.619890767,-0.966825551,-2.808963104,1.603827731,-0.439603582,3.069047913,0.582405775,-2.022920168,-3.035967218,0.209100968,-3.369702198,-1.515499381,-2.307791071,-4.288584334,0.145245453,2.217494557,1.719143211,-1.996563413,2.109507714,5.118525382,40.70366019,3.58978344,2.257757855,1.125741172,0.835700009,0.76100776,0.709609225,0.626002438,0.485491093,0.448306336,0.429627251,0.376956372,0.352638746,0.328856298,0.303935837,0.287692628,0.271312169,0.256099329,0.25176806,0.247248419,0.234859455,0.230680733,0.224785178,0.216647211,0.211827449,0.206455681,0.202719529,0.201109102,0.198895142,0.195418594,1.7533339,-1.9493632
100_200,Conc,100,LL2112_NC_conc.csv,post_iqr,29.09828176,11.20643117,-0.912052906,-2.609053617,6.577186829,5.858486693,-0.020736886,-4.122267568,-0.82807884,0.240017168,-0.314349414,-4.520086545,1.203963242,-1.250768951,1.899475811,-0.724988428,2.210895288,0.285898353,-1.707357448,2.256919482,-0.085413238,2.413597199,-2.282911586,-0.14024106,-0.941479938,2.604531437,-0.21610945,1.257234376,-0.432478487,0.298772369,40.70366019,3.58978344,2.257757855,1.125741172,0.835700009,0.76100776,0.709609225,0.626002438,0.485491093,0.448306336,0.429627251,0.376956372,0.352638746,0.328856298,0.303935837,0.287692628,0.271312169,0.256099329,0.25176806,0.247248419,0.234859455,0.230680733,0.224785178,0.216647211,0.211827449,0.206455681,0.202719529,0.201109102,0.198895142,0.195418594,2.1644971,-0.0675365
100_201,Conc,100,LL2112_NC_conc.csv,post_iqr,-83.20528472,-0.538238668,-15.70612483,4.375369932,-3.869808828,-5.891973357,-3.075411118,-12.85622709,4.482124236,8.71971018,-5.253688088,4.132742995,5.980491508,10.03664871,-8.436902659,-3.486875617,-5.398131838,4.668465913,1.377645738,14.03123879,-7.346125266,-3.887825205,-1.301426659,2.909990466,0.795690029,-8.200719481,4.270967925,-1.406584762,-4.936257739,8.987183892,40.70366019,3.58978344,2.257757855,1.125741172,0.835700009,0.76100776,0.709609225,0.626002438,0.485491093,0.448306336,0.429627251,0.376956372,0.352638746,0.328856298,0.303935837,0.287692628,0.271312169,0.256099329,0.25176806,0.247248419,0.234859455,0.230680733,0.224785178,0.216647211,0.211827449,0.206455681,0.202719529,0.201109102,0.198895142,0.195418594,12.091934,5.7079387
100_202,Conc,100,LL2112_NC_conc.csv,post_iqr,21.67778806,10.10322976,-1.249169,2.104310488,9.58027314,0.35242314,1.018804701,-2.677837355,0.998130441,0.929645355,-3.006187701,-3.650817111,-0.601414925,-1.938714221,2.600758358,1.689689582,-0.263291191,-0.597111258,0.076469794,-1.0358673,-2.781269133,2.197652996,-2.657462563,-0.367876464,1.849760153,-1.165815122,-3.093491284,1.056884931,0.714187154,1.076936871,40.70366019,3.58978344,2.257757855,1.125741172,0.835700009,0.76100776,0.709609225,0.626002438,0.485491093,0.448306336,0.429627251,0.376956372,0.352638746,0.328856298,0.303935837,0.287692628,0.271312169,0.256099329,0.25176806,0.247248419,0.234859455,0.230680733,0.224785178,0.216647211,0.211827449,0.206455681,0.202719529,0.201109102,0.198895142,0.195418594,2.469088,-1.4203635
100_204,Conc,100,LL2112_NC_conc.csv,post_iqr,28.35026785,-3.065362787,5.440643359,-6.270382651,-12.12361758,-2.582270658,-0.300753004,0.05908263,1.303411462,0.738731606,4.023168821,1.727623461,2.851594383,1.490824492,1.714396039,-0.90043994,-2.448227317,-2.469384115,1.723185341,-0.727427121,0.381586136,-3.118526649,-0.764693251,-1.273792488,3.473121844,4.103600101,0.072703163,-0.83800415,-0.947262251,-0.359443302,40.70366019,3.58978344,2.257757855,1.125741172,0.835700009,0.76100776,0.709609225,0.626002438,0.485491093,0.448306336,0.429627251,0.376956372,0.352638746,0.328856298,0.303935837,0.287692628,0.271312169,0.256099329,0.25176806,0.247248419,0.234859455,0.230680733,0.224785178,0.216647211,0.211827449,0.206455681,0.202719529,0.201109102,0.198895142,0.195418594,3.5663261,0.3707796
100_205,Conc,100,LL2112_NC_conc.csv,post_iqr,9.654052636,4.384373486,-18.28303137,-16.97616709,10.55562976,-3.734222314,-9.395734076,-1.157546468,-0.517343247,2.534034427,3.686002608,2.827716622,-4.160779064,-0.624478446,1.816495031,-0.735284057,5.199498311,1.429880463,-1.9883789,-0.869386932,4.894985114,0.872914053,0.553536369,-2.146824444,4.01193086,0.133927124,5.69257361,0.348768846,1.535665319,2.054405904,40.70366019,3.58978344,2.257757855,1.125741172,0.835700009,0.76100776,0.709609225,0.626002438,0.485491093,0.448306336,0.429627251,0.376956372,0.352638746,0.328856298,0.303935837,0.287692628,0.271312169,0.256099329,0.25176806,0.247248419,0.234859455,0.230680733,0.224785178,0.216647211,0.211827449,0.206455681,0.202719529,0.201109102,0.198895142,0.195418594,3.1183078,0.8525124
100_206,Conc,100,LL2112_NC_conc.csv,post_iqr,24.85082527,11.16439188,2.542607952,-2.612757413,-6.060483399,-6.665736846,-0.64359643,-0.642075744,3.638703796,2.105390955,1.551549106,0.021745366,-2.811928912,-0.2851682,0.9482099,1.203264011,1.283867149,1.523798232,0.56450955,0.830987686,-2.142058057,1.788258485,-1.510530281,-3.165321778,-1.0765651,-0.083162604,-0.068596695,-0.925932377,0.150954256,2.388095251,40.70366019,3.58978344,2.257757855,1.125741172,0.835700009,0.76100776,0.709609225,0.626002438,0.485491093,0.448306336,0.429627251,0.376956372,0.352638746,0.328856298,0.303935837,0.287692628,0.271312169,0.256099329,0.25176806,0.247248419,0.234859455,0.230680733,0.224785178,0.216647211,0.211827449,0.206455681,0.202719529,0.201109102,0.198895142,0.195418594,2.0231037,-1.1358113
100_207,Conc,100,LL2112_NC_conc.csv,post_iqr,24.25734097,6.236628491,-3.402495333,-0.098458654,8.592512338,3.249218051,0.100419397,-1.690125305,-0.481941708,2.938441303,-3.602993325,-1.075834495,-0.622897817,0.600767924,3.047622643,3.375974541,-1.833465153,-2.067232689,0.089870768,1.064365627,0.475949805,1.233553942,0.628793429,0.420877496,1.10998718,3.99539166,0.403149514,0.327100385,0.074194642,-3.404317552,40.70366019,3.58978344,2.257757855,1.125741172,0.835700009,0.76100776,0.709609225,0.626002438,0.485491093,0.448306336,0.429627251,0.376956372,0.352638746,0.328856298,0.303935837,0.287692628,0.271312169,0.256099329,0.25176806,0.247248419,0.234859455,0.230680733,0.224785178,0.216647211,0.211827449,0.206455681,0.202719529,0.201109102,0.198895142,0.195418594,3.4693878,-0.81071365
100_208,Conc,100,LL2112_NC_conc.csv,post_iqr,17.58132168,9.80634951,4.061312904,-6.237554915,-10.91433409,-8.702613024,1.55099055,6.339190838,5.06540873,-3.112555556,6.753476057,5.867059532,4.564751897,0.318855579,3.602792123,-5.393392765,0.993494912,-0.93685433,2.924452838,3.167106613,2.605742377,2.866880682,-3.311071017,-4.081586454,0.52517335,0.160200749,4.62749483,0.402916999,-0.792328594,0.161265484,40.70366019,3.58978344,2.257757855,1.125741172,0.835700009,0.76100776,0.709609225,0.626002438,0.485491093,0.448306336,0.429627251,0.376956372,0.352638746,0.328856298,0.303935837,0.287692628,0.271312169,0.256099329,0.25176806,0.247248419,0.234859455,0.230680733,0.224785178,0.216647211,0.211827449,0.206455681,0.202719529,0.201109102,0.198895142,0.195418594,2.2810707,-2.0136516
100_209,Conc,100,LL2112_NC_conc.csv,post_iqr,22.99817753,8.954663616,-1.08046663,-9.784894027,-9.674618957,-3.160641135,-1.421053011,0.249526244,3.427366695,2.787103034,0.23147184,2.679594341,2.863335724,-3.362247028,2.53612407,0.899591051,1.656188888,-0.96812611,-0.353022797,1.633541468,-2.207987428,-1.659426049,-2.638849988,-3.107135322,-0.396184923,-1.406773391,2.630612088,-3.900144948,1.160658281,2.380746097,40.70366019,3.58978344,2.257757855,1.125741172,0.835700009,0.76100776,0.709609225,0.626002438,0.485491093,0.448306336,0.429627251,0.376956372,0.352638746,0.328856298,0.303935837,0.287692628,0.271312169,0.256099329,0.25176806,0.247248419,0.234859455,0.230680733,0.224785178,0.216647211,0.211827449,0.206455681,0.202719529,0.201109102,0.198895142,0.195418594,3.5056536,0.31756425
100_211,Conc,100,LL2112_NC_conc.csv,post_iqr,20.36652543,6.105559279,-3.460446916,-6.359960997,-4.003113852,-1.669016704,-7.518240329,3.709994865,-3.043751022,2.661796215,-2.518552186,4.312579764,2.441625529,1.549490413,1.153640112,3.275361813,-3.022137779,-6.507695679,1.370154391,3.514859308,1.238827496,-1.912968304,1.17261394,2.288762566,2.082855928,5.39966097,-2.80987428,0.203830849,1.007644791,-2.114815812,40.70366019,3.58978344,2.257757855,1.125741172,0.835700009,0.76100776,0.709609225,0.626002438,0.485491093,0.448306336,0.429627251,0.376956372,0.352638746,0.328856298,0.303935837,0.287692628,0.271312169,0.256099329,0.25176806,0.247248419,0.234859455,0.230680733,0.224785178,0.216647211,0.211827449,0.206455681,0.202719529,0.201109102,0.198895142,0.195418594,3.561438,-0.021547625
100_212,Conc,100,LL2112_NC_conc.csv,post_iqr,21.83243649,11.49726036,2.259065641,6.142442485,-10.59716785,-9.394791852,-3.125940236,1.571657072,0.014603436,-1.017235141,5.058712617,6.679689053,3.23426463,-2.056346985,0.665398196,0.947112944,0.152066349,-5.803672118,0.952832725,-0.66075016,0.197329124,-0.497415969,-4.731185832,2.542615471,1.165533335,-1.144937806,-4.066057112,-0.040382921,1.984957141,3.596513811,40.70366019,3.58978344,2.257757855,1.125741172,0.835700009,0.76100776,0.709609225,0.626002438,0.485491093,0.448306336,0.429627251,0.376956372,0.352638746,0.328856298,0.303935837,0.287692628,0.271312169,0.256099329,0.25176806,0.247248419,0.234859455,0.230680733,0.224785178,0.216647211,0.211827449,0.206455681,0.202719529,0.201109102,0.198895142,0.195418594,1.9632499,-2.3154707
100_213,Conc,100,LL2112_NC_conc.csv,post_iqr,22.69234903,6.233436246,-2.400148132,-3.043292493,-0.156849383,1.660889655,-8.716961795,4.223599619,-0.572668216,3.878137732,0.357297243,0.022404188,2.891735471,1.672638969,-9.110182385,0.30127519,3.077259432,-7.62735405,-3.322600279,-1.503250056,2.543483066,1.617333404,-4.677269519,5.402126931,0.094530783,1.613486104,0.993634275,-1.429440859,0.182734378,-0.939378615,40.70366019,3.58978344,2.257757855,1.125741172,0.835700009,0.76100776,0.709609225,0.626002438,0.485491093,0.448306336,0.429627251,0.376956372,0.352638746,0.328856298,0.303935837,0.287692628,0.271312169,0.256099329,0.25176806,0.247248419,0.234859455,0.230680733,0.224785178,0.216647211,0.211827449,0.206455681,0.202719529,0.201109102,0.198895142,0.195418594,3.558802,0.04370743
100_214,Conc,100,LL2112_NC_conc.csv,post_iqr,23.11673742,-0.834853018,-4.293085283,-13.15592464,-13.25194967,-3.175941324,-1.948750149,2.83923736,0.756898155,6.71725429,-2.532956983,3.994981428,7.259093223,-1.573714035,4.887221701,1.878917953,1.206522107,0.122065845,-0.046416918,0.793090472,-1.295899442,-0.957336255,-3.421180454,0.647261807,3.403452988,2.700691448,3.057581918,-1.577611214,0.429787988,-0.40848028,40.70366019,3.58978344,2.257757855,1.125741172,0.835700009,0.76100776,0.709609225,0.626002438,0.485491093,0.448306336,0.429627251,0.376956372,0.352638746,0.328856298,0.303935837,0.287692628,0.271312169,0.256099329,0.25176806,0.247248419,0.234859455,0.230680733,0.224785178,0.216647211,0.211827449,0.206455681,0.202719529,0.201109102,0.198895142,0.195418594,3.721849,0.76149887
100_294,Conc,100,LL2112_NC_conc.csv,post_iqr,25.0457011,12.10565611,-3.822876214,-1.365296153,9.211669629,4.973876456,1.003441832,-4.091230607,1.4345092,0.69015449,2.746317821,-0.809444607,-1.456882724,-4.629132548,2.874243511,-4.203114592,-0.050388538,0.138406024,-3.480406637,1.288601504,-6.109312521,-1.722056817,-1.679396153,-2.372030393,0.333544393,1.295362257,-2.146573322,-0.514711462,-2.213849216,1.195094154,40.70366019,3.58978344,2.257757855,1.125741172,0.835700009,0.76100776,0.709609225,0.626002438,0.485491093,0.448306336,0.429627251,0.376956372,0.352638746,0.328856298,0.303935837,0.287692628,0.271312169,0.256099329,0.25176806,0.247248419,0.234859455,0.230680733,0.224785178,0.216647211,0.211827449,0.206455681,0.202719529,0.201109102,0.198895142,0.195418594,2.4414055,-0.69772226
100_295,Conc,100,LL2112_NC_conc.csv,post_iqr,26.54046662,8.353634169,1.174392506,-0.525838829,7.239844537,7.648207908,2.622982187,-3.29126216,3.527922683,-2.097555542,-0.969060664,-3.479351874,-1.196599465,-2.213719296,2.168116886,-1.922374578,1.216148608,-3.032878572,-1.057312564,-0.315582544,-0.53879902,2.422412994,-0.539862608,1.441254807,1.529025958,1.723104507,1.52640135,-2.424094479,-2.052411243,1.420014351,40.70366019,3.58978344,2.257757855,1.125741172,0.835700009,0.76100776,0.709609225,0.626002438,0.485491093,0.448306336,0.429627251,0.376956372,0.352638746,0.328856298,0.303935837,0.287692628,0.271312169,0.256099329,0.25176806,0.247248419,0.234859455,0.230680733,0.224785178,0.216647211,0.211827449,0.206455681,0.202719529,0.201109102,0.198895142,0.195418594,2.9311025,-0.46312815
100_296,Conc,100,LL2112_NC_conc.csv,post_iqr,28.03165477,1.056262753,9.271737529,6.089863082,-6.229479472,0.954002949,6.539264678,-6.405937454,4.744419264,-0.698056764,1.75880593,-3.62575453,-1.61855151,-2.343301012,2.108474851,-0.652239713,0.400209198,-0.30016975,-1.145715838,-1.811985756,1.652541799,0.999376134,-0.963389848,0.215724223,1.08567319,0.314131364,1.172502159,-0.270947388,-1.139676944,-2.734075581,40.70366019,3.58978344,2.257757855,1.125741172,0.835700009,0.76100776,0.709609225,0.626002438,0.485491093,0.448306336,0.429627251,0.376956372,0.352638746,0.328856298,0.303935837,0.287692628,0.271312169,0.256099329,0.25176806,0.247248419,0.234859455,0.230680733,0.224785178,0.216647211,0.211827449,0.206455681,0.202719529,0.201109102,0.198895142,0.195418594,1.9118452,-0.70029527
100_297,Conc,100,LL2112_NC_conc.csv,post_iqr,29.2216007,4.63782606,3.689474355,6.012309136,9.260628103,1.737848234,-0.921971791,-3.457064974,1.350640892,-1.060646511,-0.749228128,0.671610799,-4.483734569,-0.200641492,1.366937356,1.341281573,-3.118864388,0.528959494,-1.587601589,-0.186698075,-0.261313301,-2.625660239,0.152454491,2.470078974,0.084673745,1.071217662,-0.081559124,-1.932261918,0.408518785,-0.882380741,40.70366019,3.58978344,2.257757855,1.125741172,0.835700009,0.76100776,0.709609225,0.626002438,0.485491093,0.448306336,0.429627251,0.376956372,0.352638746,0.328856298,0.303935837,0.287692628,0.271312169,0.256099329,0.25176806,0.247248419,0.234859455,0.230680733,0.224785178,0.216647211,0.211827449,0.206455681,0.202719529,0.201109102,0.198895142,0.195418594,2.6394103,-1.3242373
100_298,Conc,100,LL2112_NC_conc.csv,post_iqr,27.77652764,-8.644136048,5.857806117,-10.74270465,-5.857160198,2.567195037,2.225518739,-4.897039376,5.962775191,-1.260069741,-1.014331835,-1.645631336,-0.799311764,-0.392130392,0.919602982,-2.065192566,-2.78864114,1.155302486,-0.128067327,-0.964500547,2.192547541,-3.01941975,2.482726501,-0.818831242,2.140534097,-0.935936259,0.974509493,-0.516304041,1.017371163,1.170768744,40.70366019,3.58978344,2.257757855,1.125741172,0.835700009,0.76100776,0.709609225,0.626002438,0.485491093,0.448306336,0.429627251,0.376956372,0.352638746,0.328856298,0.303935837,0.287692628,0.271312169,0.256099329,0.25176806,0.247248419,0.234859455,0.230680733,0.224785178,0.216647211,0.211827449,0.206455681,0.202719529,0.201109102,0.198895142,0.195418594,3.1618142,1.2024518
100_300,Conc,100,LL2112_NC_conc.csv,post_iqr,11.32501133,1.141957011,16.85574989,-3.376268061,-2.980718013,3.439710996,8.018125683,-4.255787781,2.407913213,1.444219358,-0.949406374,1.897868895,-5.452154328,-4.9607798,3.615172507,-0.450323454,0.512578318,-2.797525861,-1.165365551,1.960314605,-0.21891379,-0.462088263,-2.409466485,-0.235763535,-0.633226434,1.303798987,2.876564401,-2.655694078,-0.260893289,-1.524637882,40.70366019,3.58978344,2.257757855,1.125741172,0.835700009,0.76100776,0.709609225,0.626002438,0.485491093,0.448306336,0.429627251,0.376956372,0.352638746,0.328856298,0.303935837,0.287692628,0.271312169,0.256099329,0.25176806,0.247248419,0.234859455,0.230680733,0.224785178,0.216647211,0.211827449,0.206455681,0.202719529,0.201109102,0.198895142,0.195418594,9.533961,3.8283544
100_301,Conc,100,LL2112_NC_conc.csv,post_iqr,26.66368077,4.619709331,6.250383412,5.423077043,-2.249504454,-0.270081362,5.018410079,-5.843078348,3.229283219,-1.139383424,0.091372889,-6.703866339,-4.233711803,1.298639787,1.82946423,3.493949369,0.060067785,0.744727309,-3.978211119,-1.935626606,-1.199784731,0.937697379,-2.076339322,1.386040513,-0.114361172,1.590106409,-0.15291534,-0.865876248,0.304748378,-2.430248494,40.70366019,3.58978344,2.257757855,1.125741172,0.835700009,0.76100776,0.709609225,0.626002438,0.485491093,0.448306336,0.429627251,0.376956372,0.352638746,0.328856298,0.303935837,0.287692628,0.271312169,0.256099329,0.25176806,0.247248419,0.234859455,0.230680733,0.224785178,0.216647211,0.211827449,0.206455681,0.202719529,0.201109102,0.198895142,0.195418594,2.273436,-0.8131359
100_302,Conc,100,LL2112_NC_conc.csv,post_iqr,24.85940005,2.751803234,7.189169412,1.726249354,2.57247976,3.112058974,0.85685616,-3.374364825,5.335329112,1.421803135,-4.171280888,-1.210784623,-4.940039488,1.333520331,4.955565439,-1.287090953,-2.013215564,-1.385313091,2.880668882,1.991990865,1.027275771,0.428324535,3.522399189,1.153656443,0.775896719,0.525451665,-0.632947683,-0.754286422,-0.082343225,4.000839238,40.70366019,3.58978344,2.257757855,1.125741172,0.835700009,0.76100776,0.709609225,0.626002438,0.485491093,0.448306336,0.429627251,0.376956372,0.352638746,0.328856298,0.303935837,0.287692628,0.271312169,0.256099329,0.25176806,0.247248419,0.234859455,0.230680733,0.224785178,0.216647211,0.211827449,0.206455681,0.202719529,0.201109102,0.198895142,0.195418594,3.2305121,-0.9695644
100_303,Conc,100,LL2112_NC_conc.csv,post_iqr,24.7624013,8.276401503,-3.46118768,3.602756077,10.12939953,2.116617971,0.464390276,-3.304428729,0.608565454,-4.001292111,4.865517344,0.382348151,-2.459894238,-2.252297188,3.349309601,-0.532521424,-1.308315223,-0.148534585,-4.141875988,0.022597997,-2.716535579,-0.128473457,-4.364943633,4.214599933,0.268448838,2.59736735,-2.013626204,1.280383206,0.689928372,-1.445494651,40.70366019,3.58978344,2.257757855,1.125741172,0.835700009,0.76100776,0.709609225,0.626002438,0.485491093,0.448306336,0.429627251,0.376956372,0.352638746,0.328856298,0.303935837,0.287692628,0.271312169,0.256099329,0.25176806,0.247248419,0.234859455,0.230680733,0.224785178,0.216647211,0.211827449,0.206455681,0.202719529,0.201109102,0.198895142,0.195418594,2.1414313,-1.4206002
100_304,Conc,100,LL2112_NC_conc.csv,post_iqr,30.75703771,4.200700452,6.044081598,-4.112093247,-0.598109633,3.78886374,4.526351884,-4.729708753,3.942497342,-1.231531227,0.661354637,-7.434218775,-3.302426345,1.859796961,0.475602329,-2.698837176,-0.117520695,1.879618988,-3.750804942,-1.846364938,-1.097741246,2.39454508,2.597456678,-0.380774368,-0.489541758,-0.797169267,0.112793463,0.518117318,0.042107819,1.234739012,40.70366019,3.58978344,2.257757855,1.125741172,0.835700009,0.76100776,0.709609225,0.626002438,0.485491093,0.448306336,0.429627251,0.376956372,0.352638746,0.328856298,0.303935837,0.287692628,0.271312169,0.256099329,0.25176806,0.247248419,0.234859455,0.230680733,0.224785178,0.216647211,0.211827449,0.206455681,0.202719529,0.201109102,0.198895142,0.195418594,1.9217677,0.07147681
100_305,Conc,100,LL2112_NC_conc.csv,post_iqr,28.26277454,12.45188257,4.094499941,4.81053487,-3.966948863,-3.116619981,7.018157892,-6.605550428,5.171654431,-2.110821761,4.513939938,-1.685092485,-4.078058745,0.38128967,3.424331669,0.003665232,-0.567772813,1.304898121,-3.141030533,-1.573899519,0.585810686,2.529012454,-1.737680145,-1.352406557,0.987274462,0.100042306,4.644960284,-1.118959599,0.489683655,0.322701061,40.70366019,3.58978344,2.257757855,1.125741172,0.835700009,0.76100776,0.709609225,0.626002438,0.485491093,0.448306336,0.429627251,0.376956372,0.352638746,0.328856298,0.303935837,0.287692628,0.271312169,0.256099329,0.25176806,0.247248419,0.234859455,0.230680733,0.224785178,0.216647211,0.211827449,0.206455681,0.202719529,0.201109102,0.198895142,0.195418594,1.8710698,-1.2034756
100_306,Conc,100,LL2112_NC_conc.csv,post_iqr,-58.98046957,7.684582962,-18.96416432,9.952509523,4.237688581,12.76454164,6.301788471,7.084381765,9.982460326,-7.319668865,-4.17282879,3.007088265,0.047238573,-3.525248716,14.94386941,11.59578064,-7.513681104,-2.793115544,-14.59956361,-5.617920687,-15.07727619,3.647208491,-0.704340631,3.792974767,0.970804497,2.78587619,-0.979451808,3.180664143,17.11937745,3.645905428,40.70366019,3.58978344,2.257757855,1.125741172,0.835700009,0.76100776,0.709609225,0.626002438,0.485491093,0.448306336,0.429627251,0.376956372,0.352638746,0.328856298,0.303935837,0.287692628,0.271312169,0.256099329,0.25176806,0.247248419,0.234859455,0.230680733,0.224785178,0.216647211,0.211827449,0.206455681,0.202719529,0.201109102,0.198895142,0.195418594,10.793945,4.268678
100_307,Conc,100,LL2112_NC_conc.csv,post_iqr,-73.12022224,-1.564238247,1.904449245,-4.0915974,-7.300148107,15.32143254,7.460723537,-3.86003675,0.618658176,-4.399581365,8.018625097,-1.174395192,-1.882334874,-0.764141304,-1.21657892,1.307463206,0.917910041,-0.426116869,5.414207381,0.660900293,-6.957454785,2.497695855,2.099419989,6.564062404,3.526932647,1.405432524,5.666227953,1.236634893,-6.392942888,6.914773343,40.70366019,3.58978344,2.257757855,1.125741172,0.835700009,0.76100776,0.709609225,0.626002438,0.485491093,0.448306336,0.429627251,0.376956372,0.352638746,0.328856298,0.303935837,0.287692628,0.271312169,0.256099329,0.25176806,0.247248419,0.234859455,0.230680733,0.224785178,0.216647211,0.211827449,0.206455681,0.202719529,0.201109102,0.198895142,0.195418594,11.922667,4.5503473
100_308,Conc,100,LL2112_NC_conc.csv,post_iqr,27.18470721,6.033262197,1.621937599,1.588875965,9.610676384,3.135254366,0.815733508,-4.388307163,3.988376191,-0.481021791,0.236736764,-3.508428471,-5.037669809,1.857712783,2.433927853,0.206588884,0.095593307,-1.595394696,-0.628552593,1.478648527,-1.648711426,0.953967182,0.827767885,1.51930693,1.300922715,2.716690068,1.408250046,-0.051682206,-1.777842851,-0.139582486,40.70366019,3.58978344,2.257757855,1.125741172,0.835700009,0.76100776,0.709609225,0.626002438,0.485491093,0.448306336,0.429627251,0.376956372,0.352638746,0.328856298,0.303935837,0.287692628,0.271312169,0.256099329,0.25176806,0.247248419,0.234859455,0.230680733,0.224785178,0.216647211,0.211827449,0.206455681,0.202719529,0.201109102,0.198895142,0.195418594,2.4692116,-1.4643086
100_309,Conc,100,LL2112_NC_conc.csv,post_iqr,31.77593485,7.027440402,5.372528528,-5.430183183,-2.058479303,7.090066646,3.630228572,-6.301503495,3.46520531,-4.807333476,2.076454371,-6.227547245,-0.233946447,-1.400449123,1.263349124,-3.770470005,0.592810747,3.207017862,-3.522140462,-1.672389318,1.78343621,1.382624097,-0.68419113,-0.288486833,-0.584338359,-1.976618862,-0.372625024,-0.431479132,-1.263676255,-1.022411254,40.70366019,3.58978344,2.257757855,1.125741172,0.835700009,0.76100776,0.709609225,0.626002438,0.485491093,0.448306336,0.429627251,0.376956372,0.352638746,0.328856298,0.303935837,0.287692628,0.271312169,0.256099329,0.25176806,0.247248419,0.234859455,0.230680733,0.224785178,0.216647211,0.211827449,0.206455681,0.202719529,0.201109102,0.198895142,0.195418594,1.8744785,0.04030176
100_310,Conc,100,LL2112_NC_conc.csv,post_iqr,-76.02992596,4.257659762,-5.025003919,0.789853682,5.72523934,5.17002764,1.749194862,-3.731334133,-1.816466561,2.711104462,0.049314639,-1.195677525,-5.852369469,1.846322762,4.95634349,-5.599513242,-2.92468685,-8.001647133,-7.999129158,-4.383337421,3.436792921,-4.74149955,-2.32038749,0.923285298,-3.56238279,-1.838875679,-10.66520174,4.349577721,5.951727496,-5.302680957,40.70366019,3.58978344,2.257757855,1.125741172,0.835700009,0.76100776,0.709609225,0.626002438,0.485491093,0.448306336,0.429627251,0.376956372,0.352638746,0.328856298,0.303935837,0.287692628,0.271312169,0.256099329,0.25176806,0.247248419,0.234859455,0.230680733,0.224785178,0.216647211,0.211827449,0.206455681,0.202719529,0.201109102,0.198895142,0.195418594,11.696946,5.059167
100_312,Conc,100,LL2112_NC_conc.csv,post_iqr,29.12003094,7.026017285,8.583527791,6.861796552,5.78419324,4.214231752,0.341486547,-3.639337196,4.292504118,-1.344578665,-0.247695161,-2.768062487,-3.190130128,2.768020216,1.887161915,1.91650403,-1.524965332,3.095527484,-1.566850681,-1.385926684,0.488102185,-0.661481377,0.191021841,0.478545641,-0.054730222,1.239061969,2.222433178,-0.653608261,-1.656384218,-0.021289668,40.70366019,3.58978344,2.257757855,1.125741172,0.835700009,0.76100776,0.709609225,0.626002438,0.485491093,0.448306336,0.429627251,0.376956372,0.352638746,0.328856298,0.303935837,0.287692628,0.271312169,0.256099329,0.25176806,0.247248419,0.234859455,0.230680733,0.224785178,0.216647211,0.211827449,0.206455681,0.202719529,0.201109102,0.198895142,0.195418594,2.2734375,-1.4101604
100_313,Conc,100,LL2112_NC_conc.csv,post_iqr,24.45749687,0.196818249,9.566223374,1.164928183,3.80929122,4.834123077,3.464739736,-5.013341239,7.030165644,1.780273031,-1.710704393,-6.109938836,-5.405251867,0.763600642,-2.890030741,-0.567040354,1.064713339,1.546849081,-2.666323528,-3.23670678,-5.061092289,0.427524798,1.868108839,-0.865185923,-0.17891185,-1.674509827,-0.110170832,-0.039296006,-1.853042521,0.363472209,40.70366019,3.58978344,2.257757855,1.125741172,0.835700009,0.76100776,0.709609225,0.626002438,0.485491093,0.448306336,0.429627251,0.376956372,0.352638746,0.328856298,0.303935837,0.287692628,0.271312169,0.256099329,0.25176806,0.247248419,0.234859455,0.230680733,0.224785178,0.216647211,0.211827449,0.206455681,0.202719529,0.201109102,0.198895142,0.195418594,3.0722141,-1.1433396
100_314,Conc,100,LL2112_NC_conc.csv,post_iqr,26.44261825,8.788852767,5.428698562,5.327440289,2.929473115,2.12609151,2.580926599,-3.136214812,1.883870934,0.300904847,-2.698713765,-4.4300884,-3.494255986,-0.671168114,5.488928313,1.714356838,1.780824312,0.209506634,-0.262043097,-0.920416092,-0.937228592,3.392217917,0.309487867,1.909015052,-0.259394639,-1.103701651,-1.205744846,-0.313235934,0.151600904,1.144976526,40.70366019,3.58978344,2.257757855,1.125741172,0.835700009,0.76100776,0.709609225,0.626002438,0.485491093,0.448306336,0.429627251,0.376956372,0.352638746,0.328856298,0.303935837,0.287692628,0.271312169,0.256099329,0.25176806,0.247248419,0.234859455,0.230680733,0.224785178,0.216647211,0.211827449,0.206455681,0.202719529,0.201109102,0.198895142,0.195418594,2.2997613,-1.4677081
100_315,Conc,100,LL2112_NC_conc.csv,post_iqr,31.34394861,3.794140764,-23.36680026,-13.2941116,3.20352106,-12.68169616,1.132333153,-10.20001869,0.622939295,0.073429254,1.923579874,-0.052825972,-6.127334029,3.298453616,3.77100627,-3.148951266,-1.815975326,12.57714055,-6.201175916,-7.88926439,7.398593142,1.150197701,-1.610346781,1.408383055,1.585121644,-6.467709112,2.637789879,-1.917496121,1.181171239,-3.217226496,40.70366019,3.58978344,2.257757855,1.125741172,0.835700009,0.76100776,0.709609225,0.626002438,0.485491093,0.448306336,0.429627251,0.376956372,0.352638746,0.328856298,0.303935837,0.287692628,0.271312169,0.256099329,0.25176806,0.247248419,0.234859455,0.230680733,0.224785178,0.216647211,0.211827449,0.206455681,0.202719529,0.201109102,0.198895142,0.195418594,2.772435,0.6378956
100_316,Conc,100,LL2112_NC_conc.csv,post_iqr,27.61686418,8.1131229,0.759191944,-4.25052326,7.443769147,9.81952662,3.151056096,-2.76813361,1.511478852,-6.432819126,2.381470583,-0.121111115,0.271984932,-1.771761097,4.906152468,-2.326213383,-0.782567862,-1.632472502,-0.522910383,1.956461718,0.88140533,-1.802475456,4.532818078,1.534596696,-0.271043827,4.716592197,2.123770212,0.286579228,-0.503050367,-0.272692531,40.70366019,3.58978344,2.257757855,1.125741172,0.835700009,0.76100776,0.709609225,0.626002438,0.485491093,0.448306336,0.429627251,0.376956372,0.352638746,0.328856298,0.303935837,0.287692628,0.271312169,0.256099329,0.25176806,0.247248419,0.234859455,0.230680733,0.224785178,0.216647211,0.211827449,0.206455681,0.202719529,0.201109102,0.198895142,0.195418594,2.4613008,-0.21216123
100_317,Conc,100,LL2112_NC_conc.csv,post_iqr,28.57753557,14.82156559,5.355719012,2.477647702,-4.22732067,-2.000331488,-0.606790083,-2.564609064,1.838301931,-2.481773352,3.216816287,-2.268349742,-1.287722231,1.30096916,0.9954198,-0.020932422,0.210973815,1.825170838,-1.92841593,-0.958159901,-0.242323414,1.619482854,-1.172863297,-0.88012888,-2.345325456,0.246883709,-1.485700976,-0.081335782,-0.0511708,-0.488694638,40.70366019,3.58978344,2.257757855,1.125741172,0.835700009,0.76100776,0.709609225,0.626002438,0.485491093,0.448306336,0.429627251,0.376956372,0.352638746,0.328856298,0.303935837,0.287692628,0.271312169,0.256099329,0.25176806,0.247248419,0.234859455,0.230680733,0.224785178,0.216647211,0.211827449,0.206455681,0.202719529,0.201109102,0.198895142,0.195418594,1.8496963,-1.3426898
100_318,Conc,100,LL2112_NC_conc.csv,post_iqr,27.52627827,7.636692285,4.656327502,-0.638942833,0.269300646,2.279756971,-1.508282087,-0.354920025,-0.966071407,-0.654547672,-1.886407824,-0.0914829,0.045576284,-1.692495921,1.886610783,-0.189602341,-1.169905419,0.088690453,-1.016562786,2.41356143,1.061079229,-2.611612938,0.156516594,2.718946337,-3.79525601,-1.113800749,-0.552366132,-3.22413143,-0.103765061,-3.74847879,40.70366019,3.58978344,2.257757855,1.125741172,0.835700009,0.76100776,0.709609225,0.626002438,0.485491093,0.448306336,0.429627251,0.376956372,0.352638746,0.328856298,0.303935837,0.287692628,0.271312169,0.256099329,0.25176806,0.247248419,0.234859455,0.230680733,0.224785178,0.216647211,0.211827449,0.206455681,0.202719529,0.201109102,0.198895142,0.195418594,2.8945763,-1.0095556
100_319,Conc,100,LL2112_NC_conc.csv,post_iqr,30.16515731,3.666112658,3.076874281,-3.213018835,-1.385986885,-1.065367669,5.654481439,-6.545477084,5.337698859,0.54790509,1.407319849,-3.904517022,-4.340231651,0.589257879,3.887047775,0.464453476,1.245725777,2.270590419,-3.070924324,-1.790450779,1.314810768,1.583306264,-0.843350603,-0.811729939,1.108296694,-0.46044262,1.95029853,-0.644742032,-0.286625772,-1.374535738,40.70366019,3.58978344,2.257757855,1.125741172,0.835700009,0.76100776,0.709609225,0.626002438,0.485491093,0.448306336,0.429627251,0.376956372,0.352638746,0.328856298,0.303935837,0.287692628,0.271312169,0.256099329,0.25176806,0.247248419,0.234859455,0.230680733,0.224785178,0.216647211,0.211827449,0.206455681,0.202719529,0.201109102,0.198895142,0.195418594,1.9126009,-0.07287916
100_320,Conc,100,LL2112_NC_conc.csv,post_iqr,-57.94440615,6.137397718,8.32051199,1.998644355,0.118455373,18.58536021,11.72805508,6.840576159,-5.788872633,-2.121677351,6.751957275,0.193749648,-9.648220348,4.547576854,-1.858837032,0.320446914,-2.189631339,0.858582113,1.806973325,3.967928562,-1.015250116,2.254979502,-1.8395227,-1.477672644,4.647070163,5.14756781,6.497200465,2.265415975,-2.03984577,1.984559082,40.70366019,3.58978344,2.257757855,1.125741172,0.835700009,0.76100776,0.709609225,0.626002438,0.485491093,0.448306336,0.429627251,0.376956372,0.352638746,0.328856298,0.303935837,0.287692628,0.271312169,0.256099329,0.25176806,0.247248419,0.234859455,0.230680733,0.224785178,0.216647211,0.211827449,0.206455681,0.202719529,0.201109102,0.198895142,0.195418594,11.086572,4.4947762
100_321,Conc,100,LL2112_NC_conc.csv,post_iqr,30.7794069,0.205504816,5.045174892,-9.839006902,3.947804479,9.959419609,1.634198027,-5.535845888,4.107543548,-2.534274936,1.383746765,-2.775419156,0.114755612,-1.356587702,2.932030977,-3.134607641,-3.094834619,0.556694687,-1.147303666,-1.531940526,0.97319041,-2.087054674,-0.147544912,1.767242314,0.10360066,1.557426802,-1.423787547,-1.043503521,-2.259516152,-2.377633929,40.70366019,3.58978344,2.257757855,1.125741172,0.835700009,0.76100776,0.709609225,0.626002438,0.485491093,0.448306336,0.429627251,0.376956372,0.352638746,0.328856298,0.303935837,0.287692628,0.271312169,0.256099329,0.25176806,0.247248419,0.234859455,0.230680733,0.224785178,0.216647211,0.211827449,0.206455681,0.202719529,0.201109102,0.198895142,0.195418594,2.7081342,0.8373983
100_322,Conc,100,LL2112_NC_conc.csv,post_iqr,29.56370075,-1.961709157,-1.731338049,-10.17016845,-3.45378929,-0.331580856,8.307617151,-6.951578076,5.00456343,-5.17223963,1.949302725,-1.932975753,-6.621138017,2.923547669,4.831996402,-3.409190778,-2.167598443,-3.133755097,-1.840971086,-0.242240153,1.857855025,-0.964361099,1.379327153,1.449720768,0.701751985,1.779362314,-1.21764186,-2.844329435,0.030572369,0.722448313,40.70366019,3.58978344,2.257757855,1.125741172,0.835700009,0.76100776,0.709609225,0.626002438,0.485491093,0.448306336,0.429627251,0.376956372,0.352638746,0.328856298,0.303935837,0.287692628,0.271312169,0.256099329,0.25176806,0.247248419,0.234859455,0.230680733,0.224785178,0.216647211,0.211827449,0.206455681,0.202719529,0.201109102,0.198895142,0.195418594,2.1202807,0.3116438
100_323,Conc,100,LL2112_NC_conc.csv,post_iqr,-77.9448289,-5.248674087,-2.998221772,-0.587507831,4.464909768,-1.552005554,1.897811223,-11.50272026,8.647424106,0.796677866,-4.161108432,-4.785330589,-2.674448836,2.485175299,2.95234387,2.03963583,-2.510707834,-1.856902739,2.094433157,-3.632637637,1.2911845,4.697596205,6.078490091,4.485407371,0.61319856,2.405778853,0.344795029,0.961259221,4.421922407,-6.692743183,40.70366019,3.58978344,2.257757855,1.125741172,0.835700009,0.76100776,0.709609225,0.626002438,0.485491093,0.448306336,0.429627251,0.376956372,0.352638746,0.328856298,0.303935837,0.287692628,0.271312169,0.256099329,0.25176806,0.247248419,0.234859455,0.230680733,0.224785178,0.216647211,0.211827449,0.206455681,0.202719529,0.201109102,0.198895142,0.195418594,11.644551,5.9299827
100_324,Conc,100,LL2112_NC_conc.csv,post_iqr,29.04392434,12.36499358,-0.732299534,3.563108514,7.999298932,1.06663752,3.60568952,-4.934730471,0.57400021,-3.193876809,0.747877951,0.328828372,-5.36733882,1.811343052,4.14323199,-0.298348772,-2.714578495,-0.313485002,-1.529354432,1.718055892,-1.784194072,-0.851553897,-1.336530246,4.159943673,-1.094849494,4.180366891,-1.293998118,0.696133126,-0.247261714,0.269182645,40.70366019,3.58978344,2.257757855,1.125741172,0.835700009,0.76100776,0.709609225,0.626002438,0.485491093,0.448306336,0.429627251,0.376956372,0.352638746,0.328856298,0.303935837,0.287692628,0.271312169,0.256099329,0.25176806,0.247248419,0.234859455,0.230680733,0.224785178,0.216647211,0.211827449,0.206455681,0.202719529,0.201109102,0.198895142,0.195418594,2.0362475,-1.6480309
100_325,Conc,100,LL2112_NC_conc.csv,post_iqr,-81.74159267,-4.382890726,12.99927339,-1.272550255,-0.261142031,-0.239462163,6.429799165,-7.432892209,2.25933545,3.355539174,-0.145284951,0.347346163,-8.867920058,-8.25459987,-1.128127696,0.830702793,1.805035506,5.168358681,-1.624547343,-2.292204101,-5.408651865,0.108372623,-6.073449857,4.837485335,0.720230149,1.627824317,1.882768174,5.332865961,0.977774917,-4.658434469,40.70366019,3.58978344,2.257757855,1.125741172,0.835700009,0.76100776,0.709609225,0.626002438,0.485491093,0.448306336,0.429627251,0.376956372,0.352638746,0.328856298,0.303935837,0.287692628,0.271312169,0.256099329,0.25176806,0.247248419,0.234859455,0.230680733,0.224785178,0.216647211,0.211827449,0.206455681,0.202719529,0.201109102,0.198895142,0.195418594,11.979024,5.8716793
100_326,Conc,100,LL2112_NC_conc.csv,post_iqr,-47.67563316,-9.450142831,5.182187363,-12.76422198,7.443208737,-0.479453037,1.457155476,8.32603125,2.820959935,-11.30382948,9.109043309,3.48909561,2.194060664,-5.902856882,2.095128225,1.649163627,-5.135837377,-3.666229077,-5.866810821,0.487570102,-5.795011966,-10.28344699,-1.234488833,3.040539507,2.701954546,-5.887904816,1.706668021,-10.06393435,-0.625237392,0.780349658,40.70366019,3.58978344,2.257757855,1.125741172,0.835700009,0.76100776,0.709609225,0.626002438,0.485491093,0.448306336,0.429627251,0.376956372,0.352638746,0.328856298,0.303935837,0.287692628,0.271312169,0.256099329,0.25176806,0.247248419,0.234859455,0.230680733,0.224785178,0.216647211,0.211827449,0.206455681,0.202719529,0.201109102,0.198895142,0.195418594,10.238605,4.498505
100_327,Conc,100,LL2112_NC_conc.csv,post_iqr,26.93711206,11.63349911,5.997068262,6.289553283,-7.038410268,-3.737132305,7.754473516,-6.789195149,3.363727645,-4.81226859,4.445260915,-1.144123815,-1.505471756,-3.734733429,1.237083433,-1.474880519,1.020271435,-0.365151249,-2.10186115,-1.198639889,1.317236284,0.987251417,-2.084848103,3.666450911,-0.863589172,1.178850761,0.333920415,-0.916454854,0.350144099,-1.050298455,40.70366019,3.58978344,2.257757855,1.125741172,0.835700009,0.76100776,0.709609225,0.626002438,0.485491093,0.448306336,0.429627251,0.376956372,0.352638746,0.328856298,0.303935837,0.287692628,0.271312169,0.256099329,0.25176806,0.247248419,0.234859455,0.230680733,0.224785178,0.216647211,0.211827449,0.206455681,0.202719529,0.201109102,0.198895142,0.195418594,1.8526083,-1.6460427
100_328,Conc,100,LL2112_NC_conc.csv,post_iqr,27.79301041,7.125224393,-3.005435643,-4.426329961,5.864953089,10.80658866,1.847209339,-3.05587519,0.085494235,-8.111811252,6.873120708,-2.77507469,4.550228798,-1.649176145,-0.130800444,-7.597075549,2.002618247,-1.247657784,-2.374906469,-0.909419694,0.076124435,2.501095739,1.329093127,1.672649005,2.218306815,-1.610246527,2.336819199,0.093680249,1.757635734,-1.508452797,40.70366019,3.58978344,2.257757855,1.125741172,0.835700009,0.76100776,0.709609225,0.626002438,0.485491093,0.448306336,0.429627251,0.376956372,0.352638746,0.328856298,0.303935837,0.287692628,0.271312169,0.256099329,0.25176806,0.247248419,0.234859455,0.230680733,0.224785178,0.216647211,0.211827449,0.206455681,0.202719529,0.201109102,0.198895142,0.195418594,2.1978447,0.17616875
100_329,Conc,100,LL2112_NC_conc.csv,post_iqr,28.43763205,-6.522738413,3.587302182,4.174534579,8.280328403,4.097203582,1.766518133,-4.683879257,1.415583657,-7.394780125,0.639279521,2.485506391,-4.014589354,0.694471171,-0.126134008,-0.089007916,-3.321566116,-1.043722392,-0.204598752,-0.494419787,-1.297938174,-3.535503691,0.35963534,4.124092929,0.333097983,2.909212653,0.35709816,-3.217052259,-2.294439747,-0.531491475,40.70366019,3.58978344,2.257757855,1.125741172,0.835700009,0.76100776,0.709609225,0.626002438,0.485491093,0.448306336,0.429627251,0.376956372,0.352638746,0.328856298,0.303935837,0.287692628,0.271312169,0.256099329,0.25176806,0.247248419,0.234859455,0.230680733,0.224785178,0.216647211,0.211827449,0.206455681,0.202719529,0.201109102,0.198895142,0.195418594,2.9169066,-0.03768056
100_330,Conc,100,LL2112_NC_conc.csv,post_iqr,30.14881183,9.402985287,4.374516443,1.956274492,-3.491492944,-3.942230671,5.093455742,-7.113965611,3.986043087,-4.275317565,2.917832729,2.062243514,-6.067961394,2.968055966,0.546866652,-0.768185905,-1.895678477,-0.27591633,-0.207499756,-2.126042268,0.434941784,-0.956474069,-1.289582997,0.831671534,-1.904740632,1.124264018,0.521164147,0.529074621,-1.06961864,1.598655884,40.70366019,3.58978344,2.257757855,1.125741172,0.835700009,0.76100776,0.709609225,0.626002438,0.485491093,0.448306336,0.429627251,0.376956372,0.352638746,0.328856298,0.303935837,0.287692628,0.271312169,0.256099329,0.25176806,0.247248419,0.234859455,0.230680733,0.224785178,0.216647211,0.211827449,0.206455681,0.202719529,0.201109102,0.198895142,0.195418594,1.9531777,-1.024073
100_331,Conc,100,LL2112_NC_conc.csv,post_iqr,25.1529768,6.482157746,-1.387109723,-1.904993436,9.290191523,6.663436746,6.121027747,-3.319721436,3.852169965,5.227807028,-2.325182267,-5.083404325,-5.014681185,-0.950925511,4.517386212,-1.788159228,0.855178915,-4.615488243,-2.240518515,-2.153659023,-4.317153482,1.395790716,-1.312745209,4.619414581,3.431018315,0.841134564,-1.44056002,0.979176343,1.728532446,-2.309049908,40.70366019,3.58978344,2.257757855,1.125741172,0.835700009,0.76100776,0.709609225,0.626002438,0.485491093,0.448306336,0.429627251,0.376956372,0.352638746,0.328856298,0.303935837,0.287692628,0.271312169,0.256099329,0.25176806,0.247248419,0.234859455,0.230680733,0.224785178,0.216647211,0.211827449,0.206455681,0.202719529,0.201109102,0.198895142,0.195418594,3.523306,-0.65807384
100_332,Conc,100,LL2112_NC_conc.csv,post_iqr,27.22713754,-2.346128862,6.801677539,4.05591446,-1.359341671,-4.788072541,6.337763506,-6.140237262,7.475095683,-3.399698396,1.533507125,0.397461324,-6.773284936,3.981471076,-0.536482593,-0.32371121,-3.193270469,1.475105767,-2.763671091,-2.643130812,0.298890661,-1.65897862,-1.320493152,0.876111603,-0.086558142,0.506421961,3.46327271,-2.808653275,-1.723439307,0.512431887,40.70366019,3.58978344,2.257757855,1.125741172,0.835700009,0.76100776,0.709609225,0.626002438,0.485491093,0.448306336,0.429627251,0.376956372,0.352638746,0.328856298,0.303935837,0.287692628,0.271312169,0.256099329,0.25176806,0.247248419,0.234859455,0.230680733,0.224785178,0.216647211,0.211827449,0.206455681,0.202719529,0.201109102,0.198895142,0.195418594,2.4412274,-0.6095061
100_333,Conc,100,LL2112_NC_conc.csv,post_iqr,-47.3897836,5.357941759,13.35023898,5.485284607,0.639241425,-1.807952526,13.08486101,3.603958956,-1.430999475,6.138086328,3.811475266,-3.345630735,-14.21976803,-2.788409905,2.099683351,1.506879515,4.046209205,-6.182499076,-0.830113488,-4.581378517,1.794430097,3.438653069,6.972599095,0.354910069,5.924402201,0.863525733,-3.693695385,0.865754394,-3.330470448,4.861834651,40.70366019,3.58978344,2.257757855,1.125741172,0.835700009,0.76100776,0.709609225,0.626002438,0.485491093,0.448306336,0.429627251,0.376956372,0.352638746,0.328856298,0.303935837,0.287692628,0.271312169,0.256099329,0.25176806,0.247248419,0.234859455,0.230680733,0.224785178,0.216647211,0.211827449,0.206455681,0.202719529,0.201109102,0.198895142,0.195418594,10.685772,4.5761647
100_334,Conc,100,LL2112_NC_conc.csv,post_iqr,26.75612958,16.90050088,2.097265541,9.089802314,9.001458378,1.613116285,0.199639379,-2.579530417,2.128734049,-2.986041536,2.077649683,-1.006095988,-2.131172124,-0.473505839,1.31672137,-0.925132868,0.272425676,0.366211654,-2.109502365,0.457205622,-1.94787766,1.538759226,-3.066699764,3.650038548,-5.842249196,2.51186753,2.382512455,-0.609693686,-1.011854812,-1.800684868,40.70366019,3.58978344,2.257757855,1.125741172,0.835700009,0.76100776,0.709609225,0.626002438,0.485491093,0.448306336,0.429627251,0.376956372,0.352638746,0.328856298,0.303935837,0.287692628,0.271312169,0.256099329,0.25176806,0.247248419,0.234859455,0.230680733,0.224785178,0.216647211,0.211827449,0.206455681,0.202719529,0.201109102,0.198895142,0.195418594,2.4746265,-1.6539962
100_335,Conc,100,LL2112_NC_conc.csv,post_iqr,27.59954594,5.57461939,-2.824259969,-7.716043867,-2.939174488,1.294406809,8.348224062,-6.696379428,4.144817522,-0.371248886,4.860524503,-3.328664784,-2.164065162,0.510645868,2.399140916,-3.815858324,2.022577126,0.385649639,-8.14381659,-0.7743139,-3.494731962,1.060204707,-1.190149648,-0.416913065,1.176785587,4.27953762,0.946609165,-2.200702655,0.879751399,-0.749895013,40.70366019,3.58978344,2.257757855,1.125741172,0.835700009,0.76100776,0.709609225,0.626002438,0.485491093,0.448306336,0.429627251,0.376956372,0.352638746,0.328856298,0.303935837,0.287692628,0.271312169,0.256099329,0.25176806,0.247248419,0.234859455,0.230680733,0.224785178,0.216647211,0.211827449,0.206455681,0.202719529,0.201109102,0.198895142,0.195418594,1.7423971,-0.010031786
100_336,Conc,100,LL2112_NC_conc.csv,post_iqr,28.61945458,16.73015616,6.731985135,10.1482948,5.072972077,3.252538954,4.207201898,-4.516239688,3.308830009,-4.171920978,3.679633924,-0.05305149,-1.806885336,-1.150072957,5.827993712,-1.419553534,0.680112228,-2.406570398,0.99739012,0.658719444,3.272186889,-0.00748509,0.653337774,3.337290372,0.978745543,0.720641975,-1.327669704,4.924921722,-1.188322485,-0.196344353,40.70366019,3.58978344,2.257757855,1.125741172,0.835700009,0.76100776,0.709609225,0.626002438,0.485491093,0.448306336,0.429627251,0.376956372,0.352638746,0.328856298,0.303935837,0.287692628,0.271312169,0.256099329,0.25176806,0.247248419,0.234859455,0.230680733,0.224785178,0.216647211,0.211827449,0.206455681,0.202719529,0.201109102,0.198895142,0.195418594,2.1230373,-1.6389974
100_337,Conc,100,LL2112_NC_conc.csv,post_iqr,31.71083946,11.59725462,3.889866272,-1.375922381,-4.770609112,1.952920935,8.743729542,-5.687173535,2.994042642,-4.049916051,5.362558187,-1.843047615,3.840421887,1.975084767,-1.81980783,-1.629657386,-1.257360452,2.370644993,-2.96373073,-2.252246179,2.118450444,-0.013677823,-4.351689333,-1.062431109,-0.072122803,0.255634823,2.126345641,-0.747863351,-0.439592899,-1.178074158,40.70366019,3.58978344,2.257757855,1.125741172,0.835700009,0.76100776,0.709609225,0.626002438,0.485491093,0.448306336,0.429627251,0.376956372,0.352638746,0.328856298,0.303935837,0.287692628,0.271312169,0.256099329,0.25176806,0.247248419,0.234859455,0.230680733,0.224785178,0.216647211,0.211827449,0.206455681,0.202719529,0.201109102,0.198895142,0.195418594,1.7295153,-0.17624971
100_338,Conc,100,LL2112_NC_conc.csv,post_iqr,24.95995971,18.68900727,1.418068528,4.233634837,0.764528288,-1.335989033,-1.133089591,-1.177949742,0.101926284,2.933298298,2.105634751,-1.421537279,-0.713966594,-1.101210712,2.698209435,-1.869211092,1.637683488,2.25144624,-3.623652071,1.626843121,-2.171634653,3.827610202,0.835559617,1.909327715,0.00289828,1.087429608,-0.909444357,4.84882233,1.620599039,1.20338746,40.70366019,3.58978344,2.257757855,1.125741172,0.835700009,0.76100776,0.709609225,0.626002438,0.485491093,0.448306336,0.429627251,0.376956372,0.352638746,0.328856298,0.303935837,0.287692628,0.271312169,0.256099329,0.25176806,0.247248419,0.234859455,0.230680733,0.224785178,0.216647211,0.211827449,0.206455681,0.202719529,0.201109102,0.198895142,0.195418594,2.0118601,-1.9329948
100_339,Conc,100,LL2112_NC_conc.csv,post_iqr,28.10158289,9.865287613,2.561891814,4.863314126,8.217441177,1.772939751,4.164686,-2.759746488,2.456859637,-2.275546935,-0.064214957,-1.389556753,-6.521990338,-1.014929208,2.833624525,-0.245797769,-0.073898021,-2.020692528,-2.102856514,1.502635325,-1.896763134,0.865143707,-2.574107345,1.174303117,0.236044042,2.388492607,-2.387408716,0.973857163,-1.464148777,2.104365089,40.70366019,3.58978344,2.257757855,1.125741172,0.835700009,0.76100776,0.709609225,0.626002438,0.485491093,0.448306336,0.429627251,0.376956372,0.352638746,0.328856298,0.303935837,0.287692628,0.271312169,0.256099329,0.25176806,0.247248419,0.234859455,0.230680733,0.224785178,0.216647211,0.211827449,0.206455681,0.202719529,0.201109102,0.198895142,0.195418594,2.5401967,-1.6656578
100_340,Conc,100,LL2112_NC_conc.csv,post_iqr,9.682045793,-1.938592751,20.21425225,-3.197866261,-7.380482676,3.465340075,3.081971492,-2.462240304,2.946531071,6.556046074,-1.919621903,-3.126986567,-1.835895786,-5.443221408,-1.0903717,-4.177413065,3.305691232,-0.450624897,-0.672834859,-1.380129509,-0.878698067,0.662981871,0.374222005,0.33527443,3.145225044,-1.191282767,-0.938659168,1.782587255,0.658341191,1.270631301,40.70366019,3.58978344,2.257757855,1.125741172,0.835700009,0.76100776,0.709609225,0.626002438,0.485491093,0.448306336,0.429627251,0.376956372,0.352638746,0.328856298,0.303935837,0.287692628,0.271312169,0.256099329,0.25176806,0.247248419,0.234859455,0.230680733,0.224785178,0.216647211,0.211827449,0.206455681,0.202719529,0.201109102,0.198895142,0.195418594,9.59373,3.8691456
100_342,Conc,100,LL2112_NC_conc.csv,post_iqr,27.5580821,4.371331652,6.8244833,-1.169153487,-5.160914055,-0.277230423,8.07069365,-6.117628377,6.172610524,3.574019265,0.599117615,-3.057313676,-1.911854872,-1.89717304,2.992635421,-0.088993616,0.906357001,-1.607295557,-4.701237573,-2.427246883,-2.642428239,-1.319085357,-0.375773743,-0.946573884,-0.050583757,1.258585453,1.853385374,-0.660673121,-0.468929721,1.645175971,40.70366019,3.58978344,2.257757855,1.125741172,0.835700009,0.76100776,0.709609225,0.626002438,0.485491093,0.448306336,0.429627251,0.376956372,0.352638746,0.328856298,0.303935837,0.287692628,0.271312169,0.256099329,0.25176806,0.247248419,0.234859455,0.230680733,0.224785178,0.216647211,0.211827449,0.206455681,0.202719529,0.201109102,0.198895142,0.195418594,1.7663506,-0.24471602
100_344,Conc,100,LL2112_NC_conc.csv,post_iqr,28.60996234,11.7958886,5.378115116,6.434236491,7.30794416,6.178355536,2.650873863,-3.528063963,3.320188269,-1.602869822,0.711384382,-0.693474456,-3.984979202,-2.335136335,2.67223885,0.731593746,-1.755985991,-2.01113501,-0.822210484,-0.455060974,-2.313562582,-1.895704689,-1.756959075,1.793351865,-1.095489644,2.477328033,0.943782846,-0.158203584,-3.522956067,0.06699604,40.70366019,3.58978344,2.257757855,1.125741172,0.835700009,0.76100776,0.709609225,0.626002438,0.485491093,0.448306336,0.429627251,0.376956372,0.352638746,0.328856298,0.303935837,0.287692628,0.271312169,0.256099329,0.25176806,0.247248419,0.234859455,0.230680733,0.224785178,0.216647211,0.211827449,0.206455681,0.202719529,0.201109102,0.198895142,0.195418594,2.3066864,-1.7040309
100_345,Conc,100,LL2112_NC_conc.csv,post_iqr,20.66964557,8.094137736,-8.369955621,1.952697287,11.09177089,0.058044957,-1.868081522,2.385615578,3.505212729,-2.272666935,-0.664589546,2.465992745,-6.843827759,-0.209348486,-7.123790091,-1.048420137,3.003799707,-12.6291495,-5.268223921,-3.642790359,3.867523774,-0.211428575,-3.948160383,4.035709488,2.697586249,4.760679797,4.990328492,-2.009486144,-4.02053712,1.463338248,40.70366019,3.58978344,2.257757855,1.125741172,0.835700009,0.76100776,0.709609225,0.626002438,0.485491093,0.448306336,0.429627251,0.376956372,0.352638746,0.328856298,0.303935837,0.287692628,0.271312169,0.256099329,0.25176806,0.247248419,0.234859455,0.230680733,0.224785178,0.216647211,0.211827449,0.206455681,0.202719529,0.201109102,0.198895142,0.195418594,2.9362104,-1.1713669
100_346,Conc,100,LL2112_NC_conc.csv,post_iqr,26.99630873,8.467473552,1.518621879,-2.289755015,-6.785862076,-0.608927368,11.5697472,-6.964492119,7.708649863,1.259647578,4.02179338,-1.888969952,-2.41816209,-0.031558416,-3.342599367,-1.528897992,-0.711767996,-6.798888759,-4.745253006,-3.655057285,1.254511202,-0.691827619,-5.374231317,3.867324,-0.281346899,1.80267171,1.868791504,-1.493870355,0.611464922,-0.085931955,40.70366019,3.58978344,2.257757855,1.125741172,0.835700009,0.76100776,0.709609225,0.626002438,0.485491093,0.448306336,0.429627251,0.376956372,0.352638746,0.328856298,0.303935837,0.287692628,0.271312169,0.256099329,0.25176806,0.247248419,0.234859455,0.230680733,0.224785178,0.216647211,0.211827449,0.206455681,0.202719529,0.201109102,0.198895142,0.195418594,1.7032126,-0.25982693
100_347,Conc,100,LL2112_NC_conc.csv,post_iqr,27.044826,16.97114178,3.287444907,2.62169222,5.662270515,6.040282884,1.923796732,-2.934840253,2.882501729,-2.214889245,3.742456869,-2.766460495,-2.576194519,-2.961235626,2.071030816,-4.070299037,1.987796217,2.359857598,-2.170214818,0.04708714,-2.178885777,1.872122609,1.762863981,1.132172342,1.0726971,0.849284483,0.120459542,0.096451576,-3.726642709,-0.077667043,40.70366019,3.58978344,2.257757855,1.125741172,0.835700009,0.76100776,0.709609225,0.626002438,0.485491093,0.448306336,0.429627251,0.376956372,0.352638746,0.328856298,0.303935837,0.287692628,0.271312169,0.256099329,0.25176806,0.247248419,0.234859455,0.230680733,0.224785178,0.216647211,0.211827449,0.206455681,0.202719529,0.201109102,0.198895142,0.195418594,2.1980035,-1.2449522
100_348,Conc,100,LL2112_NC_conc.csv,post_iqr,28.95639674,5.402701803,1.744185561,0.969954126,-2.126069834,-2.52747474,6.583654602,-5.845478359,4.820744913,-4.029593451,1.613526265,-0.940739773,-7.035772872,0.923655904,-2.837976452,-0.186210512,-2.458462734,-6.028773226,-3.668522555,-1.449032976,2.110985916,-0.538623256,0.984545919,3.640999503,3.698106089,2.41521566,-2.587242866,0.230931808,-0.981562546,3.960379953,40.70366019,3.58978344,2.257757855,1.125741172,0.835700009,0.76100776,0.709609225,0.626002438,0.485491093,0.448306336,0.429627251,0.376956372,0.352638746,0.328856298,0.303935837,0.287692628,0.271312169,0.256099329,0.25176806,0.247248419,0.234859455,0.230680733,0.224785178,0.216647211,0.211827449,0.206455681,0.202719529,0.201109102,0.198895142,0.195418594,2.249093,-0.9851371
100_350,Conc,100,LL2112_NC_conc.csv,post_iqr,29.62802847,11.47592866,1.085186105,1.27588275,-0.615092847,-0.345715165,9.91527384,-7.813729684,6.448287171,2.802012511,2.829060383,-2.693660543,-0.404905282,2.789762261,-4.442557752,-2.084402461,1.85514841,2.452696983,-4.078744668,-1.051488914,-3.592410326,3.507495577,-1.241133059,0.627793103,-0.006300377,-0.267684621,0.167084418,1.040543262,-2.719432759,0.314745051,40.70366019,3.58978344,2.257757855,1.125741172,0.835700009,0.76100776,0.709609225,0.626002438,0.485491093,0.448306336,0.429627251,0.376956372,0.352638746,0.328856298,0.303935837,0.287692628,0.271312169,0.256099329,0.25176806,0.247248419,0.234859455,0.230680733,0.224785178,0.216647211,0.211827449,0.206455681,0.202719529,0.201109102,0.198895142,0.195418594,1.6655902,-0.77454734
100_351,Conc,100,LL2112_NC_conc.csv,post_iqr,24.43056488,14.05200652,0.112518323,2.29261639,-4.035628625,-1.360030463,11.52814943,-6.480979393,3.263853634,-0.870071974,0.482375268,-0.959391178,2.749447168,-4.799256514,1.131334356,-1.866946927,5.092881787,0.310430841,-4.562593111,-3.056568249,-3.788917153,5.812698995,1.63395064,-2.485242534,2.581916217,0.744679099,0.482201767,-0.614954562,-1.42841423,0.007731619,40.70366019,3.58978344,2.257757855,1.125741172,0.835700009,0.76100776,0.709609225,0.626002438,0.485491093,0.448306336,0.429627251,0.376956372,0.352638746,0.328856298,0.303935837,0.287692628,0.271312169,0.256099329,0.25176806,0.247248419,0.234859455,0.230680733,0.224785178,0.216647211,0.211827449,0.206455681,0.202719529,0.201109102,0.198895142,0.195418594,1.811431,-0.55390716
100_352,Conc,100,LL2112_NC_conc.csv,post_iqr,-61.75644577,2.932399883,1.993928355,-12.94827401,9.74851032,3.035639567,2.365520071,-1.113982412,-3.189791712,11.51748672,1.325890618,-2.060545356,-8.529074824,-7.407576728,-0.621157084,-6.4886758,5.319448318,7.028658349,-7.718795057,-11.49600066,-5.355502915,-2.340349028,-9.982553246,-4.456608256,-2.765854207,1.558724246,-5.326412058,6.913384266,-9.247765485,3.668513324,40.70366019,3.58978344,2.257757855,1.125741172,0.835700009,0.76100776,0.709609225,0.626002438,0.485491093,0.448306336,0.429627251,0.376956372,0.352638746,0.328856298,0.303935837,0.287692628,0.271312169,0.256099329,0.25176806,0.247248419,0.234859455,0.230680733,0.224785178,0.216647211,0.211827449,0.206455681,0.202719529,0.201109102,0.198895142,0.195418594,11.187727,4.788409
100_353,Conc,100,LL2112_NC_conc.csv,post_iqr,25.61142002,6.104149966,-4.973439471,-0.789728176,7.397958691,-0.018985278,0.036725801,-2.792288317,-0.737618236,0.792779489,-0.819214298,3.903853676,-4.86238139,-3.315571481,3.594451785,-1.994523513,1.977855485,-4.460164517,1.144666569,0.999762595,-0.939242713,-3.032550172,-2.237555691,4.618661181,-2.119319363,-0.880841358,0.525828772,1.786186925,-3.808978121,-1.036784381,40.70366019,3.58978344,2.257757855,1.125741172,0.835700009,0.76100776,0.709609225,0.626002438,0.485491093,0.448306336,0.429627251,0.376956372,0.352638746,0.328856298,0.303935837,0.287692628,0.271312169,0.256099329,0.25176806,0.247248419,0.234859455,0.230680733,0.224785178,0.216647211,0.211827449,0.206455681,0.202719529,0.201109102,0.198895142,0.195418594,3.8130774,-0.27100852
100_355,Conc,100,LL2112_NC_conc.csv,post_iqr,29.88099059,4.242400559,0.456733121,-3.225772007,9.118771795,6.103536505,3.46476743,-4.532621627,1.551257742,-4.702121075,3.464773268,2.056077495,-3.376640109,1.055087134,2.245865875,-3.790546715,-3.642229728,-0.582267369,-1.38682341,-2.093786679,0.629035604,-2.437996391,-2.246302436,-0.416355556,-0.149100063,0.150082838,2.751064123,-0.239117395,-1.267305004,-4.261872166,40.70366019,3.58978344,2.257757855,1.125741172,0.835700009,0.76100776,0.709609225,0.626002438,0.485491093,0.448306336,0.429627251,0.376956372,0.352638746,0.328856298,0.303935837,0.287692628,0.271312169,0.256099329,0.25176806,0.247248419,0.234859455,0.230680733,0.224785178,0.216647211,0.211827449,0.206455681,0.202719529,0.201109102,0.198895142,0.195418594,2.5126157,0.27910045
100_356,Conc,100,LL2112_NC_conc.csv,post_iqr,-84.4015093,-1.04959452,-4.457244103,3.96897306,-4.595118197,7.58575186,0.594069311,-13.39355775,6.398110379,-3.158509909,-2.4582237,-4.767864927,-10.05986286,-1.623440767,1.578009888,-4.270731585,3.094522836,-0.566491129,1.265901687,4.611805277,-7.677945758,7.589756472,-1.256434301,3.821573142,-1.646695804,-4.026427464,-1.451516474,2.323883365,-8.890733007,-12.34264549,40.70366019,3.58978344,2.257757855,1.125741172,0.835700009,0.76100776,0.709609225,0.626002438,0.485491093,0.448306336,0.429627251,0.376956372,0.352638746,0.328856298,0.303935837,0.287692628,0.271312169,0.256099329,0.25176806,0.247248419,0.234859455,0.230680733,0.224785178,0.216647211,0.211827449,0.206455681,0.202719529,0.201109102,0.198895142,0.195418594,12.331867,5.833445
100_357,Conc,100,LL2112_NC_conc.csv,post_iqr,14.62023037,3.034795766,1.826171995,1.481754545,3.262554754,-7.573045124,8.582845288,1.832640548,6.171509806,-0.162971907,0.559965004,3.301597257,-6.141675908,3.126873753,1.875409056,-1.736162559,2.124673945,-4.605036964,-1.339417863,1.777787038,0.152055114,5.497001097,2.044176335,2.027763498,2.685036464,1.450819817,4.341033879,-1.225228017,-0.7862532,-1.969681475,40.70366019,3.58978344,2.257757855,1.125741172,0.835700009,0.76100776,0.709609225,0.626002438,0.485491093,0.448306336,0.429627251,0.376956372,0.352638746,0.328856298,0.303935837,0.287692628,0.271312169,0.256099329,0.25176806,0.247248419,0.234859455,0.230680733,0.224785178,0.216647211,0.211827449,0.206455681,0.202719529,0.201109102,0.198895142,0.195418594,2.589667,-0.85228413
100_358,Conc,100,LL2112_NC_conc.csv,post_iqr,-8.184625252,30.00482659,-37.09796724,14.27615927,-10.70744981,16.51860414,8.201739454,17.60192341,7.820045797,-8.706921106,-5.905919152,-10.14835637,-4.128267381,0.799354432,1.842361547,-5.187550609,5.942808687,-9.744710906,11.21648323,-4.224038832,-3.261344152,-7.932542584,-2.201634912,-11.12754602,-8.100567564,0.028522632,-0.615016629,2.477096648,-2.32852815,6.040936986,40.70366019,3.58978344,2.257757855,1.125741172,0.835700009,0.76100776,0.709609225,0.626002438,0.485491093,0.448306336,0.429627251,0.376956372,0.352638746,0.328856298,0.303935837,0.287692628,0.271312169,0.256099329,0.25176806,0.247248419,0.234859455,0.230680733,0.224785178,0.216647211,0.211827449,0.206455681,0.202719529,0.201109102,0.198895142,0.195418594,3.4401727,-2.1377466
100_359,Conc,100,LL2112_NC_conc.csv,post_iqr,24.75631679,3.122937652,5.385137557,-1.722473731,1.295886794,-1.311509158,7.1639399,-5.511764825,3.571299801,-5.447385513,5.966417316,4.550772341,-1.47079026,-2.417225629,-0.156004891,-2.667742428,-1.840871905,0.10809796,-3.737201235,-2.330597081,0.277709275,-2.257759195,-2.725794669,0.36787258,1.435647632,0.64831426,1.649121726,-0.846997002,-1.975411148,-2.246983497,40.70366019,3.58978344,2.257757855,1.125741172,0.835700009,0.76100776,0.709609225,0.626002438,0.485491093,0.448306336,0.429627251,0.376956372,0.352638746,0.328856298,0.303935837,0.287692628,0.271312169,0.256099329,0.25176806,0.247248419,0.234859455,0.230680733,0.224785178,0.216647211,0.211827449,0.206455681,0.202719529,0.201109102,0.198895142,0.195418594,2.146407,-0.7465649
100_360,Conc,100,LL2112_NC_conc.csv,post_iqr,27.32824934,11.61628668,4.778172037,6.541673468,0.486465622,6.448178978,3.402237548,-2.968294903,1.867645436,-10.29348968,4.533640901,-0.211189313,1.283578675,-3.756243265,4.069384471,-4.510092876,1.755275396,-3.422151307,1.220113824,0.627965969,3.604447408,0.02644748,-0.355237259,3.116051608,-0.708628198,-0.530888083,-0.242102576,-0.498639777,-0.26227692,-0.355537562,40.70366019,3.58978344,2.257757855,1.125741172,0.835700009,0.76100776,0.709609225,0.626002438,0.485491093,0.448306336,0.429627251,0.376956372,0.352638746,0.328856298,0.303935837,0.287692628,0.271312169,0.256099329,0.25176806,0.247248419,0.234859455,0.230680733,0.224785178,0.216647211,0.211827449,0.206455681,0.202719529,0.201109102,0.198895142,0.195418594,2.3740833,-1.6779742
100_361,Conc,100,LL2112_NC_conc.csv,post_iqr,25.7507677,-0.100026439,1.858621934,-10.38431502,-10.04004006,4.272797681,10.30455283,-5.288375047,3.966480526,-6.458094188,6.295025661,-2.554994273,3.209981672,-2.839521384,1.394079141,-5.714976194,0.936647171,-0.169377084,-3.814557115,0.044689934,1.949111475,0.569787446,0.049416856,-1.135753349,1.674576878,0.677006028,3.120388483,-4.528780817,0.700733949,-0.789307315,40.70366019,3.58978344,2.257757855,1.125741172,0.835700009,0.76100776,0.709609225,0.626002438,0.485491093,0.448306336,0.429627251,0.376956372,0.352638746,0.328856298,0.303935837,0.287692628,0.271312169,0.256099329,0.25176806,0.247248419,0.234859455,0.230680733,0.224785178,0.216647211,0.211827449,0.206455681,0.202719529,0.201109102,0.198895142,0.195418594,2.472201,0.8444949
100_362,Conc,100,LL2112_NC_conc.csv,post_iqr,29.20988946,5.964844848,1.995943237,-0.794393424,7.221078545,4.685243846,1.755110701,-4.717681269,5.290908991,4.877212387,-4.82629793,-3.44749607,-4.8175764,3.513402584,1.332450026,0.77899882,-1.817907869,-2.392135325,-1.828283578,-1.595442316,0.392632367,-0.299557184,-1.693930245,2.038661893,-0.220719558,2.782748943,-0.43541644,0.894588351,-1.293282039,0.138243239,40.70366019,3.58978344,2.257757855,1.125741172,0.835700009,0.76100776,0.709609225,0.626002438,0.485491093,0.448306336,0.429627251,0.376956372,0.352638746,0.328856298,0.303935837,0.287692628,0.271312169,0.256099329,0.25176806,0.247248419,0.234859455,0.230680733,0.224785178,0.216647211,0.211827449,0.206455681,0.202719529,0.201109102,0.198895142,0.195418594,3.3181305,-0.38013226
100_443,Conc,100,LL2112_NC_conc.csv,post_iqr,25.14349389,6.156878825,-2.006245173,-8.141024245,-7.750880641,-4.737947222,8.617032015,-4.697020611,-0.54389958,-1.619358389,-5.206649287,-0.038984086,-1.521464762,-0.707831549,-0.880271974,-0.446715247,-0.166971471,-0.858898085,-1.032151554,-2.173506489,0.741673345,-0.604360097,1.244905671,1.435046716,0.602415763,2.612992646,-0.150724282,0.086058695,-1.797631338,2.12579332,40.70366019,3.58978344,2.257757855,1.125741172,0.835700009,0.76100776,0.709609225,0.626002438,0.485491093,0.448306336,0.429627251,0.376956372,0.352638746,0.328856298,0.303935837,0.287692628,0.271312169,0.256099329,0.25176806,0.247248419,0.234859455,0.230680733,0.224785178,0.216647211,0.211827449,0.206455681,0.202719529,0.201109102,0.198895142,0.195418594,2.29589,0.015505819
100_444,Conc,100,LL2112_NC_conc.csv,post_iqr,-62.35721929,3.222222206,-10.10527653,-4.764952468,-1.772247005,10.54552414,-0.485068807,0.656288475,-5.632699707,4.357526461,0.887430678,4.372065336,-5.448397862,2.567230062,1.908003108,6.052846258,-5.32438138,-5.05274559,-0.845831292,-4.087687485,-0.184727078,-9.164784107,-2.43216094,4.425536672,-7.678680738,-4.892293057,3.469681006,1.078885831,-6.453510227,3.134519595,40.70366019,3.58978344,2.257757855,1.125741172,0.835700009,0.76100776,0.709609225,0.626002438,0.485491093,0.448306336,0.429627251,0.376956372,0.352638746,0.328856298,0.303935837,0.287692628,0.271312169,0.256099329,0.25176806,0.247248419,0.234859455,0.230680733,0.224785178,0.216647211,0.211827449,0.206455681,0.202719529,0.201109102,0.198895142,0.195418594,11.705672,4.3670015
100_445,Conc,100,LL2112_NC_conc.csv,post_iqr,-65.57938223,0.472856643,-5.199714509,-4.56480809,5.073711057,8.274291778,3.720875761,1.329449702,-9.267811857,-8.736887023,1.256765176,3.37757146,1.778325198,0.060777316,-5.771825245,-4.758623887,-2.744990585,-1.541729665,0.687160711,-1.6896217,3.739069122,2.794883437,0.993520093,-3.513292262,-4.388852035,-3.745818192,8.070073406,-2.892223146,-2.434293238,1.688969841,40.70366019,3.58978344,2.257757855,1.125741172,0.835700009,0.76100776,0.709609225,0.626002438,0.485491093,0.448306336,0.429627251,0.376956372,0.352638746,0.328856298,0.303935837,0.287692628,0.271312169,0.256099329,0.25176806,0.247248419,0.234859455,0.230680733,0.224785178,0.216647211,0.211827449,0.206455681,0.202719529,0.201109102,0.198895142,0.195418594,11.454765,4.393216
100_446,Conc,100,LL2112_NC_conc.csv,post_iqr,-63.23078077,-0.521452457,-1.924258867,-14.87623464,-10.58202811,2.257234387,1.892655177,0.899004843,-7.147313075,4.156651994,4.250031052,3.465859953,-8.354560489,9.433474142,0.505194474,-4.199342402,-4.544152716,2.243820887,4.966090483,1.853258102,3.783690067,-4.897440985,-2.492730271,-2.953820751,-4.298710684,3.269870654,4.041843681,0.990685565,0.29336319,1.913737964,40.70366019,3.58978344,2.257757855,1.125741172,0.835700009,0.76100776,0.709609225,0.626002438,0.485491093,0.448306336,0.429627251,0.376956372,0.352638746,0.328856298,0.303935837,0.287692628,0.271312169,0.256099329,0.25176806,0.247248419,0.234859455,0.230680733,0.224785178,0.216647211,0.211827449,0.206455681,0.202719529,0.201109102,0.198895142,0.195418594,11.319799,4.502
100_447,Conc,100,LL2112_NC_conc.csv,post_iqr,27.28155062,17.54339427,0.657137712,-0.14827548,3.706624106,2.407998086,0.115664374,-1.863500938,-4.479892108,-4.429419427,-6.021444616,-0.902742693,1.396855473,-1.914612258,-0.221030631,-1.926960702,1.428191899,4.742477363,-0.717774032,-0.956076303,-0.060769614,0.851828497,0.637169222,-0.248015673,-0.631099779,2.653994385,2.434636076,2.545549047,-3.214574518,0.729453869,40.70366019,3.58978344,2.257757855,1.125741172,0.835700009,0.76100776,0.709609225,0.626002438,0.485491093,0.448306336,0.429627251,0.376956372,0.352638746,0.328856298,0.303935837,0.287692628,0.271312169,0.256099329,0.25176806,0.247248419,0.234859455,0.230680733,0.224785178,0.216647211,0.211827449,0.206455681,0.202719529,0.201109102,0.198895142,0.195418594,2.1994047,-0.9945308
100_449,Conc,100,LL2112_NC_conc.csv,post_iqr,-78.41335566,3.75838267,-3.461668181,8.760054135,-11.67437609,0.98907794,-2.536542052,-3.263601085,-0.189758355,6.896542708,-2.772844805,1.95084176,0.913883856,1.134452391,4.029568368,1.359833798,1.813936892,-5.157647476,-3.476149309,-2.946948791,-5.04774671,-2.703172794,-0.784677176,2.49640111,-2.001178882,-15.91781779,-3.789132459,0.2943529,-12.3320825,3.150694637,40.70366019,3.58978344,2.257757855,1.125741172,0.835700009,0.76100776,0.709609225,0.626002438,0.485491093,0.448306336,0.429627251,0.376956372,0.352638746,0.328856298,0.303935837,0.287692628,0.271312169,0.256099329,0.25176806,0.247248419,0.234859455,0.230680733,0.224785178,0.216647211,0.211827449,0.206455681,0.202719529,0.201109102,0.198895142,0.195418594,12.298272,5.3817677
100_450,Conc,100,LL2112_NC_conc.csv,post_iqr,22.22309311,12.51277948,-2.403494311,1.943838154,4.293997081,1.656473921,3.107843361,-1.480846449,-4.387432439,-4.001346502,-5.363591236,-2.11337763,2.393559363,-4.25579925,1.610791806,1.791624843,-0.351768556,-1.480448964,-0.412089408,2.539395132,2.422517483,1.382189607,-2.649126887,2.246365376,-0.978803966,0.605688064,-3.134592735,-1.892995467,1.72028495,-5.219335841,40.70366019,3.58978344,2.257757855,1.125741172,0.835700009,0.76100776,0.709609225,0.626002438,0.485491093,0.448306336,0.429627251,0.376956372,0.352638746,0.328856298,0.303935837,0.287692628,0.271312169,0.256099329,0.25176806,0.247248419,0.234859455,0.230680733,0.224785178,0.216647211,0.211827449,0.206455681,0.202719529,0.201109102,0.198895142,0.195418594,2.3197381,-0.9353446
100_451,Conc,100,LL2112_NC_conc.csv,post_iqr,27.61044528,2.071023078,0.808607096,-7.941596739,3.527286382,1.704390465,-1.656824847,-2.56848415,-0.866027075,1.284574464,-12.36949597,-3.876088628,-3.363952495,-0.087863217,-6.240677283,2.032048443,-1.433536763,-3.97350098,-0.277272904,-2.565232059,2.23816678,-2.150789203,-2.945275439,2.200195208,2.577952454,0.459043415,0.908601451,-0.958317997,-0.714024658,1.836774659,40.70366019,3.58978344,2.257757855,1.125741172,0.835700009,0.76100776,0.709609225,0.626002438,0.485491093,0.448306336,0.429627251,0.376956372,0.352638746,0.328856298,0.303935837,0.287692628,0.271312169,0.256099329,0.25176806,0.247248419,0.234859455,0.230680733,0.224785178,0.216647211,0.211827449,0.206455681,0.202719529,0.201109102,0.198895142,0.195418594,3.2331564,0.2991065
100_452,Conc,100,LL2112_NC_conc.csv,post_iqr,-49.06298307,5.621798313,17.77305744,-1.714266547,4.939514039,-21.27945565,14.22788825,15.72704611,0.178652726,-8.90665119,-10.76145517,-4.226801405,-0.16419112,-1.635238959,1.266849725,-6.345589851,-3.810775977,0.528234468,3.746496293,6.899908257,3.24920362,-0.050840811,-6.957778175,2.93410851,-2.653953291,0.121750559,-5.934021426,4.127933069,-8.761552659,5.845357039,40.70366019,3.58978344,2.257757855,1.125741172,0.835700009,0.76100776,0.709609225,0.626002438,0.485491093,0.448306336,0.429627251,0.376956372,0.352638746,0.328856298,0.303935837,0.287692628,0.271312169,0.256099329,0.25176806,0.247248419,0.234859455,0.230680733,0.224785178,0.216647211,0.211827449,0.206455681,0.202719529,0.201109102,0.198895142,0.195418594,9.945631,4.684068
100_453,Conc,100,LL2112_NC_conc.csv,post_iqr,21.51254517,4.952247609,-6.014995883,-9.194349645,1.918704533,0.834605173,2.99656799,-0.191778638,-4.86682155,0.832708374,-12.76268797,1.343992096,-2.164328886,-2.619873172,3.368291178,1.53493025,0.192396916,3.083393636,1.761482686,0.406170137,0.635085149,-2.619315104,4.702026767,3.572269011,-0.919620394,0.124821659,1.503408329,0.904057181,-0.285010161,-0.440530603,40.70366019,3.58978344,2.257757855,1.125741172,0.835700009,0.76100776,0.709609225,0.626002438,0.485491093,0.448306336,0.429627251,0.376956372,0.352638746,0.328856298,0.303935837,0.287692628,0.271312169,0.256099329,0.25176806,0.247248419,0.234859455,0.230680733,0.224785178,0.216647211,0.211827449,0.206455681,0.202719529,0.201109102,0.198895142,0.195418594,2.4330995,0.23532015
100_454,Conc,100,LL2112_NC_conc.csv,post_iqr,-87.4228349,-5.204636893,18.50001924,-0.784228054,-3.09237998,-8.61479808,1.549173067,-2.138959157,-4.051770265,-2.785227839,-2.598485055,6.597250662,-5.304814246,-6.036325103,-2.247089557,-2.675012215,1.919981551,4.797439958,1.231729843,-0.447552511,3.988257838,-1.094160134,0.576530811,5.910117754,2.5276283,2.975523302,2.991473602,-0.805341103,-1.021253673,-6.339313155,40.70366019,3.58978344,2.257757855,1.125741172,0.835700009,0.76100776,0.709609225,0.626002438,0.485491093,0.448306336,0.429627251,0.376956372,0.352638746,0.328856298,0.303935837,0.287692628,0.271312169,0.256099329,0.25176806,0.247248419,0.234859455,0.230680733,0.224785178,0.216647211,0.211827449,0.206455681,0.202719529,0.201109102,0.198895142,0.195418594,11.970284,6.052384
100_455,Conc,100,LL2112_NC_conc.csv,post_iqr,-82.82825023,1.408796872,4.232301331,8.256854917,-11.28313695,0.148788714,-4.92573362,-4.024432876,1.628831384,4.20912193,0.039967393,-0.762565873,-3.376683463,-0.53843668,-1.458454973,3.647998305,0.148064392,4.509096008,2.329928279,17.193448,-4.62085079,-0.668053784,1.143560322,10.61032737,7.411421649,-3.324835366,8.874208635,7.563624209,-0.537597423,-5.041268331,40.70366019,3.58978344,2.257757855,1.125741172,0.835700009,0.76100776,0.709609225,0.626002438,0.485491093,0.448306336,0.429627251,0.376956372,0.352638746,0.328856298,0.303935837,0.287692628,0.271312169,0.256099329,0.25176806,0.247248419,0.234859455,0.230680733,0.224785178,0.216647211,0.211827449,0.206455681,0.202719529,0.201109102,0.198895142,0.195418594,12.276843,5.4069314
100_456,Conc,100,LL2112_NC_conc.csv,post_iqr,24.70727435,19.42369356,-1.762771897,9.589841482,8.222468202,-2.309088071,0.092351317,-1.862909017,-6.262378513,-11.40011013,-1.394543264,2.160713711,0.077475462,0.744914195,-4.396408184,-1.851714331,1.84555202,-1.1233594,4.003447558,-1.37903485,3.215352947,0.280330169,0.784608767,3.897036336,1.588065652,-0.622500753,-1.135537396,-2.122581125,-0.410689111,-2.0820995,40.70366019,3.58978344,2.257757855,1.125741172,0.835700009,0.76100776,0.709609225,0.626002438,0.485491093,0.448306336,0.429627251,0.376956372,0.352638746,0.328856298,0.303935837,0.287692628,0.271312169,0.256099329,0.25176806,0.247248419,0.234859455,0.230680733,0.224785178,0.216647211,0.211827449,0.206455681,0.202719529,0.201109102,0.198895142,0.195418594,2.5571566,-1.9951717
100_457,Conc,100,LL2112_NC_conc.csv,post_iqr,-77.89906008,-1.303055622,9.01659679,6.612536347,9.776511509,-3.025007462,-4.111935834,-0.061740031,-1.04164578,-3.387070149,-4.203051687,-7.809950682,5.248518461,-2.963593947,3.267821924,2.968107824,-1.052746831,2.031127144,-3.797968035,-0.448671644,7.317152492,-0.989944274,2.409853028,-1.142054718,3.21209168,1.47777633,1.879808292,-1.347801056,-4.28895635,2.703174109,40.70366019,3.58978344,2.257757855,1.125741172,0.835700009,0.76100776,0.709609225,0.626002438,0.485491093,0.448306336,0.429627251,0.376956372,0.352638746,0.328856298,0.303935837,0.287692628,0.271312169,0.256099329,0.25176806,0.247248419,0.234859455,0.230680733,0.224785178,0.216647211,0.211827449,0.206455681,0.202719529,0.201109102,0.198895142,0.195418594,11.314758,5.611037
100_458,Conc,100,LL2112_NC_conc.csv,post_iqr,24.19337189,3.543180218,-0.234816311,-4.432551024,-8.233829451,-9.304354003,5.532639973,-5.136171137,2.675770295,2.535380999,-9.405790677,-1.672651137,-4.70313736,-0.418247133,-2.026933602,2.391136193,-0.450464941,0.744058784,-0.909216061,-2.2093437,-3.606081039,-1.127007668,-0.186143141,-1.640617407,3.932616706,2.799177515,-0.930122239,-2.563435448,-0.149077467,2.108616359,40.70366019,3.58978344,2.257757855,1.125741172,0.835700009,0.76100776,0.709609225,0.626002438,0.485491093,0.448306336,0.429627251,0.376956372,0.352638746,0.328856298,0.303935837,0.287692628,0.271312169,0.256099329,0.25176806,0.247248419,0.234859455,0.230680733,0.224785178,0.216647211,0.211827449,0.206455681,0.202719529,0.201109102,0.198895142,0.195418594,2.2825425,-0.074734084
100_459,Conc,100,LL2112_NC_conc.csv,post_iqr,-71.19549578,12.91448595,-7.533542256,9.076475188,0.241297201,-2.476459709,-4.209148549,2.219342868,-9.029251246,0.577867585,-2.31366006,-6.433046923,1.211849178,2.303831462,6.464641323,-2.371774464,-2.851829746,7.111475875,-10.23942361,-3.557473619,4.65088518,-3.993300484,1.803941333,4.185506959,-7.834375301,-1.023298506,2.732485822,-1.824216728,4.96674179,3.590933982,40.70366019,3.58978344,2.257757855,1.125741172,0.835700009,0.76100776,0.709609225,0.626002438,0.485491093,0.448306336,0.429627251,0.376956372,0.352638746,0.328856298,0.303935837,0.287692628,0.271312169,0.256099329,0.25176806,0.247248419,0.234859455,0.230680733,0.224785178,0.216647211,0.211827449,0.206455681,0.202719529,0.201109102,0.198895142,0.195418594,11.550989,5.164233
100_460,Conc,100,LL2112_NC_conc.csv,post_iqr,-46.17513911,12.07704578,9.592051719,-0.756422344,3.432244972,-20.37160488,12.48596399,19.58977446,2.570377671,-4.58200027,-9.278760264,-1.732687885,-5.829100949,5.347724963,3.504009327,-18.88951419,-3.185510556,0.894301296,8.042843077,0.949476514,-0.084515802,4.892191389,0.560693412,-2.906363341,1.554188369,-6.451655805,-3.355435158,-15.43610642,-3.541330105,-3.782956225,40.70366019,3.58978344,2.257757855,1.125741172,0.835700009,0.76100776,0.709609225,0.626002438,0.485491093,0.448306336,0.429627251,0.376956372,0.352638746,0.328856298,0.303935837,0.287692628,0.271312169,0.256099329,0.25176806,0.247248419,0.234859455,0.230680733,0.224785178,0.216647211,0.211827449,0.206455681,0.202719529,0.201109102,0.198895142,0.195418594,9.877378,4.6150975
100_461,Conc,100,LL2112_NC_conc.csv,post_iqr,27.60206641,8.250187947,5.522526874,5.257660131,1.572017718,-1.838505378,4.633278853,-4.303363024,-1.897369744,-5.648642139,-3.160134851,-1.854094653,-3.087309459,2.380459704,-0.969127619,-0.451395262,-1.566511992,2.250531621,0.982614736,-0.560518641,1.21590493,0.470443475,1.614446137,0.847742678,1.007475997,-0.80384003,-1.281495631,1.768774987,-0.659027472,-1.221419766,40.70366019,3.58978344,2.257757855,1.125741172,0.835700009,0.76100776,0.709609225,0.626002438,0.485491093,0.448306336,0.429627251,0.376956372,0.352638746,0.328856298,0.303935837,0.287692628,0.271312169,0.256099329,0.25176806,0.247248419,0.234859455,0.230680733,0.224785178,0.216647211,0.211827449,0.206455681,0.202719529,0.201109102,0.198895142,0.195418594,2.2442987,-1.3629432
100_462,Conc,100,LL2112_NC_conc.csv,post_iqr,26.45438314,12.32311073,4.352384127,7.761970057,2.138810756,-0.055767479,-7.684253642,2.338916597,-1.83185218,0.2760307,-1.596943088,-4.158204148,0.96396614,2.169391499,-3.243655295,4.07980871,2.390620218,-0.652965762,0.303142974,-1.813041095,-0.68877369,-0.846220482,-1.196108333,2.114932912,-0.060630375,1.873491756,2.687271542,-2.446832691,-1.616793509,-0.766573288,40.70366019,3.58978344,2.257757855,1.125741172,0.835700009,0.76100776,0.709609225,0.626002438,0.485491093,0.448306336,0.429627251,0.376956372,0.352638746,0.328856298,0.303935837,0.287692628,0.271312169,0.256099329,0.25176806,0.247248419,0.234859455,0.230680733,0.224785178,0.216647211,0.211827449,0.206455681,0.202719529,0.201109102,0.198895142,0.195418594,2.620294,-1.9621447
100_464,Conc,100,LL2112_NC_conc.csv,post_iqr,29.29269649,0.768416236,1.284406401,-13.30556565,-11.393226,-3.497377627,4.295477755,-4.176489222,-0.844511498,-3.4935982,-6.056820877,-0.949368251,-0.045749909,2.8034167,-4.162317982,-1.40765596,-1.733533602,-0.32169299,-0.557803382,-1.970778371,-0.437127041,-3.369911487,-0.914203001,1.874000429,3.432145935,3.269794783,0.745710435,-4.772041288,0.375961969,1.415200318,40.70366019,3.58978344,2.257757855,1.125741172,0.835700009,0.76100776,0.709609225,0.626002438,0.485491093,0.448306336,0.429627251,0.376956372,0.352638746,0.328856298,0.303935837,0.287692628,0.271312169,0.256099329,0.25176806,0.247248419,0.234859455,0.230680733,0.224785178,0.216647211,0.211827449,0.206455681,0.202719529,0.201109102,0.198895142,0.195418594,3.0885484,1.0161748
100_465,Conc,100,LL2112_NC_conc.csv,post_iqr,-74.91960975,12.02432313,-14.88995007,1.994838197,-5.219167734,-1.529551431,5.098496843,-7.915063605,-8.524585821,1.347052827,0.618362643,-3.486992492,-3.076617111,4.098734501,-8.267960966,-6.820049057,-3.18345819,0.451773667,-8.663308365,4.805480463,-5.878493698,10.07725057,-9.311226282,2.02914761,6.418237927,-7.488713412,1.632853409,0.044242338,-2.150914012,-1.754286541,40.70366019,3.58978344,2.257757855,1.125741172,0.835700009,0.76100776,0.709609225,0.626002438,0.485491093,0.448306336,0.429627251,0.376956372,0.352638746,0.328856298,0.303935837,0.287692628,0.271312169,0.256099329,0.25176806,0.247248419,0.234859455,0.230680733,0.224785178,0.216647211,0.211827449,0.206455681,0.202719529,0.201109102,0.198895142,0.195418594,11.60291,4.6722465
100_466,Conc,100,LL2112_NC_conc.csv,post_iqr,-79.52759575,-5.793602926,-16.75693395,-6.92797099,-1.081479239,12.90820256,-1.241397246,-10.75182385,-1.32622151,-5.408103701,-2.984159626,0.229613277,-2.226539549,2.910000626,4.091589604,1.063612944,-3.777681392,-0.287851214,5.106919463,1.674365028,3.089721024,-5.43619211,-4.356959493,-4.863738211,-3.929319405,-1.016821238,-1.620243303,-4.672694687,-3.073810824,-2.078029753,40.70366019,3.58978344,2.257757855,1.125741172,0.835700009,0.76100776,0.709609225,0.626002438,0.485491093,0.448306336,0.429627251,0.376956372,0.352638746,0.328856298,0.303935837,0.287692628,0.271312169,0.256099329,0.25176806,0.247248419,0.234859455,0.230680733,0.224785178,0.216647211,0.211827449,0.206455681,0.202719529,0.201109102,0.198895142,0.195418594,12.21768,4.557614
100_467,Conc,100,LL2112_NC_conc.csv,post_iqr,24.19153949,13.29292614,-2.005925502,-6.257723437,-9.57686416,-8.69153076,8.814469419,-4.629278736,-1.233564919,-3.418978502,-4.689012331,-0.355491979,-0.966603969,-0.268030265,-0.181399331,-3.229821406,3.093939036,3.346513217,-4.969186113,-1.598213062,0.457272504,1.787982197,-2.282815289,-4.14472043,0.224484931,1.246858188,0.600426142,-1.93082891,-2.02404404,-0.033999886,40.70366019,3.58978344,2.257757855,1.125741172,0.835700009,0.76100776,0.709609225,0.626002438,0.485491093,0.448306336,0.429627251,0.376956372,0.352638746,0.328856298,0.303935837,0.287692628,0.271312169,0.256099329,0.25176806,0.247248419,0.234859455,0.230680733,0.224785178,0.216647211,0.211827449,0.206455681,0.202719529,0.201109102,0.198895142,0.195418594,1.9003415,-0.36618847
100_468,Conc,100,LL2112_NC_conc.csv,post_iqr,24.48470161,12.96761798,-2.667389491,-4.500591422,3.065119022,1.057102112,-4.550652016,0.757725307,-1.303093683,0.169536356,-1.444708639,-2.134261436,-1.042189287,0.15273515,0.63991148,-1.166703512,1.12443743,1.429118496,-1.893859956,0.995551118,-5.198358455,1.534486059,1.553775785,0.2413073,-1.771664356,2.791542599,-0.3127248,-1.213657241,-1.960793742,1.574406579,40.70366019,3.58978344,2.257757855,1.125741172,0.835700009,0.76100776,0.709609225,0.626002438,0.485491093,0.448306336,0.429627251,0.376956372,0.352638746,0.328856298,0.303935837,0.287692628,0.271312169,0.256099329,0.25176806,0.247248419,0.234859455,0.230680733,0.224785178,0.216647211,0.211827449,0.206455681,0.202719529,0.201109102,0.198895142,0.195418594,3.4970872,-0.6744076
100_469,Conc,100,LL2112_NC_conc.csv,post_iqr,25.77945875,15.62042025,1.220811833,0.315930704,-1.036979961,-0.629619082,0.027533116,-0.803105864,-5.348662633,-6.265144684,-4.089453401,-4.047281681,2.097434159,-0.504793279,-7.361171037,-3.047478568,1.465958529,-0.816106863,-1.295657412,-1.507987747,6.221187684,2.195316591,0.063490335,5.648845262,-0.743100705,0.45010485,0.22257913,0.53962261,1.546125395,-0.107722547,40.70366019,3.58978344,2.257757855,1.125741172,0.835700009,0.76100776,0.709609225,0.626002438,0.485491093,0.448306336,0.429627251,0.376956372,0.352638746,0.328856298,0.303935837,0.287692628,0.271312169,0.256099329,0.25176806,0.247248419,0.234859455,0.230680733,0.224785178,0.216647211,0.211827449,0.206455681,0.202719529,0.201109102,0.198895142,0.195418594,2.1998537,-1.1447914
100_471,Conc,100,LL2112_NC_conc.csv,post_iqr,-5.391522199,-9.464345314,13.13941931,-4.224220922,8.788122957,-4.522034972,6.495308669,13.38323565,5.761120363,0.611741204,-14.48089313,2.401424254,-3.263982239,4.833588109,-5.678232849,-1.090817602,-3.007672063,-8.471776676,5.373171887,0.944161143,3.094897552,3.909836903,2.385014954,-4.808135653,-1.749478061,-2.172705571,5.588339634,-5.455630647,-2.793889338,2.943682012,40.70366019,3.58978344,2.257757855,1.125741172,0.835700009,0.76100776,0.709609225,0.626002438,0.485491093,0.448306336,0.429627251,0.376956372,0.352638746,0.328856298,0.303935837,0.287692628,0.271312169,0.256099329,0.25176806,0.247248419,0.234859455,0.230680733,0.224785178,0.216647211,0.211827449,0.206455681,0.202719529,0.201109102,0.198895142,0.195418594,9.557509,3.9572062
100_472,Conc,100,LL2112_NC_conc.csv,post_iqr,-64.55219353,2.44609501,0.532852802,-10.15117517,-10.14515868,-2.258784879,3.203469026,3.754032203,-6.967804623,-1.954692369,5.995039456,-6.667364049,-0.104829012,6.348435256,1.703893796,13.03012255,2.636531703,-0.367437628,-2.029267555,0.561107378,-3.785923378,-0.76821187,9.300320428,-2.121085893,-2.835995925,0.810599548,4.431629018,-5.121390587,-3.673987999,-4.046069216,40.70366019,3.58978344,2.257757855,1.125741172,0.835700009,0.76100776,0.709609225,0.626002438,0.485491093,0.448306336,0.429627251,0.376956372,0.352638746,0.328856298,0.303935837,0.287692628,0.271312169,0.256099329,0.25176806,0.247248419,0.234859455,0.230680733,0.224785178,0.216647211,0.211827449,0.206455681,0.202719529,0.201109102,0.198895142,0.195418594,10.779245,4.446003
100_473,Conc,100,LL2112_NC_conc.csv,post_iqr,25.51037803,4.170119032,-2.275271698,-4.951663567,2.047044101,6.511832902,3.731908096,-1.008049476,-4.302087017,-1.287536786,-9.920537148,-5.145306042,4.397088607,-2.588443781,-0.410948295,-1.536784018,1.374714668,0.939673862,-1.021478298,1.497816494,1.455836758,1.875556953,2.170402385,1.462975501,1.915086293,0.313698676,-0.740659,-0.047039983,0.694333949,-2.403866675,40.70366019,3.58978344,2.257757855,1.125741172,0.835700009,0.76100776,0.709609225,0.626002438,0.485491093,0.448306336,0.429627251,0.376956372,0.352638746,0.328856298,0.303935837,0.287692628,0.271312169,0.256099329,0.25176806,0.247248419,0.234859455,0.230680733,0.224785178,0.216647211,0.211827449,0.206455681,0.202719529,0.201109102,0.198895142,0.195418594,2.4558642,0.56826496
100_474,Conc,100,LL2112_NC_conc.csv,post_iqr,-81.50641904,8.486295877,-6.9675723,14.16227712,-9.237803797,4.068483526,4.332767356,-4.437203558,-2.465718332,1.418948016,-3.824499177,1.366281931,-3.850715073,5.197572899,-2.127565763,-6.207594725,-4.792215783,-0.292450853,2.079629311,12.23523509,-4.676466807,1.613482875,5.554983708,1.954483375,5.016813542,10.97002584,1.721757896,2.7849036,1.139491524,5.231030126,40.70366019,3.58978344,2.257757855,1.125741172,0.835700009,0.76100776,0.709609225,0.626002438,0.485491093,0.448306336,0.429627251,0.376956372,0.352638746,0.328856298,0.303935837,0.287692628,0.271312169,0.256099329,0.25176806,0.247248419,0.234859455,0.230680733,0.224785178,0.216647211,0.211827449,0.206455681,0.202719529,0.201109102,0.198895142,0.195418594,11.871141,5.0850153
100_475,Conc,100,LL2112_NC_conc.csv,post_iqr,26.29421636,13.18187848,3.021112868,-0.376074844,-8.682914292,-6.509091465,5.053899932,-3.381047525,-1.603095791,-3.133678915,-5.275045363,-0.900212415,-1.014277547,-2.981809675,-4.590940191,1.377100275,2.22809971,-0.247265933,-1.270189928,0.781026604,-2.986390948,-1.157106888,-4.209955134,-1.051296621,-1.699711022,1.383930559,3.049772234,-3.698554039,0.701241166,-1.338897906,40.70366019,3.58978344,2.257757855,1.125741172,0.835700009,0.76100776,0.709609225,0.626002438,0.485491093,0.448306336,0.429627251,0.376956372,0.352638746,0.328856298,0.303935837,0.287692628,0.271312169,0.256099329,0.25176806,0.247248419,0.234859455,0.230680733,0.224785178,0.216647211,0.211827449,0.206455681,0.202719529,0.201109102,0.198895142,0.195418594,1.83157,-0.56872535
100_476,Conc,100,LL2112_NC_conc.csv,post_iqr,-76.76878039,-7.034282848,5.084191316,-8.726311694,2.704856288,4.666687977,-4.302705761,-4.865656305,-4.125036204,-2.884418609,-1.997233522,6.650211608,-3.893187347,1.587190937,-4.736020728,0.728933243,-3.624975484,-3.130928434,1.509903724,-5.313393073,0.665619338,-3.566197428,-5.007337495,0.795939013,-1.5692532,4.297091058,-0.34342145,0.976002039,0.904804266,-1.074487593,40.70366019,3.58978344,2.257757855,1.125741172,0.835700009,0.76100776,0.709609225,0.626002438,0.485491093,0.448306336,0.429627251,0.376956372,0.352638746,0.328856298,0.303935837,0.287692628,0.271312169,0.256099329,0.25176806,0.247248419,0.234859455,0.230680733,0.224785178,0.216647211,0.211827449,0.206455681,0.202719529,0.201109102,0.198895142,0.195418594,11.951232,4.8708043
100_477,Conc,100,LL2112_NC_conc.csv,post_iqr,26.29083107,19.80482222,4.203652394,6.868174296,-4.242025638,-5.819904725,4.095711257,-3.973936024,-0.215935244,-0.996186683,-3.85464605,-2.25289252,2.635113189,-1.832636911,-0.427217109,1.330789405,1.839437537,2.488132057,-2.521418455,-2.048183434,-2.239576222,2.806228158,-5.636354238,-1.303185604,1.182911449,1.83271509,0.684530088,-0.532301214,-0.512305997,-0.285006733,40.70366019,3.58978344,2.257757855,1.125741172,0.835700009,0.76100776,0.709609225,0.626002438,0.485491093,0.448306336,0.429627251,0.376956372,0.352638746,0.328856298,0.303935837,0.287692628,0.271312169,0.256099329,0.25176806,0.247248419,0.234859455,0.230680733,0.224785178,0.216647211,0.211827449,0.206455681,0.202719529,0.201109102,0.198895142,0.195418594,1.7441645,-1.6475066
100_478,Conc,100,LL2112_NC_conc.csv,post_iqr,26.34144034,1.051122601,2.570081665,-3.612019176,1.362000364,2.008206239,-5.599202148,0.77321464,1.549614103,0.261893284,-0.460022629,5.071244703,-0.073412289,-0.648300681,1.851587219,-1.410970424,-2.060432295,-2.798801978,1.662717279,0.363419692,1.943076905,-4.844913736,2.891266564,1.501363202,-1.051655039,0.99857225,-0.715884509,-0.572078719,-1.417954065,-1.700565911,40.70366019,3.58978344,2.257757855,1.125741172,0.835700009,0.76100776,0.709609225,0.626002438,0.485491093,0.448306336,0.429627251,0.376956372,0.352638746,0.328856298,0.303935837,0.287692628,0.271312169,0.256099329,0.25176806,0.247248419,0.234859455,0.230680733,0.224785178,0.216647211,0.211827449,0.206455681,0.202719529,0.201109102,0.198895142,0.195418594,3.4564128,0.13531353
100_479,Conc,100,LL2112_NC_conc.csv,post_iqr,19.64084846,6.518061318,-1.558853306,-8.234260457,0.336706109,-4.441263801,-0.789513498,-1.663086762,-0.84431976,-1.024852095,-8.944392336,0.68969314,-5.449024793,-0.144869978,-2.323471335,-2.68825523,-1.449487736,0.475134445,0.440533703,-0.135638604,-4.705722892,1.452355516,1.195085105,-1.315003139,-0.560410346,-0.061153872,-3.869321994,0.622010367,2.844536024,1.218400073,40.70366019,3.58978344,2.257757855,1.125741172,0.835700009,0.76100776,0.709609225,0.626002438,0.485491093,0.448306336,0.429627251,0.376956372,0.352638746,0.328856298,0.303935837,0.287692628,0.271312169,0.256099329,0.25176806,0.247248419,0.234859455,0.230680733,0.224785178,0.216647211,0.211827449,0.206455681,0.202719529,0.201109102,0.198895142,0.195418594,2.6460907,0.117997766
100_480,Conc,100,LL2112_NC_conc.csv,post_iqr,29.43127432,5.006061517,7.319737894,-1.202827502,3.852227163,1.653206431,-1.730270185,-0.841498764,-2.736579691,-5.186454991,-4.410118666,0.799737589,0.987215114,-0.334747814,-0.495026232,1.311472659,-3.639031916,0.061853075,2.235561812,0.837522334,0.058573628,-1.499686415,0.535471166,-0.441020294,1.633729921,1.583885497,-2.367085414,-0.501070148,-0.118674615,-2.669606355,40.70366019,3.58978344,2.257757855,1.125741172,0.835700009,0.76100776,0.709609225,0.626002438,0.485491093,0.448306336,0.429627251,0.376956372,0.352638746,0.328856298,0.303935837,0.287692628,0.271312169,0.256099329,0.25176806,0.247248419,0.234859455,0.230680733,0.224785178,0.216647211,0.211827449,0.206455681,0.202719529,0.201109102,0.198895142,0.195418594,2.797667,-0.71607125
100_481,Conc,100,LL2112_NC_conc.csv,post_iqr,28.67501219,3.976290011,5.686186048,2.059915438,-4.431066292,-3.177019925,-6.792360039,0.198066092,-0.520344783,-0.703484844,-5.101256894,1.786406971,-1.168873613,2.454018835,-5.765169331,1.666295428,-0.603120289,-2.522658991,-0.19927882,0.289790904,0.105542271,-2.25847907,0.556242488,4.442483382,-1.08562457,0.014907712,-0.02228542,0.529584557,-0.758391601,1.614998755,40.70366019,3.58978344,2.257757855,1.125741172,0.835700009,0.76100776,0.709609225,0.626002438,0.485491093,0.448306336,0.429627251,0.376956372,0.352638746,0.328856298,0.303935837,0.287692628,0.271312169,0.256099329,0.25176806,0.247248419,0.234859455,0.230680733,0.224785178,0.216647211,0.211827449,0.206455681,0.202719529,0.201109102,0.198895142,0.195418594,3.5543675,-0.2664744
100_482,Conc,100,LL2112_NC_conc.csv,post_iqr,26.27481037,2.768944685,-5.094456381,-11.03484329,4.365975826,4.231265303,-5.257036174,2.370808387,-3.464594096,-0.186690387,-3.472650697,0.424045504,4.256021273,-0.790973082,2.513109096,0.23670412,1.19249223,-5.729381131,-0.451804428,3.041972555,-1.068004135,-1.043761621,2.554260653,5.28791031,-0.102561396,5.888602397,-3.31209682,-2.753558162,0.571056448,-1.483598331,40.70366019,3.58978344,2.257757855,1.125741172,0.835700009,0.76100776,0.709609225,0.626002438,0.485491093,0.448306336,0.429627251,0.376956372,0.352638746,0.328856298,0.303935837,0.287692628,0.271312169,0.256099329,0.25176806,0.247248419,0.234859455,0.230680733,0.224785178,0.216647211,0.211827449,0.206455681,0.202719529,0.201109102,0.198895142,0.195418594,3.3759685,0.4494124
100_483,Conc,100,LL2112_NC_conc.csv,post_iqr,-80.06554783,-3.810401801,17.53177359,2.007832045,-3.245079649,-5.668465067,4.905341065,-5.985982057,-3.383920827,-3.891662138,-4.412478119,-2.300344708,0.62927399,-7.108415304,-0.504742828,6.642377808,3.345509932,-0.287809925,0.898037815,0.521877684,0.481804713,-1.5639215,-1.819004631,3.711511042,3.100356079,5.170492086,-1.351793686,-4.077716814,-1.35730254,-0.562464605,40.70366019,3.58978344,2.257757855,1.125741172,0.835700009,0.76100776,0.709609225,0.626002438,0.485491093,0.448306336,0.429627251,0.376956372,0.352638746,0.328856298,0.303935837,0.287692628,0.271312169,0.256099329,0.25176806,0.247248419,0.234859455,0.230680733,0.224785178,0.216647211,0.211827449,0.206455681,0.202719529,0.201109102,0.198895142,0.195418594,11.987579,5.889796
100_484,Conc,100,LL2112_NC_conc.csv,post_iqr,22.08873592,-2.466928019,-13.21072854,-16.43853365,1.573863605,1.82742256,-3.424203723,3.04004213,-2.948933181,3.641802067,-5.101959127,2.937683262,0.959041907,-3.118390364,4.21111024,-0.639127699,2.887911557,-0.946969414,-1.051923164,3.354562153,2.466610893,-2.029187262,4.626124961,2.583694385,1.493487469,3.637551607,-3.090908587,1.132606236,-0.681712729,0.815835247,40.70366019,3.58978344,2.257757855,1.125741172,0.835700009,0.76100776,0.709609225,0.626002438,0.485491093,0.448306336,0.429627251,0.376956372,0.352638746,0.328856298,0.303935837,0.287692628,0.271312169,0.256099329,0.25176806,0.247248419,0.234859455,0.230680733,0.224785178,0.216647211,0.211827449,0.206455681,0.202719529,0.201109102,0.198895142,0.195418594,3.2576141,1.096542
100_485,Conc,100,LL2112_NC_conc.csv,post_iqr,30.7869232,1.771144927,6.747277998,-9.816296375,-2.076235748,5.884522301,1.764237244,-2.919088647,-2.077600715,-5.513925369,-4.21270544,-4.022183013,0.679230274,0.230237996,1.974007974,-3.615592834,-1.308548996,4.203597721,1.527311054,0.707735999,1.945305526,-1.329924054,2.995742056,-0.147273953,2.08759495,-1.245927439,-1.714398564,0.231333519,-0.021300199,2.782866232,40.70366019,3.58978344,2.257757855,1.125741172,0.835700009,0.76100776,0.709609225,0.626002438,0.485491093,0.448306336,0.429627251,0.376956372,0.352638746,0.328856298,0.303935837,0.287692628,0.271312169,0.256099329,0.25176806,0.247248419,0.234859455,0.230680733,0.224785178,0.216647211,0.211827449,0.206455681,0.202719529,0.201109102,0.198895142,0.195418594,2.3966644,0.6762089
100_486,Conc,100,LL2112_NC_conc.csv,post_iqr,25.11742605,3.53265743,5.20395708,-3.878862457,-9.062474942,-4.322434732,2.071770822,-0.920043751,1.562073924,6.838430675,1.342522498,0.724983057,0.093190697,-2.864278418,3.913829365,1.280494637,-1.648769203,-3.056055917,-0.044786272,2.642778188,-0.385108094,-2.105756426,-3.40827623,1.906716163,-0.574560835,1.029110927,-2.924811443,1.351598271,0.056691997,-4.009484965,40.70366019,3.58978344,2.257757855,1.125741172,0.835700009,0.76100776,0.709609225,0.626002438,0.485491093,0.448306336,0.429627251,0.376956372,0.352638746,0.328856298,0.303935837,0.287692628,0.271312169,0.256099329,0.25176806,0.247248419,0.234859455,0.230680733,0.224785178,0.216647211,0.211827449,0.206455681,0.202719529,0.201109102,0.198895142,0.195418594,3.0512865,-0.11422459
100_487,Conc,100,LL2112_NC_conc.csv,post_iqr,23.84333394,1.168967178,5.622465764,-5.329130686,-1.152657469,1.548476193,-7.154029786,2.562419878,0.817740714,4.221954791,-2.954543455,-0.915408409,-0.355490063,-0.101653372,-1.749971601,0.440907859,0.705855493,-1.564400802,2.266186919,1.04221827,-3.419677324,0.660899814,1.92259003,-0.30998591,-0.67675383,0.582983396,-0.567981489,-1.505921323,-0.575099242,1.640253615,40.70366019,3.58978344,2.257757855,1.125741172,0.835700009,0.76100776,0.709609225,0.626002438,0.485491093,0.448306336,0.429627251,0.376956372,0.352638746,0.328856298,0.303935837,0.287692628,0.271312169,0.256099329,0.25176806,0.247248419,0.234859455,0.230680733,0.224785178,0.216647211,0.211827449,0.206455681,0.202719529,0.201109102,0.198895142,0.195418594,3.7643762,-0.10386954
100_488,Conc,100,LL2112_NC_conc.csv,post_iqr,28.02926217,3.150177894,2.436315771,-2.265677297,-1.628328854,-2.506102441,0.104569323,-2.560434952,-1.751387329,-1.078572482,-12.07599736,-2.383993739,-4.54993486,2.631410121,-3.010544945,3.605537679,-2.868186791,-3.008410124,2.825226602,-2.175066048,0.465076862,-2.267093302,4.282962238,2.73232089,-2.345568399,-0.794848571,-1.597798012,-0.809226754,-0.567011568,1.872429931,40.70366019,3.58978344,2.257757855,1.125741172,0.835700009,0.76100776,0.709609225,0.626002438,0.485491093,0.448306336,0.429627251,0.376956372,0.352638746,0.328856298,0.303935837,0.287692628,0.271312169,0.256099329,0.25176806,0.247248419,0.234859455,0.230680733,0.224785178,0.216647211,0.211827449,0.206455681,0.202719529,0.201109102,0.198895142,0.195418594,3.36628,-0.27140507
100_489,Conc,100,LL2112_NC_conc.csv,post_iqr,17.37688093,4.4698402,15.92034276,-1.062796965,-10.85420042,-0.88894504,8.830954015,-4.895240731,-0.779478116,-6.528534247,-3.531959247,-1.490152689,2.921850307,-5.968270986,0.61912064,0.23768859,0.863916496,-0.224726976,1.339031058,-0.508092498,3.177275071,0.341312419,-1.520876291,-1.215557878,0.29426973,0.573330943,1.167024445,-2.43108612,-0.227029962,-0.241870252,40.70366019,3.58978344,2.257757855,1.125741172,0.835700009,0.76100776,0.709609225,0.626002438,0.485491093,0.448306336,0.429627251,0.376956372,0.352638746,0.328856298,0.303935837,0.287692628,0.271312169,0.256099329,0.25176806,0.247248419,0.234859455,0.230680733,0.224785178,0.216647211,0.211827449,0.206455681,0.202719529,0.201109102,0.198895142,0.195418594,9.451776,3.7312336
100_490,Conc,100,LL2112_NC_conc.csv,post_iqr,-72.797945,-0.847609779,11.74824247,2.485365019,-3.368612209,6.505911443,1.887956313,3.452229724,-8.421668049,7.302238159,-4.583622476,2.230998092,1.046697972,-6.704948303,1.462127593,-2.053617443,3.181697446,2.148585182,0.880913978,-4.183230924,5.782731786,-5.298105201,2.952789255,0.517045148,1.428028007,-1.554211731,-3.470576853,-2.508217369,-7.846311343,-4.577187892,40.70366019,3.58978344,2.257757855,1.125741172,0.835700009,0.76100776,0.709609225,0.626002438,0.485491093,0.448306336,0.429627251,0.376956372,0.352638746,0.328856298,0.303935837,0.287692628,0.271312169,0.256099329,0.25176806,0.247248419,0.234859455,0.230680733,0.224785178,0.216647211,0.211827449,0.206455681,0.202719529,0.201109102,0.198895142,0.195418594,11.653419,5.201731
100_492,Conc,100,LL2112_NC_conc.csv,post_iqr,-71.35480518,-3.004748619,-10.74135951,-6.773263372,-5.175382299,1.662795416,-4.060752168,-7.973100279,-4.109499102,-8.179667633,-2.649459216,-2.937888889,3.186245629,7.618601044,-3.876267344,0.13235215,4.453410785,-5.223838558,5.480295078,-10.67868254,7.215638001,2.364111908,3.387982633,0.541694871,-0.68829615,-3.721352403,5.314992197,-6.035865791,0.659720828,-0.080956012,40.70366019,3.58978344,2.257757855,1.125741172,0.835700009,0.76100776,0.709609225,0.626002438,0.485491093,0.448306336,0.429627251,0.376956372,0.352638746,0.328856298,0.303935837,0.287692628,0.271312169,0.256099329,0.25176806,0.247248419,0.234859455,0.230680733,0.224785178,0.216647211,0.211827449,0.206455681,0.202719529,0.201109102,0.198895142,0.195418594,12.03235,4.6217937
100_493,Conc,100,LL2112_NC_conc.csv,post_iqr,25.5175958,10.42847779,-2.495254577,-3.88359737,-2.767532943,-3.11677086,-1.823616712,0.028347214,-4.285288179,1.348181827,-6.992341035,0.934401769,1.861559596,-1.307562575,-1.384582335,0.743655016,4.66075506,0.340352375,-1.278228512,-2.010024186,-1.164620335,1.806081834,0.498374503,2.23841817,-1.48510913,-1.192680445,1.518584025,2.376623712,-1.481235383,1.493750508,40.70366019,3.58978344,2.257757855,1.125741172,0.835700009,0.76100776,0.709609225,0.626002438,0.485491093,0.448306336,0.429627251,0.376956372,0.352638746,0.328856298,0.303935837,0.287692628,0.271312169,0.256099329,0.25176806,0.247248419,0.234859455,0.230680733,0.224785178,0.216647211,0.211827449,0.206455681,0.202719529,0.201109102,0.198895142,0.195418594,2.3536575,-0.33739743
100_494,Conc,100,LL2112_NC_conc.csv,post_iqr,-56.71477885,10.96012939,-9.165931195,5.560933108,-2.992962701,4.26746729,4.230049263,-2.2010207,-7.975162615,0.83992161,-10.29782286,0.220478863,-3.616184627,0.794905447,-1.085793989,2.258426369,-12.48994636,-2.315683807,-0.908186946,3.700236592,2.80775382,2.430238249,-8.108446623,5.87074398,-0.181139754,-5.764277361,-5.796214355,7.439384535,-5.829973061,3.132333836,40.70366019,3.58978344,2.257757855,1.125741172,0.835700009,0.76100776,0.709609225,0.626002438,0.485491093,0.448306336,0.429627251,0.376956372,0.352638746,0.328856298,0.303935837,0.287692628,0.271312169,0.256099329,0.25176806,0.247248419,0.234859455,0.230680733,0.224785178,0.216647211,0.211827449,0.206455681,0.202719529,0.201109102,0.198895142,0.195418594,11.457793,4.4109898
100_495,Conc,100,LL2112_NC_conc.csv,post_iqr,26.12088402,6.741003293,1.635368213,-2.599834925,0.033237623,-1.931955499,-6.315397923,3.05897852,0.010347205,6.28559216,-5.439902131,0.554312933,-2.003931744,1.020681054,-3.266412023,2.780967789,-1.389253571,-0.377809391,0.005039171,-0.699150395,-1.686379665,-0.725079152,-1.111918419,0.467690441,-0.774052469,3.057710179,1.792195846,-1.007890634,-2.308867667,0.466490547,40.70366019,3.58978344,2.257757855,1.125741172,0.835700009,0.76100776,0.709609225,0.626002438,0.485491093,0.448306336,0.429627251,0.376956372,0.352638746,0.328856298,0.303935837,0.287692628,0.271312169,0.256099329,0.25176806,0.247248419,0.234859455,0.230680733,0.224785178,0.216647211,0.211827449,0.206455681,0.202719529,0.201109102,0.198895142,0.195418594,3.6831727,-0.30598894
100_496,Conc,100,LL2112_NC_conc.csv,post_iqr,-82.39575998,2.526137879,-1.240044823,10.25383025,-4.747611887,-0.18881264,1.351108759,-10.33594745,-1.357482332,-1.574173882,-1.481383215,-0.639257399,1.144042158,-2.201657397,0.580314653,-3.688891057,2.729435593,-6.549616897,-5.279972822,3.717888909,3.155824091,0.864978888,0.695839294,1.769722217,5.463480468,1.312386313,1.303492862,-4.062217512,1.259687538,-2.544136129,40.70366019,3.58978344,2.257757855,1.125741172,0.835700009,0.76100776,0.709609225,0.626002438,0.485491093,0.448306336,0.429627251,0.376956372,0.352638746,0.328856298,0.303935837,0.287692628,0.271312169,0.256099329,0.25176806,0.247248419,0.234859455,0.230680733,0.224785178,0.216647211,0.211827449,0.206455681,0.202719529,0.201109102,0.198895142,0.195418594,11.948544,5.933095
100_497,Conc,100,LL2112_NC_conc.csv,post_iqr,25.63186255,8.196818928,0.575882657,-0.579885896,2.904007029,0.908853608,-5.362326915,2.071625757,-1.275230227,1.465103924,1.481473131,1.284003183,0.610333538,0.613719828,0.165352492,0.782691436,1.773968771,-4.975517771,1.052172905,0.774146036,-0.258547228,1.065472321,1.357538146,2.290948503,0.255174839,2.976335681,1.515445243,-0.278646751,-1.307549154,0.433282645,40.70366019,3.58978344,2.257757855,1.125741172,0.835700009,0.76100776,0.709609225,0.626002438,0.485491093,0.448306336,0.429627251,0.376956372,0.352638746,0.328856298,0.303935837,0.287692628,0.271312169,0.256099329,0.25176806,0.247248419,0.234859455,0.230680733,0.224785178,0.216647211,0.211827449,0.206455681,0.202719529,0.201109102,0.198895142,0.195418594,3.365769,-0.22253808
100_498,Conc,100,LL2112_NC_conc.csv,post_iqr,28.11039651,7.133566771,3.791459641,2.873689311,-3.954067074,-2.649085119,6.996484607,-5.381808288,0.497127926,-2.521907909,-2.168038809,-1.225544914,-0.765313124,-0.107321823,-2.66975448,0.37283692,-1.102382628,-1.751986591,0.12916447,-2.228528936,-0.880175069,-1.222650574,-0.266036146,0.185873643,1.233853472,2.388120621,-2.348467538,-1.43812584,-2.389004695,2.533280303,40.70366019,3.58978344,2.257757855,1.125741172,0.835700009,0.76100776,0.709609225,0.626002438,0.485491093,0.448306336,0.429627251,0.376956372,0.352638746,0.328856298,0.303935837,0.287692628,0.271312169,0.256099329,0.25176806,0.247248419,0.234859455,0.230680733,0.224785178,0.216647211,0.211827449,0.206455681,0.202719529,0.201109102,0.198895142,0.195418594,1.8336729,-0.51609236
100_499,Conc,100,LL2112_NC_conc.csv,post_iqr,24.04007411,11.97486271,-6.504653334,-0.174074553,8.057577173,-2.419812669,-0.999342986,-0.524827945,-4.347779952,-3.048083562,-6.424752364,2.189501832,-0.784702205,2.564635031,-2.644248932,1.995389109,-0.307950944,-4.120310874,3.783091217,0.316557372,0.308936972,0.450075434,1.544305148,2.147006405,0.17276544,5.122659555,-0.609207796,0.496704908,0.535842534,0.943931682,40.70366019,3.58978344,2.257757855,1.125741172,0.835700009,0.76100776,0.709609225,0.626002438,0.485491093,0.448306336,0.429627251,0.376956372,0.352638746,0.328856298,0.303935837,0.287692628,0.271312169,0.256099329,0.25176806,0.247248419,0.234859455,0.230680733,0.224785178,0.216647211,0.211827449,0.206455681,0.202719529,0.201109102,0.198895142,0.195418594,2.5024803,-1.3351083
100_500,Conc,100,LL2112_NC_conc.csv,post_iqr,30.52901139,5.013462961,7.939178594,-0.88788886,-7.900193874,-4.061559274,-2.67221441,-1.674453633,2.987063996,1.818798168,-0.897117099,-0.525522592,0.980105934,2.181095377,-3.759106852,2.622161351,-0.838165005,1.832152047,-0.60921868,-1.568753814,-0.261811857,-2.210777838,-1.826097478,2.435222324,0.076259552,1.676773569,-1.435211538,-0.815219921,-1.659217638,-0.771989679,40.70366019,3.58978344,2.257757855,1.125741172,0.835700009,0.76100776,0.709609225,0.626002438,0.485491093,0.448306336,0.429627251,0.376956372,0.352638746,0.328856298,0.303935837,0.287692628,0.271312169,0.256099329,0.25176806,0.247248419,0.234859455,0.230680733,0.224785178,0.216647211,0.211827449,0.206455681,0.202719529,0.201109102,0.198895142,0.195418594,2.6507952,-0.39937288
100_501,Conc,100,LL2112_NC_conc.csv,post_iqr,26.10108063,5.382328064,-7.513586237,-9.722266375,3.452337214,2.47546916,6.224928041,-3.248207675,-7.481675971,-5.039962163,-10.93116538,0.916637836,2.414980957,-3.152950238,-1.723535318,0.428272503,-2.045027446,1.602796531,2.773966649,3.987441479,2.712312835,-4.449040648,-1.96726195,2.165410513,-1.975694169,1.389509379,3.036284915,0.885505241,-0.395082912,-0.995378594,40.70366019,3.58978344,2.257757855,1.125741172,0.835700009,0.76100776,0.709609225,0.626002438,0.485491093,0.448306336,0.429627251,0.376956372,0.352638746,0.328856298,0.303935837,0.287692628,0.271312169,0.256099329,0.25176806,0.247248419,0.234859455,0.230680733,0.224785178,0.216647211,0.211827449,0.206455681,0.202719529,0.201109102,0.198895142,0.195418594,2.1697884,0.39810076
100_502,Conc,100,LL2112_NC_conc.csv,post_iqr,24.72733582,14.56914397,1.317901623,0.820004187,2.66554801,-3.572778918,1.622694256,-2.229112363,-2.4099596,0.379742299,-4.480305147,-2.198178397,0.441223773,1.134200624,-4.193942213,1.911733639,-0.792750397,1.569514137,-1.291065097,-3.576879821,-3.423990862,0.343082876,0.110429712,1.226608044,-0.630751346,-1.241640841,-0.490542899,0.080532815,0.323482891,-2.091036933,40.70366019,3.58978344,2.257757855,1.125741172,0.835700009,0.76100776,0.709609225,0.626002438,0.485491093,0.448306336,0.429627251,0.376956372,0.352638746,0.328856298,0.303935837,0.287692628,0.271312169,0.256099329,0.25176806,0.247248419,0.234859455,0.230680733,0.224785178,0.216647211,0.211827449,0.206455681,0.202719529,0.201109102,0.198895142,0.195418594,2.3199234,-0.5028843
100_504,Conc,100,LL2112_NC_conc.csv,post_iqr,12.49969539,3.115246289,7.239056394,-12.57541134,4.415804499,-5.384403697,-1.970202525,12.04919969,5.332361555,2.735039328,-2.640292888,3.271228003,-1.132420496,2.944642765,-0.328169587,-9.601745139,-1.878493456,-1.112722054,1.605196968,6.554157427,-1.830114631,2.419217381,-1.664787842,-2.468166921,-1.033334737,0.690123674,2.064299018,-0.580450931,1.300031466,0.081176736,40.70366019,3.58978344,2.257757855,1.125741172,0.835700009,0.76100776,0.709609225,0.626002438,0.485491093,0.448306336,0.429627251,0.376956372,0.352638746,0.328856298,0.303935837,0.287692628,0.271312169,0.256099329,0.25176806,0.247248419,0.234859455,0.230680733,0.224785178,0.216647211,0.211827449,0.206455681,0.202719529,0.201109102,0.198895142,0.195418594,3.9833722,-0.2371839
100_505,Conc,100,LL2112_NC_conc.csv,post_iqr,-56.30264933,1.820603165,17.77336798,-8.918610811,4.448425941,5.195292683,5.282725434,6.667026964,-9.976638092,-6.967050685,1.499175827,-2.315151664,-1.20391099,-1.238716897,-0.706285562,6.430992953,2.70721935,3.500249595,-0.285744726,-6.246353183,0.761150481,-1.992680744,4.496055634,-4.901469849,-0.675117031,-0.220445695,-2.490755041,-6.604385905,0.212525544,-1.642034251,40.70366019,3.58978344,2.257757855,1.125741172,0.835700009,0.76100776,0.709609225,0.626002438,0.485491093,0.448306336,0.429627251,0.376956372,0.352638746,0.328856298,0.303935837,0.287692628,0.271312169,0.256099329,0.25176806,0.247248419,0.234859455,0.230680733,0.224785178,0.216647211,0.211827449,0.206455681,0.202719529,0.201109102,0.198895142,0.195418594,10.948068,4.676187
100_506,Conc,100,LL2112_NC_conc.csv,post_iqr,-70.37896379,-0.501066559,-5.359437901,3.714396171,5.3096627,-9.604564319,-2.922939252,-0.559764297,-1.473616881,-0.7345445,-0.317528172,1.917293225,8.090489829,-2.495171128,5.636724401,-0.161826202,0.704956994,-2.235368273,-4.627916821,-3.971555426,15.51653301,-4.829968733,5.990634667,-0.940756952,3.566819481,-7.621672878,-4.272376195,9.487924364,1.154702545,-1.725006483,40.70366019,3.58978344,2.257757855,1.125741172,0.835700009,0.76100776,0.709609225,0.626002438,0.485491093,0.448306336,0.429627251,0.376956372,0.352638746,0.328856298,0.303935837,0.287692628,0.271312169,0.256099329,0.25176806,0.247248419,0.234859455,0.230680733,0.224785178,0.216647211,0.211827449,0.206455681,0.202719529,0.201109102,0.198895142,0.195418594,11.328555,5.571752
100_507,Conc,100,LL2112_NC_conc.csv,post_iqr,25.88771328,11.49989361,4.059359286,-0.110922817,-0.091022289,-4.536087611,-0.083646893,-3.27360201,-1.400906444,-1.252497384,-3.618206295,0.205660162,-1.669510461,0.179695498,-2.668626492,1.388028868,-2.697731321,0.177724113,0.240376951,-0.996427881,1.593131258,0.047326981,-0.661349458,2.835819239,0.291574225,-4.0654253,-0.047393084,0.912488289,0.677733267,0.619020241,40.70366019,3.58978344,2.257757855,1.125741172,0.835700009,0.76100776,0.709609225,0.626002438,0.485491093,0.448306336,0.429627251,0.376956372,0.352638746,0.328856298,0.303935837,0.287692628,0.271312169,0.256099329,0.25176806,0.247248419,0.234859455,0.230680733,0.224785178,0.216647211,0.211827449,0.206455681,0.202719529,0.201109102,0.198895142,0.195418594,2.063708,-0.88071156
100_508,Conc,100,LL2112_NC_conc.csv,post_iqr,-65.80350783,7.749775073,-8.184794185,-0.437214894,6.636233118,-6.771564366,-5.012114544,4.372310859,-4.983740524,-0.651408927,7.526318547,-0.308853612,3.700370168,2.063363265,9.655847984,-1.960465192,-2.664535761,0.533813706,-10.62138538,0.237785492,9.143760204,-4.890963369,-0.133430011,-2.873924531,1.246206558,-0.262670689,-2.769917295,2.370299273,-16.33125752,-1.753376046,40.70366019,3.58978344,2.257757855,1.125741172,0.835700009,0.76100776,0.709609225,0.626002438,0.485491093,0.448306336,0.429627251,0.376956372,0.352638746,0.328856298,0.303935837,0.287692628,0.271312169,0.256099329,0.25176806,0.247248419,0.234859455,0.230680733,0.224785178,0.216647211,0.211827449,0.206455681,0.202719529,0.201109102,0.198895142,0.195418594,11.226315,5.3368
100_509,Conc,100,LL2112_NC_conc.csv,post_iqr,26.9906895,12.86846253,1.232447116,-1.166304308,-7.394676548,-5.247219764,5.638378146,-3.847990104,-1.597557285,-5.843596604,-1.911222363,-3.137943412,-0.917999969,-0.88752263,0.407034111,-1.72345104,-0.623190851,0.62027281,-2.473852606,-2.179581821,2.819172991,2.838947812,-0.427262678,0.242133184,-1.336281334,-2.069270507,4.078304882,-1.980524294,-0.894032724,-1.761987925,40.70366019,3.58978344,2.257757855,1.125741172,0.835700009,0.76100776,0.709609225,0.626002438,0.485491093,0.448306336,0.429627251,0.376956372,0.352638746,0.328856298,0.303935837,0.287692628,0.271312169,0.256099329,0.25176806,0.247248419,0.234859455,0.230680733,0.224785178,0.216647211,0.211827449,0.206455681,0.202719529,0.201109102,0.198895142,0.195418594,2.0424614,-0.44125018
100_510,Conc,100,LL2112_NC_conc.csv,post_iqr,27.04113516,8.660869603,-1.882732479,-4.094194818,3.45172356,0.825084135,-8.723832308,0.211237602,0.065712383,-0.113842946,3.579057021,2.979259439,2.730246818,0.124527251,-3.279151124,-4.534681007,-0.086073434,-6.98775693,-1.43163753,-1.963616537,-3.654817191,0.625236109,1.061345555,-0.58529852,1.949294612,2.351128767,-1.884818907,4.398103679,1.024442037,0.441935081,40.70366019,3.58978344,2.257757855,1.125741172,0.835700009,0.76100776,0.709609225,0.626002438,0.485491093,0.448306336,0.429627251,0.376956372,0.352638746,0.328856298,0.303935837,0.287692628,0.271312169,0.256099329,0.25176806,0.247248419,0.234859455,0.230680733,0.224785178,0.216647211,0.211827449,0.206455681,0.202719529,0.201109102,0.198895142,0.195418594,3.1582713,-0.65742534
100_511,Conc,100,LL2112_NC_conc.csv,post_iqr,25.92372041,10.05249575,-4.72775301,-5.563625408,-7.328571759,-4.973676938,7.756217127,-1.745541714,-3.930306956,-4.819558118,-2.366617391,-0.077999616,0.468309798,2.01445755,-0.862258058,-0.39202067,0.763034616,1.195930651,-1.41885961,-0.559336554,-0.02494495,1.33190212,0.286206391,-0.369680034,-0.93493591,2.126865945,1.230997285,-0.874061912,-4.09078049,-3.212458055,40.70366019,3.58978344,2.257757855,1.125741172,0.835700009,0.76100776,0.709609225,0.626002438,0.485491093,0.448306336,0.429627251,0.376956372,0.352638746,0.328856298,0.303935837,0.287692628,0.271312169,0.256099329,0.25176806,0.247248419,0.234859455,0.230680733,0.224785178,0.216647211,0.211827449,0.206455681,0.202719529,0.201109102,0.198895142,0.195418594,1.9527591,-0.12475722
100_512,Conc,100,LL2112_NC_conc.csv,post_iqr,-69.69248236,3.099205082,4.574739456,-2.703815475,-5.784506327,10.18732699,7.12561533,4.450084963,-10.77154043,4.307195556,-8.964084575,1.720673044,-7.794853664,-2.283710055,0.657839472,-1.796799472,1.359539741,0.047063066,1.864638094,1.895844584,-0.818305362,0.20593782,-1.61237431,-2.239580286,-3.145530624,-4.750421447,-2.183312108,-3.25880059,-8.400000404,6.535540045,40.70366019,3.58978344,2.257757855,1.125741172,0.835700009,0.76100776,0.709609225,0.626002438,0.485491093,0.448306336,0.429627251,0.376956372,0.352638746,0.328856298,0.303935837,0.287692628,0.271312169,0.256099329,0.25176806,0.247248419,0.234859455,0.230680733,0.224785178,0.216647211,0.211827449,0.206455681,0.202719529,0.201109102,0.198895142,0.195418594,11.616026,4.400564
100_513,Conc,100,LL2112_NC_conc.csv,post_iqr,-64.42812494,11.35334409,8.607907617,11.02002507,-0.655513418,-9.569296309,6.376742802,2.340242845,-5.5701414,1.875891771,-6.528441128,-1.264085242,-3.741555324,2.300745715,-2.023818821,0.263492502,0.089757501,3.263024575,-7.445996318,-0.041818422,5.14575412,3.577897664,3.322370219,-0.611349054,3.364624654,-4.042211534,6.000546142,-0.077957135,-0.289016099,7.458082392,40.70366019,3.58978344,2.257757855,1.125741172,0.835700009,0.76100776,0.709609225,0.626002438,0.485491093,0.448306336,0.429627251,0.376956372,0.352638746,0.328856298,0.303935837,0.287692628,0.271312169,0.256099329,0.25176806,0.247248419,0.234859455,0.230680733,0.224785178,0.216647211,0.211827449,0.206455681,0.202719529,0.201109102,0.198895142,0.195418594,11.108632,5.160117
100_515,Conc,100,LL2112_NC_conc.csv,post_iqr,-30.71958714,10.75964512,-19.81973344,11.045658,-25.39646842,31.60997934,19.00810226,22.73658796,21.2406987,-15.62429547,-11.71532494,9.316617306,13.57794526,-11.38174483,-10.06810788,5.576215808,8.125615217,4.258348461,-5.79587083,-2.804783561,2.020726363,-2.05515611,-8.762591358,-5.606203275,-0.201382009,12.18565641,-10.12152325,-2.806896111,-6.569510237,2.537357572,40.70366019,3.58978344,2.257757855,1.125741172,0.835700009,0.76100776,0.709609225,0.626002438,0.485491093,0.448306336,0.429627251,0.376956372,0.352638746,0.328856298,0.303935837,0.287692628,0.271312169,0.256099329,0.25176806,0.247248419,0.234859455,0.230680733,0.224785178,0.216647211,0.211827449,0.206455681,0.202719529,0.201109102,0.198895142,0.195418594,9.856539,3.7707677
100_516,Conc,100,LL2112_NC_conc.csv,post_iqr,26.99084745,13.18140452,-3.942473287,-7.276725434,1.421389732,1.641584061,-4.274520166,0.862741016,-3.907682328,-5.344628756,-0.330499191,2.366763634,3.447531065,-0.323088382,-0.923880692,-2.758889991,-1.561920708,0.00789482,1.801885323,1.495033535,0.403128407,-0.957839896,1.623426113,-1.95531489,-1.780225925,1.489737051,1.74175325,-1.039250296,-1.217559968,-0.821974496,40.70366019,3.58978344,2.257757855,1.125741172,0.835700009,0.76100776,0.709609225,0.626002438,0.485491093,0.448306336,0.429627251,0.376956372,0.352638746,0.328856298,0.303935837,0.287692628,0.271312169,0.256099329,0.25176806,0.247248419,0.234859455,0.230680733,0.224785178,0.216647211,0.211827449,0.206455681,0.202719529,0.201109102,0.198895142,0.195418594,2.6674848,-1.0724196
100_518,Conc,100,LL2112_NC_conc.csv,post_iqr,21.94175726,8.888883044,-0.270262021,3.731725942,1.170353137,-3.479661548,9.954757117,-3.100529867,2.338447039,0.27446842,-0.207058735,0.276602169,-2.20818458,0.943710636,-0.160032314,2.882880191,-1.306267493,-1.706846271,1.642804409,-3.351687749,0.467078702,1.678089228,5.846251888,0.537787898,-1.36472582,1.182590079,0.950556813,1.387267357,-1.447444725,-1.83534525,40.70366019,3.58978344,2.257757855,1.125741172,0.835700009,0.76100776,0.709609225,0.626002438,0.485491093,0.448306336,0.429627251,0.376956372,0.352638746,0.328856298,0.303935837,0.287692628,0.271312169,0.256099329,0.25176806,0.247248419,0.234859455,0.230680733,0.224785178,0.216647211,0.211827449,0.206455681,0.202719529,0.201109102,0.198895142,0.195418594,1.9767624,-1.0010171
100_519,Conc,100,LL2112_NC_conc.csv,post_iqr,23.08184018,15.79973942,-1.513526203,1.316332889,-0.167270774,3.286618697,-3.403295815,5.092205674,-5.210921248,-3.737439786,0.018248284,-0.652744868,7.777879301,-2.3766505,1.296709169,-0.38694076,4.659702018,0.86979669,2.915291763,2.307887798,0.141039053,4.881013167,2.068990814,-2.244194626,-2.322021262,1.9115066,1.120325158,-0.061900275,-2.315267374,-2.568343679,40.70366019,3.58978344,2.257757855,1.125741172,0.835700009,0.76100776,0.709609225,0.626002438,0.485491093,0.448306336,0.429627251,0.376956372,0.352638746,0.328856298,0.303935837,0.287692628,0.271312169,0.256099329,0.25176806,0.247248419,0.234859455,0.230680733,0.224785178,0.216647211,0.211827449,0.206455681,0.202719529,0.201109102,0.198895142,0.195418594,3.254176,-1.8733584
100_520,Conc,100,LL2112_NC_conc.csv,post_iqr,-70.29101522,-4.218070928,1.159552378,-6.138849095,-12.48242705,-0.398091601,3.309419568,0.558269592,-2.4459848,4.851038904,-1.407216338,5.891626837,-6.514243355,-5.966202195,2.258688471,-0.977087068,5.075818434,0.150095468,2.336139364,-4.344235847,0.314848869,0.286482952,0.292617953,-0.101296107,-7.605817165,-3.907963609,-2.824310406,0.388411227,-7.569013921,5.428012876,40.70366019,3.58978344,2.257757855,1.125741172,0.835700009,0.76100776,0.709609225,0.626002438,0.485491093,0.448306336,0.429627251,0.376956372,0.352638746,0.328856298,0.303935837,0.287692628,0.271312169,0.256099329,0.25176806,0.247248419,0.234859455,0.230680733,0.224785178,0.216647211,0.211827449,0.206455681,0.202719529,0.201109102,0.198895142,0.195418594,12.014626,4.770033
100_521,Conc,100,LL2112_NC_conc.csv,post_iqr,23.37854582,15.16471303,-0.133980574,4.953281309,-1.718843948,-2.94972205,-5.284591314,1.922133013,-3.290307819,0.885503534,-1.557840274,2.380550002,0.75162001,-1.37379183,1.679564844,2.459075595,-0.510228177,1.278752269,1.32294861,2.38634141,-2.756947798,0.367631675,0.093980785,3.332745318,-1.396580813,1.312349662,-2.28067446,0.496378414,0.370369247,-1.441334908,40.70366019,3.58978344,2.257757855,1.125741172,0.835700009,0.76100776,0.709609225,0.626002438,0.485491093,0.448306336,0.429627251,0.376956372,0.352638746,0.328856298,0.303935837,0.287692628,0.271312169,0.256099329,0.25176806,0.247248419,0.234859455,0.230680733,0.224785178,0.216647211,0.211827449,0.206455681,0.202719529,0.201109102,0.198895142,0.195418594,2.6007817,-1.51861
100_523,Conc,100,LL2112_NC_conc.csv,post_iqr,-71.57478115,-7.341184296,-0.230947713,-11.82445308,-0.363197029,1.451298744,1.335417007,-10.82865613,-10.09969672,-2.158515245,-4.037916092,0.888036158,-1.84838423,-8.874439487,-7.468256657,2.272458171,6.418502949,9.180267835,-4.949187809,-10.17273298,-4.521992427,-7.748516692,2.443259529,6.990492213,-2.058356635,-5.147347157,-3.052361705,4.701349773,-6.859446375,4.115897451,40.70366019,3.58978344,2.257757855,1.125741172,0.835700009,0.76100776,0.709609225,0.626002438,0.485491093,0.448306336,0.429627251,0.376956372,0.352638746,0.328856298,0.303935837,0.287692628,0.271312169,0.256099329,0.25176806,0.247248419,0.234859455,0.230680733,0.224785178,0.216647211,0.211827449,0.206455681,0.202719529,0.201109102,0.198895142,0.195418594,11.796782,4.956391
100_524,Conc,100,LL2112_NC_conc.csv,post_iqr,-73.32883718,8.113449822,4.099774232,7.949749346,-0.997311717,2.380068768,-4.293115933,1.227092226,-5.378649344,6.627012827,1.875538035,-0.073015137,-0.05859162,-1.033812577,-1.599244871,-7.183512282,2.804647272,4.189600107,-5.220559776,-7.031515039,4.282810852,1.79497478,1.948184269,-1.747117979,-8.344425401,5.32885033,-2.115786789,6.262647505,-4.440969289,-0.706071373,40.70366019,3.58978344,2.257757855,1.125741172,0.835700009,0.76100776,0.709609225,0.626002438,0.485491093,0.448306336,0.429627251,0.376956372,0.352638746,0.328856298,0.303935837,0.287692628,0.271312169,0.256099329,0.25176806,0.247248419,0.234859455,0.230680733,0.224785178,0.216647211,0.211827449,0.206455681,0.202719529,0.201109102,0.198895142,0.195418594,11.553193,5.2776337
100_525,Conc,100,LL2112_NC_conc.csv,post_iqr,28.28228339,8.696576894,3.35125027,0.012746918,1.679145215,2.627755077,-3.440329522,-0.782311206,-3.48501256,-5.933872627,-1.46544752,0.341130825,1.901312285,0.355995791,-7.338413481,-2.600771062,-0.325153367,-0.39306229,1.842064206,-1.791078637,-1.782370737,-1.196924052,2.236086232,0.351867564,0.598128498,0.803745793,0.018139014,-1.659387483,-2.946275947,-0.111135015,40.70366019,3.58978344,2.257757855,1.125741172,0.835700009,0.76100776,0.709609225,0.626002438,0.485491093,0.448306336,0.429627251,0.376956372,0.352638746,0.328856298,0.303935837,0.287692628,0.271312169,0.256099329,0.25176806,0.247248419,0.234859455,0.230680733,0.224785178,0.216647211,0.211827449,0.206455681,0.202719529,0.201109102,0.198895142,0.195418594,2.537779,-1.1058424
100_526,Conc,100,LL2112_NC_conc.csv,post_iqr,-68.44638209,4.767718734,-6.616590871,-3.537463828,-8.601278289,1.16378668,-1.45205301,1.483581853,-6.54921698,0.974645677,2.7483581,2.135662424,1.106043418,2.874453275,-1.741247077,-5.839603651,-2.215035577,-8.082954084,-1.507513202,-1.17349101,-4.105191944,-4.862390413,-3.782215485,-8.027663902,-1.859219691,-4.785457064,-3.469838578,-7.806695277,4.415703135,0.630037573,40.70366019,3.58978344,2.257757855,1.125741172,0.835700009,0.76100776,0.709609225,0.626002438,0.485491093,0.448306336,0.429627251,0.376956372,0.352638746,0.328856298,0.303935837,0.287692628,0.271312169,0.256099329,0.25176806,0.247248419,0.234859455,0.230680733,0.224785178,0.216647211,0.211827449,0.206455681,0.202719529,0.201109102,0.198895142,0.195418594,11.988658,4.905849
100_527,Conc,100,LL2112_NC_conc.csv,post_iqr,-71.10513737,1.218255922,9.578881965,2.429448305,8.002560741,-7.87248859,2.9441284,3.09964321,-0.702467811,-2.640935671,-1.195983019,-6.094031037,8.565042829,2.698395192,5.625093556,-5.998256579,0.727885094,-0.135005773,-0.544512584,-1.612417147,3.085650003,-6.32861531,0.769780931,-7.443070087,-0.38768363,-2.125706525,0.925852948,-0.67885681,-5.933672353,-0.306753628,40.70366019,3.58978344,2.257757855,1.125741172,0.835700009,0.76100776,0.709609225,0.626002438,0.485491093,0.448306336,0.429627251,0.376956372,0.352638746,0.328856298,0.303935837,0.287692628,0.271312169,0.256099329,0.25176806,0.247248419,0.234859455,0.230680733,0.224785178,0.216647211,0.211827449,0.206455681,0.202719529,0.201109102,0.198895142,0.195418594,11.022914,5.6772375
100_528,Conc,100,LL2112_NC_conc.csv,post_iqr,-79.45743537,2.502473517,-13.57670355,2.360224559,-8.296845831,-5.257261023,-5.612245048,-6.451496286,0.413627067,4.345344451,4.59339374,13.66106396,-0.275176813,3.02997911,2.011591985,-9.069550631,-6.570061849,-4.644916806,-9.360621474,-3.864923862,9.729270691,-1.903875045,-3.801167818,-3.200556525,7.764560394,2.753870626,-9.582061936,12.96708599,3.139886506,-5.816660225,40.70366019,3.58978344,2.257757855,1.125741172,0.835700009,0.76100776,0.709609225,0.626002438,0.485491093,0.448306336,0.429627251,0.376956372,0.352638746,0.328856298,0.303935837,0.287692628,0.271312169,0.256099329,0.25176806,0.247248419,0.234859455,0.230680733,0.224785178,0.216647211,0.211827449,0.206455681,0.202719529,0.201109102,0.198895142,0.195418594,12.001267,5.2276597
100_529,Conc,100,LL2112_NC_conc.csv,post_iqr,-87.78705103,-0.067605148,0.725987211,8.968158293,0.637994589,-2.377752239,-10.04622575,-6.22627648,3.570604525,2.074529657,-4.478014908,0.30202063,5.959421053,0.678593242,0.652264442,-5.244225016,2.858417643,4.095619942,-3.400772695,1.112142359,-1.752029107,-0.872406279,1.50486133,-0.172485019,-4.850762608,7.696488975,6.043743582,0.868411577,1.525656165,-5.256096389,40.70366019,3.58978344,2.257757855,1.125741172,0.835700009,0.76100776,0.709609225,0.626002438,0.485491093,0.448306336,0.429627251,0.376956372,0.352638746,0.328856298,0.303935837,0.287692628,0.271312169,0.256099329,0.25176806,0.247248419,0.234859455,0.230680733,0.224785178,0.216647211,0.211827449,0.206455681,0.202719529,0.201109102,0.198895142,0.195418594,11.939164,5.707802
100_530,Conc,100,LL2112_NC_conc.csv,post_iqr,26.06387567,4.842532975,1.549162159,-5.905246744,-10.11443846,-9.212579054,-2.556069366,0.090434894,-0.327119579,1.808856801,-0.804077608,2.121325026,-2.842881277,2.905279994,0.194434175,0.813763179,0.190157587,0.224679362,-0.174657181,-0.707541554,-2.372324661,-1.270260992,1.619016666,0.239103894,-0.10719878,2.074792283,0.231739042,-1.75147519,-0.695985453,0.95595399,40.70366019,3.58978344,2.257757855,1.125741172,0.835700009,0.76100776,0.709609225,0.626002438,0.485491093,0.448306336,0.429627251,0.376956372,0.352638746,0.328856298,0.303935837,0.287692628,0.271312169,0.256099329,0.25176806,0.247248419,0.234859455,0.230680733,0.224785178,0.216647211,0.211827449,0.206455681,0.202719529,0.201109102,0.198895142,0.195418594,3.5291462,-0.19599444
100_531,Conc,100,LL2112_NC_conc.csv,post_iqr,24.60297341,9.021879692,7.938548131,4.033597698,-1.672824127,0.915997638,5.837228083,-3.334897568,1.857831126,-3.075863479,-6.928594737,-1.618575452,-3.573696292,-0.573481669,0.813254395,0.001926832,-0.364871221,-1.565053211,2.769818055,-1.577675779,0.744358527,-1.517833136,2.531173498,2.774236608,-2.131313167,-2.339671402,1.768873683,2.49097811,-0.109155896,-0.205688388,40.70366019,3.58978344,2.257757855,1.125741172,0.835700009,0.76100776,0.709609225,0.626002438,0.485491093,0.448306336,0.429627251,0.376956372,0.352638746,0.328856298,0.303935837,0.287692628,0.271312169,0.256099329,0.25176806,0.247248419,0.234859455,0.230680733,0.224785178,0.216647211,0.211827449,0.206455681,0.202719529,0.201109102,0.198895142,0.195418594,2.1212587,-0.9105367
100_532,Conc,100,LL2112_NC_conc.csv,post_iqr,-68.43737173,-9.431076711,-2.835755279,-9.08222745,13.69905554,-10.59407353,-5.28285119,-13.03362877,6.416478362,-5.478484736,-5.512598604,-1.186432844,4.827508847,-1.944534384,1.574021163,4.884758937,-0.949445314,4.191520733,-0.685266521,-2.320324445,-3.349843868,-8.331548115,-1.688874378,1.791558851,3.726011059,-7.109609142,-6.447949061,-10.10460746,-2.898149135,4.591022987,40.70366019,3.58978344,2.257757855,1.125741172,0.835700009,0.76100776,0.709609225,0.626002438,0.485491093,0.448306336,0.429627251,0.376956372,0.352638746,0.328856298,0.303935837,0.287692628,0.271312169,0.256099329,0.25176806,0.247248419,0.234859455,0.230680733,0.224785178,0.216647211,0.211827449,0.206455681,0.202719529,0.201109102,0.198895142,0.195418594,10.8492565,5.877693
100_533,Conc,100,LL2112_NC_conc.csv,post_iqr,-81.91990661,0.271558464,9.378727438,4.44148762,-2.669387042,5.766705499,5.297661174,-4.95483731,-3.585236159,-1.923681384,-0.338500118,6.134666218,-3.130950541,-9.660540509,2.428763118,0.808735167,1.36202357,0.986810334,-3.762946129,7.506232893,1.440647277,-2.232405939,-6.108900312,1.336678759,4.973060218,-2.805206035,-6.930876455,6.861085081,5.996454807,2.952188521,40.70366019,3.58978344,2.257757855,1.125741172,0.835700009,0.76100776,0.709609225,0.626002438,0.485491093,0.448306336,0.429627251,0.376956372,0.352638746,0.328856298,0.303935837,0.287692628,0.271312169,0.256099329,0.25176806,0.247248419,0.234859455,0.230680733,0.224785178,0.216647211,0.211827449,0.206455681,0.202719529,0.201109102,0.198895142,0.195418594,12.016585,5.831689
100_535,Conc,100,LL2112_NC_conc.csv,post_iqr,-89.07987518,-8.042119145,16.03843595,-1.010215771,-3.719179273,-1.041401606,-5.054345936,-4.194445781,-0.531363644,4.62365933,-3.472722595,1.868442375,-2.663944607,-3.679578522,-2.246755845,0.280666787,1.994476252,2.61295575,6.562914892,0.147343401,0.168156649,3.003553855,2.664387717,1.054090773,3.209587599,4.803706739,1.901087059,-1.668056089,-2.60057673,2.204046952,40.70366019,3.58978344,2.257757855,1.125741172,0.835700009,0.76100776,0.709609225,0.626002438,0.485491093,0.448306336,0.429627251,0.376956372,0.352638746,0.328856298,0.303935837,0.287692628,0.271312169,0.256099329,0.25176806,0.247248419,0.234859455,0.230680733,0.224785178,0.216647211,0.211827449,0.206455681,0.202719529,0.201109102,0.198895142,0.195418594,12.004779,6.051503
100_536,Conc,100,LL2112_NC_conc.csv,post_iqr,-64.67202153,7.96914132,-9.890852803,-2.158251673,-5.671809977,7.268122657,10.74942859,-2.020369953,-10.62827728,-2.089508186,-2.030278372,-3.116937635,-2.345031452,3.915206753,1.848175577,-4.979455331,-3.399219773,2.20859142,-3.523913293,5.614940544,-5.211261767,1.381359804,-4.645022271,-3.064441755,0.808499191,1.471361198,-9.669430194,5.27290341,-4.143911562,-2.131973817,40.70366019,3.58978344,2.257757855,1.125741172,0.835700009,0.76100776,0.709609225,0.626002438,0.485491093,0.448306336,0.429627251,0.376956372,0.352638746,0.328856298,0.303935837,0.287692628,0.271312169,0.256099329,0.25176806,0.247248419,0.234859455,0.230680733,0.224785178,0.216647211,0.211827449,0.206455681,0.202719529,0.201109102,0.198895142,0.195418594,11.435482,4.317849
100_537,Conc,100,LL2112_NC_conc.csv,post_iqr,-72.94024671,13.46501315,1.802949102,8.720042881,-4.940933494,-8.674736978,4.298499844,-3.024714256,-11.93967709,3.728401182,-10.46878819,-2.942158377,0.974113186,0.966147842,0.726139226,-7.343166861,-5.003349889,7.541579395,-6.447080797,-1.28771261,-0.017810691,-1.104246917,-2.354700157,2.00378841,0.339713845,9.880366475,4.279265536,-4.469554866,6.551374072,5.553445226,40.70366019,3.58978344,2.257757855,1.125741172,0.835700009,0.76100776,0.709609225,0.626002438,0.485491093,0.448306336,0.429627251,0.376956372,0.352638746,0.328856298,0.303935837,0.287692628,0.271312169,0.256099329,0.25176806,0.247248419,0.234859455,0.230680733,0.224785178,0.216647211,0.211827449,0.206455681,0.202719529,0.201109102,0.198895142,0.195418594,11.903931,5.3649383
100_538,Conc,100,LL2112_NC_conc.csv,post_iqr,21.66360105,12.19278896,0.328301271,6.110907806,2.555633198,-2.534712967,-6.698753384,5.156119591,-5.108877514,-1.874928106,-1.38309219,5.712187927,0.421404434,-0.811005911,0.743516527,1.340842679,-0.086375952,-2.49946109,3.358851208,0.89058204,0.242605702,-1.62389748,2.235419163,-1.860908511,2.358311288,2.393592664,1.966024266,1.947975221,-0.997136932,-2.597136251,40.70366019,3.58978344,2.257757855,1.125741172,0.835700009,0.76100776,0.709609225,0.626002438,0.485491093,0.448306336,0.429627251,0.376956372,0.352638746,0.328856298,0.303935837,0.287692628,0.271312169,0.256099329,0.25176806,0.247248419,0.234859455,0.230680733,0.224785178,0.216647211,0.211827449,0.206455681,0.202719529,0.201109102,0.198895142,0.195418594,2.721026,-1.9882187
100_539,Conc,100,LL2112_NC_conc.csv,post_iqr,-67.09888563,9.094362225,-24.77829283,-2.866538715,-3.39879655,9.524564322,-2.204359654,0.891026206,-7.757579079,-1.156111226,3.367373629,2.369322884,1.354045055,3.93206179,0.66640613,-3.616935782,-2.108736889,3.25770413,-1.442024589,-4.65556618,-2.38277234,-2.23950482,1.738635426,2.534096677,6.820786503,-1.723742631,10.42027483,-5.046973916,-6.851679409,12.509356,40.70366019,3.58978344,2.257757855,1.125741172,0.835700009,0.76100776,0.709609225,0.626002438,0.485491093,0.448306336,0.429627251,0.376956372,0.352638746,0.328856298,0.303935837,0.287692628,0.271312169,0.256099329,0.25176806,0.247248419,0.234859455,0.230680733,0.224785178,0.216647211,0.211827449,0.206455681,0.202719529,0.201109102,0.198895142,0.195418594,11.945392,4.3301616
100_540,Conc,100,LL2112_NC_conc.csv,post_iqr,-76.13547735,1.183463833,2.188133072,3.544383584,-2.316304071,-5.190536967,-5.174459986,-3.05487669,2.635521042,0.762307298,0.035743546,2.083624789,0.626341615,-1.052913267,-2.460670872,0.68421952,-1.045343754,-5.385152469,-0.868242092,-0.364450484,-0.834544849,-4.434166483,3.61165078,0.156834689,2.342267566,-1.631690889,-0.045799489,-9.61546745,4.497889885,-1.189839578,40.70366019,3.58978344,2.257757855,1.125741172,0.835700009,0.76100776,0.709609225,0.626002438,0.485491093,0.448306336,0.429627251,0.376956372,0.352638746,0.328856298,0.303935837,0.287692628,0.271312169,0.256099329,0.25176806,0.247248419,0.234859455,0.230680733,0.224785178,0.216647211,0.211827449,0.206455681,0.202719529,0.201109102,0.198895142,0.195418594,11.6806345,5.6263804
100_541,Conc,100,LL2112_NC_conc.csv,post_iqr,26.43356549,13.45686474,-0.253538321,-1.485195399,-8.984215627,-6.503698026,2.527079906,-1.654032917,-3.266759188,-1.314516447,-0.641194351,-1.579274482,3.155904897,-2.372971505,-2.321399476,-0.448648152,1.351912232,1.6717611,-3.902083487,-0.991729272,-5.295633,0.256347392,-0.899809732,-5.126277009,-3.058747476,1.051295361,-0.209345488,-1.102073532,-0.485267074,-2.240097175,40.70366019,3.58978344,2.257757855,1.125741172,0.835700009,0.76100776,0.709609225,0.626002438,0.485491093,0.448306336,0.429627251,0.376956372,0.352638746,0.328856298,0.303935837,0.287692628,0.271312169,0.256099329,0.25176806,0.247248419,0.234859455,0.230680733,0.224785178,0.216647211,0.211827449,0.206455681,0.202719529,0.201109102,0.198895142,0.195418594,1.7264289,-0.761637
100_542,Conc,100,LL2112_NC_conc.csv,post_iqr,20.86140542,18.96097527,-4.382652118,8.281699044,7.872255962,-3.387437598,2.313967428,-0.722201184,-7.048685678,-9.030077049,-3.389188487,4.677770117,-0.284299411,-2.988678922,2.188138338,-1.159984095,-1.282708959,1.369702986,2.784585675,1.151862086,2.553416867,5.148622928,2.745275608,0.672206484,-2.101513066,-1.279955785,3.71037393,3.13947692,1.614456839,0.48060017,40.70366019,3.58978344,2.257757855,1.125741172,0.835700009,0.76100776,0.709609225,0.626002438,0.485491093,0.448306336,0.429627251,0.376956372,0.352638746,0.328856298,0.303935837,0.287692628,0.271312169,0.256099329,0.25176806,0.247248419,0.234859455,0.230680733,0.224785178,0.216647211,0.211827449,0.206455681,0.202719529,0.201109102,0.198895142,0.195418594,3.0004246,-2.1809072
100_543,Conc,100,LL2112_NC_conc.csv,post_iqr,24.94766963,13.61838009,5.010438112,1.68118408,-9.745309763,-9.09298144,7.055877078,-3.787373637,0.302347472,-2.906411881,-4.183164389,0.712166018,-0.516856316,-2.994710021,1.368254153,1.89968198,-1.080490722,0.005022894,-1.442708549,-0.084919027,-0.423647703,-0.802920825,-3.762896094,0.183046721,0.18651778,2.507284732,2.484097039,-2.019438217,1.654814824,-1.596962163,40.70366019,3.58978344,2.257757855,1.125741172,0.835700009,0.76100776,0.709609225,0.626002438,0.485491093,0.448306336,0.429627251,0.376956372,0.352638746,0.328856298,0.303935837,0.287692628,0.271312169,0.256099329,0.25176806,0.247248419,0.234859455,0.230680733,0.224785178,0.216647211,0.211827449,0.206455681,0.202719529,0.201109102,0.198895142,0.195418594,1.813474,-0.7125165
100_544,Conc,100,LL2112_NC_conc.csv,post_iqr,28.98832113,5.062081244,1.166607607,-7.828279361,-0.383910496,4.834300468,-6.053073501,1.619766971,-3.082631,0.444843268,-1.436595628,-1.203098793,7.914258865,-2.086328157,-1.505598526,-0.076022641,-0.818710414,2.92450775,-3.608251292,-1.800373566,3.614040148,2.235815031,0.960100794,1.894742624,0.081731124,0.909775124,-0.009468177,0.265253305,-2.758960138,-5.971005736,40.70366019,3.58978344,2.257757855,1.125741172,0.835700009,0.76100776,0.709609225,0.626002438,0.485491093,0.448306336,0.429627251,0.376956372,0.352638746,0.328856298,0.303935837,0.287692628,0.271312169,0.256099329,0.25176806,0.247248419,0.234859455,0.230680733,0.224785178,0.216647211,0.211827449,0.206455681,0.202719529,0.201109102,0.198895142,0.195418594,2.7943146,0.22497651
100_545,Conc,100,LL2112_NC_conc.csv,post_iqr,-77.04420186,4.773569146,-7.412201767,3.310125947,-5.275488457,12.66479803,2.470552652,-2.467989786,-7.243543555,-2.783343963,-1.66840223,-3.608193959,-1.951124889,5.230080477,0.614231984,0.258614614,-2.74746296,-1.306423097,2.079074207,6.952003395,1.6348919,7.647395494,-0.769553689,3.573740111,-5.466322715,-0.395379218,3.730642889,-0.341451937,2.637873229,7.986354663,40.70366019,3.58978344,2.257757855,1.125741172,0.835700009,0.76100776,0.709609225,0.626002438,0.485491093,0.448306336,0.429627251,0.376956372,0.352638746,0.328856298,0.303935837,0.287692628,0.271312169,0.256099329,0.25176806,0.247248419,0.234859455,0.230680733,0.224785178,0.216647211,0.211827449,0.206455681,0.202719529,0.201109102,0.198895142,0.195418594,12.100859,4.502006
100_546,Conc,100,LL2112_NC_conc.csv,post_iqr,22.91280217,6.381226363,-9.048276133,-6.343137803,-6.230263376,-7.527167682,1.080445893,-3.365839141,-3.973528837,-3.083753654,-5.881197592,1.152456048,-0.769159812,-4.574962203,-2.568784145,-1.65769766,1.541036516,0.644841338,0.019517848,-0.809964477,-2.021542339,-3.465162212,1.108628068,-2.908337588,-2.85394534,-2.150858936,-0.564962983,-1.635456597,-1.576564707,1.169269921,40.70366019,3.58978344,2.257757855,1.125741172,0.835700009,0.76100776,0.709609225,0.626002438,0.485491093,0.448306336,0.429627251,0.376956372,0.352638746,0.328856298,0.303935837,0.287692628,0.271312169,0.256099329,0.25176806,0.247248419,0.234859455,0.230680733,0.224785178,0.216647211,0.211827449,0.206455681,0.202719529,0.201109102,0.198895142,0.195418594,2.1925015,0.12919073
100_547,Conc,100,LL2112_NC_conc.csv,post_iqr,-20.35015818,1.60264379,29.48333756,2.348710467,3.363423411,3.318030645,6.507193346,6.564440015,-6.540877448,3.143476166,-11.95062616,2.615410855,0.343819569,-10.54963649,-1.484919886,2.005084146,6.050676908,-2.817635264,2.853440224,2.412800216,1.583527951,0.416273357,1.164018965,4.169032824,0.652641563,-1.074470074,0.729849639,0.690121306,2.961622521,0.400108153,40.70366019,3.58978344,2.257757855,1.125741172,0.835700009,0.76100776,0.709609225,0.626002438,0.485491093,0.448306336,0.429627251,0.376956372,0.352638746,0.328856298,0.303935837,0.287692628,0.271312169,0.256099329,0.25176806,0.247248419,0.234859455,0.230680733,0.224785178,0.216647211,0.211827449,0.206455681,0.202719529,0.201109102,0.198895142,0.195418594,10.135687,4.2269063
100_548,Conc,100,LL2112_NC_conc.csv,post_iqr,-88.41507363,-5.026015424,12.41878651,4.141002551,-8.432945781,-3.539364461,-6.407871779,-6.271962287,3.084154126,1.69060284,-2.050027707,4.149844381,-5.168015805,-3.364748776,2.417821729,-2.998835449,-0.351877135,0.219961597,0.25008236,-2.235051846,3.002708435,-4.308974476,5.279585939,0.457802222,-0.998817485,5.146417836,-0.458297571,-0.491299547,-8.04423056,-4.041282684,40.70366019,3.58978344,2.257757855,1.125741172,0.835700009,0.76100776,0.709609225,0.626002438,0.485491093,0.448306336,0.429627251,0.376956372,0.352638746,0.328856298,0.303935837,0.287692628,0.271312169,0.256099329,0.25176806,0.247248419,0.234859455,0.230680733,0.224785178,0.216647211,0.211827449,0.206455681,0.202719529,0.201109102,0.198895142,0.195418594,12.087477,6.06791
100_549,Conc,100,LL2112_NC_conc.csv,post_iqr,-53.61694541,-5.986756457,11.76492153,-15.33752721,-7.508266588,-3.303519383,14.20081518,19.09754371,-0.672647143,3.606328322,-2.002912398,-0.694242173,-0.890316905,2.601985127,1.879106987,-6.911130154,7.419319968,-3.42551258,1.835859355,-1.403915471,0.691937778,6.750738246,2.414606419,1.622649898,-4.010107662,4.44376227,-3.682378275,5.058077536,-0.597769914,-0.515396334,40.70366019,3.58978344,2.257757855,1.125741172,0.835700009,0.76100776,0.709609225,0.626002438,0.485491093,0.448306336,0.429627251,0.376956372,0.352638746,0.328856298,0.303935837,0.287692628,0.271312169,0.256099329,0.25176806,0.247248419,0.234859455,0.230680733,0.224785178,0.216647211,0.211827449,0.206455681,0.202719529,0.201109102,0.198895142,0.195418594,10.190528,4.6670465
100_550,Conc,100,LL2112_NC_conc.csv,post_iqr,-84.48102561,1.611803231,0.503296468,5.673822677,2.690317757,-2.810289315,-6.809710434,-4.338290407,5.897699865,-0.169066832,-7.891220048,-0.56331111,3.63433038,-2.569770014,2.728757763,-3.368657853,-0.088017338,-6.617909846,-0.377464926,2.694900766,1.232257176,-4.455836301,3.359126548,-2.829197545,1.111444371,-3.234217675,-6.209280974,0.986999044,8.207921611,-3.196455583,40.70366019,3.58978344,2.257757855,1.125741172,0.835700009,0.76100776,0.709609225,0.626002438,0.485491093,0.448306336,0.429627251,0.376956372,0.352638746,0.328856298,0.303935837,0.287692628,0.271312169,0.256099329,0.25176806,0.247248419,0.234859455,0.230680733,0.224785178,0.216647211,0.211827449,0.206455681,0.202719529,0.201109102,0.198895142,0.195418594,11.560888,5.9500475
100_551,Conc,100,LL2112_NC_conc.csv,post_iqr,30.06592964,-5.178970829,3.771371414,1.506567186,-5.023486247,-8.565648846,3.834839726,-1.755270578,-1.827853299,-1.674686407,-7.515223092,1.843493528,-6.279254037,5.074512607,-0.833988192,3.148589125,-4.103327066,3.350974532,2.472577557,-1.263141443,0.436448139,-2.731424341,2.151662673,0.185636531,1.068180237,1.62711139,0.433335948,0.79526403,-0.602930402,1.318013504,40.70366019,3.58978344,2.257757855,1.125741172,0.835700009,0.76100776,0.709609225,0.626002438,0.485491093,0.448306336,0.429627251,0.376956372,0.352638746,0.328856298,0.303935837,0.287692628,0.271312169,0.256099329,0.25176806,0.247248419,0.234859455,0.230680733,0.224785178,0.216647211,0.211827449,0.206455681,0.202719529,0.201109102,0.198895142,0.195418594,4.943352,13.6367655
100_552,Conc,100,LL2112_NC_conc.csv,post_iqr,14.85564921,19.28162865,-9.547720644,2.60377762,10.8630042,-4.174691128,1.09652217,1.067141276,-4.653257344,-5.974801657,-3.392839116,8.965766893,-2.689388382,-2.377074958,2.643706201,0.742273438,0.65111203,-2.288422543,0.455618368,1.538520961,3.849388103,0.474440318,-1.928747106,1.363074405,-4.329422616,2.01627466,0.248047375,2.422652944,-1.399762447,-2.065247816,40.70366019,3.58978344,2.257757855,1.125741172,0.835700009,0.76100776,0.709609225,0.626002438,0.485491093,0.448306336,0.429627251,0.376956372,0.352638746,0.328856298,0.303935837,0.287692628,0.271312169,0.256099329,0.25176806,0.247248419,0.234859455,0.230680733,0.224785178,0.216647211,0.211827449,0.206455681,0.202719529,0.201109102,0.198895142,0.195418594,2.899873,-2.0513487
100_553,Conc,100,LL2112_NC_conc.csv,post_iqr,27.97176678,3.490312669,1.230179299,-3.626664295,1.588824691,1.788565478,-4.308133662,-0.130340204,-0.290465618,0.636220229,-2.057622291,0.831123582,4.789664977,-1.960739594,0.454426072,0.199294161,-0.621977498,2.910483088,-0.779783046,-1.523470517,-1.9732351,0.017567959,-2.509925943,0.274873179,2.901574472,-0.019774801,0.409549112,-2.492118041,-2.97153209,0.653573346,40.70366019,3.58978344,2.257757855,1.125741172,0.835700009,0.76100776,0.709609225,0.626002438,0.485491093,0.448306336,0.429627251,0.376956372,0.352638746,0.328856298,0.303935837,0.287692628,0.271312169,0.256099329,0.25176806,0.247248419,0.234859455,0.230680733,0.224785178,0.216647211,0.211827449,0.206455681,0.202719529,0.201109102,0.198895142,0.195418594,2.8944938,-0.12562694
100_554,Conc,100,LL2112_NC_conc.csv,post_iqr,31.87793894,5.179951514,9.211137122,-1.992206356,-6.466213591,1.005825295,8.620486391,-6.448131603,1.795575685,-1.628241293,1.027656504,-2.982164265,1.173031262,1.048936689,0.152739363,-0.408551025,-0.756205476,2.478027464,-0.995389139,-0.372914947,-0.473778754,-0.537447955,-0.33864559,-1.315154802,0.432509407,1.090111501,0.619614067,-1.751757978,-0.755594288,-0.537811522,40.70366019,3.58978344,2.257757855,1.125741172,0.835700009,0.76100776,0.709609225,0.626002438,0.485491093,0.448306336,0.429627251,0.376956372,0.352638746,0.328856298,0.303935837,0.287692628,0.271312169,0.256099329,0.25176806,0.247248419,0.234859455,0.230680733,0.224785178,0.216647211,0.211827449,0.206455681,0.202719529,0.201109102,0.198895142,0.195418594,1.7775993,-0.24326423
100_555,Conc,100,LL2112_NC_conc.csv,post_iqr,23.70984395,11.74576416,1.498596312,8.990357583,0.465324443,1.491978792,-6.967500688,3.371648003,-1.52732994,-0.49549123,-1.191820958,0.692351851,4.301850527,0.876941277,-3.270624538,2.478347231,-0.475578158,-3.990028965,0.730544577,-2.188396521,-0.622203328,0.921708363,-2.9773924,0.785023685,-0.206910485,-1.114141095,-0.773033857,-2.146905001,0.129253128,-3.082649344,40.70366019,3.58978344,2.257757855,1.125741172,0.835700009,0.76100776,0.709609225,0.626002438,0.485491093,0.448306336,0.429627251,0.376956372,0.352638746,0.328856298,0.303935837,0.287692628,0.271312169,0.256099329,0.25176806,0.247248419,0.234859455,0.230680733,0.224785178,0.216647211,0.211827449,0.206455681,0.202719529,0.201109102,0.198895142,0.195418594,2.8448231,-1.7198168
100_556,Conc,100,LL2112_NC_conc.csv,post_iqr,27.86564214,11.04101939,-1.405831977,-8.006698249,-4.471415544,-2.294827188,0.046636148,-1.714524121,-3.124039151,-3.386943161,-0.667280134,0.054315652,2.517985201,0.80836604,-2.117581555,-3.431856659,0.548526726,-0.621485739,2.105146867,-2.698513751,2.718997909,1.743573075,1.637500783,2.062880692,2.297819477,-5.034051404,-1.308100348,0.519384677,0.129218018,0.590051571,40.70366019,3.58978344,2.257757855,1.125741172,0.835700009,0.76100776,0.709609225,0.626002438,0.485491093,0.448306336,0.429627251,0.376956372,0.352638746,0.328856298,0.303935837,0.287692628,0.271312169,0.256099329,0.25176806,0.247248419,0.234859455,0.230680733,0.224785178,0.216647211,0.211827449,0.206455681,0.202719529,0.201109102,0.198895142,0.195418594,2.368573,-0.10458816
100_557,Conc,100,LL2112_NC_conc.csv,post_iqr,26.46828438,4.423322933,7.225692628,8.352775407,3.302248189,1.126817648,-0.811737893,-0.333405926,-2.083854573,-4.233602963,-6.767948951,0.381639135,0.862410782,0.901463798,-5.04065515,1.856623773,-1.503607276,1.219781388,2.136379958,-2.763566231,0.293639351,-0.213549938,-0.824176564,1.859053672,-2.157634094,0.634412084,3.666387805,-2.985026384,-1.375918084,-0.885203669,40.70366019,3.58978344,2.257757855,1.125741172,0.835700009,0.76100776,0.709609225,0.626002438,0.485491093,0.448306336,0.429627251,0.376956372,0.352638746,0.328856298,0.303935837,0.287692628,0.271312169,0.256099329,0.25176806,0.247248419,0.234859455,0.230680733,0.224785178,0.216647211,0.211827449,0.206455681,0.202719529,0.201109102,0.198895142,0.195418594,2.3814237,-1.1696362
100_558,Conc,100,LL2112_NC_conc.csv,post_iqr,-48.00152859,5.828620522,1.510450033,-14.99388873,-1.154388648,-4.890884785,15.24657581,6.775637314,-6.331996736,-6.300038796,5.296513835,-8.474973167,1.885056414,-4.325066321,1.052307687,-1.200929628,0.812795391,-3.221545834,-9.565402981,-2.353328108,-0.733406384,5.47935775,-0.044145692,1.265793755,-0.710366973,-0.264525658,-6.312411697,3.521058477,-2.081862921,-2.068944382,40.70366019,3.58978344,2.257757855,1.125741172,0.835700009,0.76100776,0.709609225,0.626002438,0.485491093,0.448306336,0.429627251,0.376956372,0.352638746,0.328856298,0.303935837,0.287692628,0.271312169,0.256099329,0.25176806,0.247248419,0.234859455,0.230680733,0.224785178,0.216647211,0.211827449,0.206455681,0.202719529,0.201109102,0.198895142,0.195418594,10.313027,4.629683
100_559,Conc,100,LL2112_NC_conc.csv,post_iqr,-98.31630528,-4.474685275,2.85890765,3.980191095,0.147255645,-1.889633621,0.890300018,-13.73415854,5.593307371,-1.176435803,-3.892902884,8.790755969,-1.99072542,-1.358936954,-9.421796684,1.756725915,0.730639242,-2.940973402,3.752424074,-0.130188754,7.880661195,-0.89388627,5.222461092,-3.782726817,0.537369367,2.684765676,4.43108014,0.069018774,1.929267815,2.01858421,40.70366019,3.58978344,2.257757855,1.125741172,0.835700009,0.76100776,0.709609225,0.626002438,0.485491093,0.448306336,0.429627251,0.376956372,0.352638746,0.328856298,0.303935837,0.287692628,0.271312169,0.256099329,0.25176806,0.247248419,0.234859455,0.230680733,0.224785178,0.216647211,0.211827449,0.206455681,0.202719529,0.201109102,0.198895142,0.195418594,11.918379,6.1235166
100_560,Conc,100,LL2112_NC_conc.csv,post_iqr,-88.16241723,-0.879821172,-6.438079672,8.333029315,-0.269668288,0.50868737,-11.18550339,-7.061114832,2.482268745,5.174775913,-6.269177042,2.344657687,2.18973383,-0.527331218,-1.862826137,-4.243829634,1.460803497,1.024617427,-2.206683061,-11.14491024,2.928323432,6.171662845,2.459234913,1.945302052,0.48114905,4.948090735,-0.490569799,2.889307151,-2.393594736,-3.761964356,40.70366019,3.58978344,2.257757855,1.125741172,0.835700009,0.76100776,0.709609225,0.626002438,0.485491093,0.448306336,0.429627251,0.376956372,0.352638746,0.328856298,0.303935837,0.287692628,0.271312169,0.256099329,0.25176806,0.247248419,0.234859455,0.230680733,0.224785178,0.216647211,0.211827449,0.206455681,0.202719529,0.201109102,0.198895142,0.195418594,11.924649,5.9764466
100_561,Conc,100,LL2112_NC_conc.csv,post_iqr,27.67666013,-7.495886973,2.347278983,-12.99756806,-1.241804958,5.838392716,-5.339617346,0.440591079,0.406092103,1.699162915,-1.834404916,-0.532093282,5.239829978,1.218440896,-4.742475776,-2.423187494,0.78616263,0.197649596,-0.272100356,0.713778193,0.46782462,-1.341496398,2.253837452,0.09479817,3.566236525,1.408425127,1.731174243,-0.087115152,-1.807836933,2.398956787,40.70366019,3.58978344,2.257757855,1.125741172,0.835700009,0.76100776,0.709609225,0.626002438,0.485491093,0.448306336,0.429627251,0.376956372,0.352638746,0.328856298,0.303935837,0.287692628,0.271312169,0.256099329,0.25176806,0.247248419,0.234859455,0.230680733,0.224785178,0.216647211,0.211827449,0.206455681,0.202719529,0.201109102,0.198895142,0.195418594,3.1517513,0.9948124
100_562,Conc,100,LL2112_NC_conc.csv,post_iqr,14.48401854,10.25604943,-18.6891902,-7.092095069,4.61586965,-2.166104737,4.307256732,-2.438262453,-5.296765636,-1.127693531,-2.660909738,1.427595437,-4.743049877,-6.278293949,-6.274319675,-2.272595463,4.475822938,-9.100501434,-0.740287242,-6.878813731,-7.120558404,-1.241465122,-0.016177472,3.038840326,-2.092699331,-5.495931747,0.305005959,1.147736253,-2.880396811,-0.848407683,40.70366019,3.58978344,2.257757855,1.125741172,0.835700009,0.76100776,0.709609225,0.626002438,0.485491093,0.448306336,0.429627251,0.376956372,0.352638746,0.328856298,0.303935837,0.287692628,0.271312169,0.256099329,0.25176806,0.247248419,0.234859455,0.230680733,0.224785178,0.216647211,0.211827449,0.206455681,0.202719529,0.201109102,0.198895142,0.195418594,2.4556222,-0.4547276
100_563,Conc,100,LL2112_NC_conc.csv,post_iqr,-33.9917872,31.14964447,-69.0240621,1.951276147,-6.01551353,-12.48801553,-1.15925015,17.17856621,-1.57932808,7.067044574,19.73140501,-23.47158392,-12.8080023,-51.86139406,-18.06080926,6.012742475,-54.1570924,7.859625641,12.71530117,-12.21514358,11.59046537,19.49917783,5.91623106,-10.83392222,14.52318414,-0.303092841,-0.20525816,-2.971119281,-7.478268939,1.015550596,40.70366019,3.58978344,2.257757855,1.125741172,0.835700009,0.76100776,0.709609225,0.626002438,0.485491093,0.448306336,0.429627251,0.376956372,0.352638746,0.328856298,0.303935837,0.287692628,0.271312169,0.256099329,0.25176806,0.247248419,0.234859455,0.230680733,0.224785178,0.216647211,0.211827449,0.206455681,0.202719529,0.201109102,0.198895142,0.195418594,3.7026372,-1.9926863
100_564,Conc,100,LL2112_NC_conc.csv,post_iqr,23.77502056,8.377339837,-6.701113893,-4.176123093,2.176611068,1.129188299,-4.812253274,3.691440106,-2.630148485,2.036458001,0.905776036,1.828437762,4.571798159,1.164136452,1.491491855,0.332634033,0.011582972,0.522940615,1.049005956,-1.006360295,3.819279063,3.748971406,2.041837185,-1.87181548,-0.707438267,-0.878984125,4.876395285,-1.115667175,-0.722209381,-4.057881958,40.70366019,3.58978344,2.257757855,1.125741172,0.835700009,0.76100776,0.709609225,0.626002438,0.485491093,0.448306336,0.429627251,0.376956372,0.352638746,0.328856298,0.303935837,0.287692628,0.271312169,0.256099329,0.25176806,0.247248419,0.234859455,0.230680733,0.224785178,0.216647211,0.211827449,0.206455681,0.202719529,0.201109102,0.198895142,0.195418594,2.8643343,-0.40636545
100_566,Conc,100,LL2112_NC_conc.csv,post_iqr,-81.91167857,7.018883973,-0.426485179,1.59729275,8.536155935,-5.462533055,-2.925218871,-2.776031913,-4.164208169,4.26675216,-9.563912267,-5.262727677,3.789594113,-3.487335886,2.501682704,-0.631100677,2.396663508,0.897953093,-5.882717992,4.591090862,-1.112953147,-0.628606791,2.451851642,6.304009569,18.77865214,3.756300682,3.465138741,0.208811147,5.272608286,-0.186685907,40.70366019,3.58978344,2.257757855,1.125741172,0.835700009,0.76100776,0.709609225,0.626002438,0.485491093,0.448306336,0.429627251,0.376956372,0.352638746,0.328856298,0.303935837,0.287692628,0.271312169,0.256099329,0.25176806,0.247248419,0.234859455,0.230680733,0.224785178,0.216647211,0.211827449,0.206455681,0.202719529,0.201109102,0.198895142,0.195418594,11.523995,5.9164257
100_567,Conc,100,LL2112_NC_conc.csv,post_iqr,-73.19490287,5.19107832,-10.01565243,-3.658903169,-9.283122023,6.581565665,3.86998344,-0.523974769,-14.04483324,-10.39525739,4.540738623,-7.911782019,2.352730768,9.276562548,-4.039188627,1.888422829,-1.281336908,-6.055825358,-1.697268234,2.788331166,1.258236682,2.572024971,8.951370866,-2.93389664,3.594630157,4.056621866,-3.599883849,2.381159955,0.454889342,1.278242712,40.70366019,3.58978344,2.257757855,1.125741172,0.835700009,0.76100776,0.709609225,0.626002438,0.485491093,0.448306336,0.429627251,0.376956372,0.352638746,0.328856298,0.303935837,0.287692628,0.271312169,0.256099329,0.25176806,0.247248419,0.234859455,0.230680733,0.224785178,0.216647211,0.211827449,0.206455681,0.202719529,0.201109102,0.198895142,0.195418594,11.73494,4.532591
100_568,Conc,100,LL2112_NC_conc.csv,post_iqr,-66.22298865,6.994650441,-0.588479392,8.949763469,8.801391573,7.05122951,6.887642601,2.279904387,1.692504596,6.599150414,-4.141153615,6.657861107,5.078607388,0.650743829,-1.302788676,7.306544466,1.110416072,4.192005636,-6.225891434,-2.40709377,-3.186666242,6.037093176,9.937163712,-6.560472321,1.17612133,-4.644312314,-3.51635303,-10.77170188,-0.559103435,5.225807285,40.70366019,3.58978344,2.257757855,1.125741172,0.835700009,0.76100776,0.709609225,0.626002438,0.485491093,0.448306336,0.429627251,0.376956372,0.352638746,0.328856298,0.303935837,0.287692628,0.271312169,0.256099329,0.25176806,0.247248419,0.234859455,0.230680733,0.224785178,0.216647211,0.211827449,0.206455681,0.202719529,0.201109102,0.198895142,0.195418594,11.3973055,4.836328
100_569,Conc,100,LL2112_NC_conc.csv,post_iqr,27.23092006,-0.792185824,-7.486156932,-16.69034102,-12.43509496,-5.038005581,-1.279429092,0.186526294,-3.915069195,-0.021849046,-2.847883171,3.656804518,2.020695534,1.825506659,0.449486763,0.592733997,-2.347587374,-1.821989164,-2.033910665,-1.546621968,1.538631267,-0.635471359,2.906810296,1.27145697,2.047457299,3.684938425,1.336464703,-1.352689701,-1.317503712,-2.427547614,40.70366019,3.58978344,2.257757855,1.125741172,0.835700009,0.76100776,0.709609225,0.626002438,0.485491093,0.448306336,0.429627251,0.376956372,0.352638746,0.328856298,0.303935837,0.287692628,0.271312169,0.256099329,0.25176806,0.247248419,0.234859455,0.230680733,0.224785178,0.216647211,0.211827449,0.206455681,0.202719529,0.201109102,0.198895142,0.195418594,3.2649648,1.1666214
100_570,Conc,100,LL2112_NC_conc.csv,post_iqr,23.49348871,14.89664055,-5.81676722,-1.060302015,4.823445812,-2.71462006,-6.916859307,3.247309295,-1.926917832,5.203362145,-4.534589349,-0.268213286,0.620836438,0.105286049,-1.209670362,6.39210199,-0.080885855,-0.73381509,-2.966092944,-3.203106495,-1.544590811,-4.480145852,-6.198272756,0.705127537,-0.034811259,3.646268045,3.761816249,1.618489946,-1.55380834,-6.052368925,40.70366019,3.58978344,2.257757855,1.125741172,0.835700009,0.76100776,0.709609225,0.626002438,0.485491093,0.448306336,0.429627251,0.376956372,0.352638746,0.328856298,0.303935837,0.287692628,0.271312169,0.256099329,0.25176806,0.247248419,0.234859455,0.230680733,0.224785178,0.216647211,0.211827449,0.206455681,0.202719529,0.201109102,0.198895142,0.195418594,3.775263,-0.6779064
100_571,Conc,100,LL2112_NC_conc.csv,post_iqr,30.80508113,8.283124117,-0.100996876,-9.488424904,-0.536259543,0.033734131,-6.680389712,0.880011464,-3.829705747,-2.143663905,-0.99743539,0.887539386,4.978421816,0.459165072,-1.811301025,-2.602185509,-3.741552956,1.088615745,-1.795485539,1.382628079,-0.973977128,-1.261001046,-2.874026095,1.833788053,0.52651268,1.885596416,-0.978676825,-1.303827454,-0.108619213,-2.234542902,40.70366019,3.58978344,2.257757855,1.125741172,0.835700009,0.76100776,0.709609225,0.626002438,0.485491093,0.448306336,0.429627251,0.376956372,0.352638746,0.328856298,0.303935837,0.287692628,0.271312169,0.256099329,0.25176806,0.247248419,0.234859455,0.230680733,0.224785178,0.216647211,0.211827449,0.206455681,0.202719529,0.201109102,0.198895142,0.195418594,3.0855765,0.22494523
100_572,Conc,100,LL2112_NC_conc.csv,post_iqr,-66.02084202,6.810202857,3.688919755,4.015216142,-10.78140488,-5.866967239,3.832061613,-0.007971913,-8.295839829,6.846074081,5.939763698,6.815765889,-6.66864296,4.604936145,-0.989048702,-3.818955255,-2.428744124,5.031297223,-7.146044778,3.274569997,-3.151504266,-7.46796966,-4.758746974,-4.213466333,2.428504042,7.704975643,-0.59948885,0.927212969,-6.532541568,-11.16225835,40.70366019,3.58978344,2.257757855,1.125741172,0.835700009,0.76100776,0.709609225,0.626002438,0.485491093,0.448306336,0.429627251,0.376956372,0.352638746,0.328856298,0.303935837,0.287692628,0.271312169,0.256099329,0.25176806,0.247248419,0.234859455,0.230680733,0.224785178,0.216647211,0.211827449,0.206455681,0.202719529,0.201109102,0.198895142,0.195418594,11.471072,5.0810614
100_573,Conc,100,LL2112_NC_conc.csv,post_iqr,26.96390905,5.821502536,4.512836577,-2.138696522,-5.745412536,4.004049023,1.974132219,-1.261541025,-4.856746506,-1.306055005,-10.90647499,-5.097343861,2.676810016,-2.619561319,-4.02233763,-0.642834489,1.811977382,-1.310934319,1.418380639,-1.984673058,3.219849398,-0.612249375,1.344688557,3.334314793,1.554476127,-2.226910933,-0.338043231,1.169964777,0.067289112,0.807574643,40.70366019,3.58978344,2.257757855,1.125741172,0.835700009,0.76100776,0.709609225,0.626002438,0.485491093,0.448306336,0.429627251,0.376956372,0.352638746,0.328856298,0.303935837,0.287692628,0.271312169,0.256099329,0.25176806,0.247248419,0.234859455,0.230680733,0.224785178,0.216647211,0.211827449,0.206455681,0.202719529,0.201109102,0.198895142,0.195418594,2.480169,0.11565594
100_574,Conc,100,LL2112_NC_conc.csv,post_iqr,28.02856251,12.53412338,6.867448892,6.900956,1.537535211,-2.832785025,-10.23874823,0.538481016,0.060386612,0.204404702,3.902945003,0.489026628,0.083858702,3.197508943,-5.841305143,1.847299923,0.235716714,1.243916237,0.149329977,-2.902060426,-5.343207451,0.454674068,-1.244145832,-0.013186284,0.739370704,1.991314741,-1.243775621,-3.838523475,0.810172459,0.053879912,40.70366019,3.58978344,2.257757855,1.125741172,0.835700009,0.76100776,0.709609225,0.626002438,0.485491093,0.448306336,0.429627251,0.376956372,0.352638746,0.328856298,0.303935837,0.287692628,0.271312169,0.256099329,0.25176806,0.247248419,0.234859455,0.230680733,0.224785178,0.216647211,0.211827449,0.206455681,0.202719529,0.201109102,0.198895142,0.195418594,2.6834424,-2.1240342
100_576,Conc,100,LL2112_NC_conc.csv,post_iqr,25.34399483,10.2883145,5.392172123,4.157127822,1.690946152,-0.357394424,-8.290145885,2.566685548,-1.225425727,0.684323986,-0.541081194,2.62663653,0.978802162,2.277766197,-2.659408531,1.36649896,-0.04300606,0.078190887,0.153463467,-2.019546014,-1.258789321,2.45077589,0.34042764,1.814801133,-0.333148207,0.401842753,2.056226042,1.872266971,-0.337371534,0.403723923,40.70366019,3.58978344,2.257757855,1.125741172,0.835700009,0.76100776,0.709609225,0.626002438,0.485491093,0.448306336,0.429627251,0.376956372,0.352638746,0.328856298,0.303935837,0.287692628,0.271312169,0.256099329,0.25176806,0.247248419,0.234859455,0.230680733,0.224785178,0.216647211,0.211827449,0.206455681,0.202719529,0.201109102,0.198895142,0.195418594,2.7461264,-1.659394
100_577,Conc,100,LL2112_NC_conc.csv,post_iqr,23.47429503,16.58344604,-0.550638613,4.177419116,6.298314508,0.311765117,-1.265528975,-0.213171814,-3.361086308,-2.471963224,-9.162378382,-3.002637972,-0.866968467,-1.602470836,1.701873184,4.723906967,-2.683698653,-0.380855932,0.38999151,2.124315386,-0.320521645,3.132169424,-2.221593852,-1.2640148,-1.706667225,0.920453565,-0.501226525,-0.102361957,2.392622921,-3.592868044,40.70366019,3.58978344,2.257757855,1.125741172,0.835700009,0.76100776,0.709609225,0.626002438,0.485491093,0.448306336,0.429627251,0.376956372,0.352638746,0.328856298,0.303935837,0.287692628,0.271312169,0.256099329,0.25176806,0.247248419,0.234859455,0.230680733,0.224785178,0.216647211,0.211827449,0.206455681,0.202719529,0.201109102,0.198895142,0.195418594,2.1406977,-1.248463
100_578,Conc,100,LL2112_NC_conc.csv,post_iqr,-76.85100853,6.155585978,1.442101642,7.274350302,-3.775173882,-5.975455506,6.327082139,0.009840593,-3.203362891,0.334933843,-7.518915051,-0.215413171,-2.961555533,1.314749985,-0.767780064,-4.323686794,-5.309082193,-2.182518744,0.795898505,-1.647757761,-2.404091337,-4.41956823,0.145812702,2.173784317,-5.362983364,7.015534728,4.657871266,-3.363820806,-1.728926936,-1.643262179,40.70366019,3.58978344,2.257757855,1.125741172,0.835700009,0.76100776,0.709609225,0.626002438,0.485491093,0.448306336,0.429627251,0.376956372,0.352638746,0.328856298,0.303935837,0.287692628,0.271312169,0.256099329,0.25176806,0.247248419,0.234859455,0.230680733,0.224785178,0.216647211,0.211827449,0.206455681,0.202719529,0.201109102,0.198895142,0.195418594,11.941187,5.323199
100_579,Conc,100,LL2112_NC_conc.csv,post_iqr,23.84627068,15.87796934,1.107771779,3.898133224,-0.68951448,-5.534443455,11.33539326,-2.649290983,-2.03787926,5.994733741,-6.090902293,5.852558966,5.913964367,3.610093698,-3.747929318,7.072194849,0.783500006,-1.938066797,7.31048787,0.429494816,2.344359078,-4.948753743,0.540139383,-5.029286905,0.066064349,-3.285622739,3.248051113,-2.56477562,1.056838524,-1.279889879,40.70366019,3.58978344,2.257757855,1.125741172,0.835700009,0.76100776,0.709609225,0.626002438,0.485491093,0.448306336,0.429627251,0.376956372,0.352638746,0.328856298,0.303935837,0.287692628,0.271312169,0.256099329,0.25176806,0.247248419,0.234859455,0.230680733,0.224785178,0.216647211,0.211827449,0.206455681,0.202719529,0.201109102,0.198895142,0.195418594,1.9970367,-0.65164804
100_580,Conc,100,LL2112_NC_conc.csv,post_iqr,-80.98861942,-0.576843847,4.834774504,4.963481612,3.989531489,3.575968468,-0.403972795,-6.421008631,-2.780862874,-0.106832405,-6.689566539,-0.051367174,-0.206240701,-1.538292209,0.197466911,0.145573398,6.070792208,8.520131653,0.156763187,6.923122717,-1.454601457,2.711098358,7.24396745,4.05605859,-1.204270125,7.78201245,12.39959397,-2.074119907,-1.27655491,-2.052545447,40.70366019,3.58978344,2.257757855,1.125741172,0.835700009,0.76100776,0.709609225,0.626002438,0.485491093,0.448306336,0.429627251,0.376956372,0.352638746,0.328856298,0.303935837,0.287692628,0.271312169,0.256099329,0.25176806,0.247248419,0.234859455,0.230680733,0.224785178,0.216647211,0.211827449,0.206455681,0.202719529,0.201109102,0.198895142,0.195418594,12.058335,6.019464
100_581,Conc,100,LL2112_NC_conc.csv,post_iqr,25.85034969,15.20319358,-0.817504853,-2.080523666,-0.168018948,2.341928517,2.099393325,1.009146752,-8.580505221,-6.273718022,-5.890036508,-1.401840161,4.691829819,-4.16072893,1.841278061,-0.474369932,-0.443545153,3.341583985,-0.403926486,1.089333983,2.474817427,-0.5959477,-3.414976943,-2.105969626,-1.139594697,-1.077516993,-1.125778181,0.847766038,1.105903325,-0.771423286,40.70366019,3.58978344,2.257757855,1.125741172,0.835700009,0.76100776,0.709609225,0.626002438,0.485491093,0.448306336,0.429627251,0.376956372,0.352638746,0.328856298,0.303935837,0.287692628,0.271312169,0.256099329,0.25176806,0.247248419,0.234859455,0.230680733,0.224785178,0.216647211,0.211827449,0.206455681,0.202719529,0.201109102,0.198895142,0.195418594,2.0144675,0.13157073
100_582,Conc,100,LL2112_NC_conc.csv,post_iqr,25.20666161,10.92158697,-3.910621158,-5.50895883,-6.661992332,-8.215288303,5.884709474,-3.999585465,-4.818701365,-5.215961604,-5.825097411,0.901202704,-1.267180449,0.46381026,-0.112318315,2.217366926,-3.687376226,-0.631310679,0.810581813,-1.014563854,-0.602965739,-0.005751243,-0.50789793,0.128284888,-1.971584408,3.213099781,-0.691008807,-3.058608807,1.16632416,-1.041891345,40.70366019,3.58978344,2.257757855,1.125741172,0.835700009,0.76100776,0.709609225,0.626002438,0.485491093,0.448306336,0.429627251,0.376956372,0.352638746,0.328856298,0.303935837,0.287692628,0.271312169,0.256099329,0.25176806,0.247248419,0.234859455,0.230680733,0.224785178,0.216647211,0.211827449,0.206455681,0.202719529,0.201109102,0.198895142,0.195418594,1.81698,-0.20163023
100_583,Conc,100,LL2112_NC_conc.csv,post_iqr,26.54914704,16.07937763,3.568699921,2.145984725,-2.697524782,-3.420889073,2.280444337,-2.520125682,-4.933432534,-7.173735462,-6.811234134,1.16673951,-3.168875108,-1.894466157,-0.945700994,-1.305231535,-0.785060624,3.108519498,1.089718665,-0.437282466,2.991908557,-0.427280649,3.234822351,1.672711276,-0.100622812,-3.886977855,-2.315256268,2.834528632,1.844127866,0.905309494,40.70366019,3.58978344,2.257757855,1.125741172,0.835700009,0.76100776,0.709609225,0.626002438,0.485491093,0.448306336,0.429627251,0.376956372,0.352638746,0.328856298,0.303935837,0.287692628,0.271312169,0.256099329,0.25176806,0.247248419,0.234859455,0.230680733,0.224785178,0.216647211,0.211827449,0.206455681,0.202719529,0.201109102,0.198895142,0.195418594,1.8043443,-0.9834194
100_585,Conc,100,LL2112_NC_conc.csv,post_iqr,25.2369642,7.450798373,-0.328109239,-4.632653156,-5.844094105,-4.160947317,2.134014487,-2.605789027,-1.060640569,-0.270353613,-8.788075612,-3.200521781,-2.882891598,0.172994506,-3.446270047,-0.351710715,0.908351205,-1.52989876,1.62645855,-2.154159738,-1.186626726,2.214578368,4.322816706,-0.458655337,0.535183934,0.693633435,-1.128403435,4.469503566,0.734674726,3.068486748,40.70366019,3.58978344,2.257757855,1.125741172,0.835700009,0.76100776,0.709609225,0.626002438,0.485491093,0.448306336,0.429627251,0.376956372,0.352638746,0.328856298,0.303935837,0.287692628,0.271312169,0.256099329,0.25176806,0.247248419,0.234859455,0.230680733,0.224785178,0.216647211,0.211827449,0.206455681,0.202719529,0.201109102,0.198895142,0.195418594,2.4191844,-0.2535894
100_586,Conc,100,LL2112_NC_conc.csv,post_iqr,23.16282886,10.08298119,-0.677847623,-3.468269685,1.44196224,0.421107087,-7.289546478,2.348079316,1.66019357,5.823655322,-4.788428775,2.924022405,3.363474597,-0.526014633,-1.6299129,3.783114125,-3.153812391,-4.398808776,0.38153915,-0.510487707,-1.624083382,-1.278717208,-3.623568911,2.286051783,-1.074516695,3.311926844,-1.324740405,1.284826504,-2.056370017,0.149972117,40.70366019,3.58978344,2.257757855,1.125741172,0.835700009,0.76100776,0.709609225,0.626002438,0.485491093,0.448306336,0.429627251,0.376956372,0.352638746,0.328856298,0.303935837,0.287692628,0.271312169,0.256099329,0.25176806,0.247248419,0.234859455,0.230680733,0.224785178,0.216647211,0.211827449,0.206455681,0.202719529,0.201109102,0.198895142,0.195418594,3.832203,-0.1830794
100_587,Conc,100,LL2112_NC_conc.csv,post_iqr,-55.49702496,9.636373541,18.71227331,3.879961182,3.30790439,-2.842924801,4.301068886,12.75503996,-4.558358011,4.511323461,-9.699250634,4.312138022,-3.724911407,1.153564334,-6.07667376,-5.906753457,-3.062974803,-0.462903176,-2.988496882,-4.672039685,5.967860979,1.802838126,-9.450037383,-3.005883144,-9.205186652,-2.501125582,3.211944163,1.663981656,2.452750289,2.713876437,40.70366019,3.58978344,2.257757855,1.125741172,0.835700009,0.76100776,0.709609225,0.626002438,0.485491093,0.448306336,0.429627251,0.376956372,0.352638746,0.328856298,0.303935837,0.287692628,0.271312169,0.256099329,0.25176806,0.247248419,0.234859455,0.230680733,0.224785178,0.216647211,0.211827449,0.206455681,0.202719529,0.201109102,0.198895142,0.195418594,10.806765,4.781803
100_588,Conc,100,LL2112_NC_conc.csv,post_iqr,-15.80978764,-0.341689066,5.850209392,-22.22115516,7.295940187,-17.22365296,7.786125689,22.86073585,4.983734479,-4.026603094,-1.675112737,-3.700551811,-0.269348592,10.33741807,-5.147598585,-17.2950614,-2.862993086,-4.973214329,2.373924718,6.268798665,3.771795261,9.06032186,-2.574217071,1.931248871,0.292967508,-3.420824311,4.48151074,-2.174609591,0.550779623,1.491250697,40.70366019,3.58978344,2.257757855,1.125741172,0.835700009,0.76100776,0.709609225,0.626002438,0.485491093,0.448306336,0.429627251,0.376956372,0.352638746,0.328856298,0.303935837,0.287692628,0.271312169,0.256099329,0.25176806,0.247248419,0.234859455,0.230680733,0.224785178,0.216647211,0.211827449,0.206455681,0.202719529,0.201109102,0.198895142,0.195418594,9.602532,4.0663404
100_589,Conc,100,LL2112_NC_conc.csv,post_iqr,26.12427942,8.096090397,0.426364485,-5.70895982,-12.08644322,-7.5828933,-3.519692424,0.812865682,-1.151839249,1.588351672,-2.367719989,2.729661517,1.919394024,1.6631504,-3.3628466,1.365218525,-1.087992145,-4.284692406,3.144717529,0.968112826,-4.45376402,-5.936739646,-3.41708942,-2.107600957,-1.067301438,2.990825703,1.000249968,-1.934314661,0.265769596,2.646461018,40.70366019,3.58978344,2.257757855,1.125741172,0.835700009,0.76100776,0.709609225,0.626002438,0.485491093,0.448306336,0.429627251,0.376956372,0.352638746,0.328856298,0.303935837,0.287692628,0.271312169,0.256099329,0.25176806,0.247248419,0.234859455,0.230680733,0.224785178,0.216647211,0.211827449,0.206455681,0.202719529,0.201109102,0.198895142,0.195418594,2.9282649,-0.3671174
100_590,Conc,100,LL2112_NC_conc.csv,post_iqr,20.17601329,8.98502788,-8.963005693,-3.518097897,4.386774067,-2.536313841,1.388652595,0.142541176,-4.459146189,-2.146703781,-8.274006849,0.186263824,-5.545558249,1.413614602,-0.510086293,0.030835178,1.434468781,-4.342965493,2.291043672,2.208687379,-0.939382537,0.7575128,0.762976312,-0.057818306,-0.624530204,0.514906453,-0.036563947,2.694826081,3.150058251,-1.613487064,40.70366019,3.58978344,2.257757855,1.125741172,0.835700009,0.76100776,0.709609225,0.626002438,0.485491093,0.448306336,0.429627251,0.376956372,0.352638746,0.328856298,0.303935837,0.287692628,0.271312169,0.256099329,0.25176806,0.247248419,0.234859455,0.230680733,0.224785178,0.216647211,0.211827449,0.206455681,0.202719529,0.201109102,0.198895142,0.195418594,2.6906102,-0.17606825
100_591,Conc,100,LL2112_NC_conc.csv,post_iqr,22.89581184,12.91143478,3.341222591,1.613713762,-2.194764014,-2.823196131,-4.624336122,2.63587078,-4.722357749,0.020854362,-1.781620005,5.749141014,3.799721259,-3.87126988,1.162392604,1.773036576,1.450724355,-1.939891371,1.211610384,1.532778245,1.710171412,1.818021477,2.287816484,1.628499955,1.712044553,0.749112702,-3.485098237,1.7139925,-0.47592164,-3.794461087,40.70366019,3.58978344,2.257757855,1.125741172,0.835700009,0.76100776,0.709609225,0.626002438,0.485491093,0.448306336,0.429627251,0.376956372,0.352638746,0.328856298,0.303935837,0.287692628,0.271312169,0.256099329,0.25176806,0.247248419,0.234859455,0.230680733,0.224785178,0.216647211,0.211827449,0.206455681,0.202719529,0.201109102,0.198895142,0.195418594,2.609086,-1.2593043
100_593,Conc,100,LL2112_NC_conc.csv,post_iqr,28.47875765,15.01529463,-1.695983209,-2.182029253,-4.801701753,-4.94607085,6.333954399,-5.17624944,-4.996220975,-6.412661234,1.834683932,2.171535283,2.787400795,-2.288374834,0.060601703,-5.10066522,-0.176730299,0.858067416,0.535691534,-2.400621023,2.404519635,-0.312261826,-0.105625512,-0.395297387,-0.184834122,0.859076416,1.291283484,0.507489514,-0.641558912,-0.842645212,40.70366019,3.58978344,2.257757855,1.125741172,0.835700009,0.76100776,0.709609225,0.626002438,0.485491093,0.448306336,0.429627251,0.376956372,0.352638746,0.328856298,0.303935837,0.287692628,0.271312169,0.256099329,0.25176806,0.247248419,0.234859455,0.230680733,0.224785178,0.216647211,0.211827449,0.206455681,0.202719529,0.201109102,0.198895142,0.195418594,1.8152616,-0.269316
100_594,Conc,100,LL2112_NC_conc.csv,post_iqr,-74.6691953,10.88523169,2.770990205,13.27122454,11.19352786,1.095717301,9.579716366,-1.251343383,-2.504373716,7.903471493,1.685337786,2.166865759,1.402951593,0.65793283,-1.511181532,-0.202395106,3.261828676,4.047899593,-0.113842632,3.374442275,-0.054844003,2.202794901,4.399787184,0.965081793,8.679278157,1.42430294,0.006710096,3.726584503,-0.111467797,18.51481848,40.70366019,3.58978344,2.257757855,1.125741172,0.835700009,0.76100776,0.709609225,0.626002438,0.485491093,0.448306336,0.429627251,0.376956372,0.352638746,0.328856298,0.303935837,0.287692628,0.271312169,0.256099329,0.25176806,0.247248419,0.234859455,0.230680733,0.224785178,0.216647211,0.211827449,0.206455681,0.202719529,0.201109102,0.198895142,0.195418594,11.171901,5.072796
100_595,Conc,100,LL2112_NC_conc.csv,post_iqr,-88.03791042,5.79534597,-1.776944438,10.81602372,-6.173697918,-3.351032677,-0.237814741,-5.599925403,-3.632096739,2.146745265,-7.116593759,-1.869038152,6.757970208,-3.606445138,-1.366433312,-5.349780218,1.990797509,3.584356456,-9.761858224,4.072010863,-1.968701944,4.700221088,8.485153572,-3.610411609,3.381740785,6.104534286,-0.017520382,2.221195142,10.43138123,-6.867718037,40.70366019,3.58978344,2.257757855,1.125741172,0.835700009,0.76100776,0.709609225,0.626002438,0.485491093,0.448306336,0.429627251,0.376956372,0.352638746,0.328856298,0.303935837,0.287692628,0.271312169,0.256099329,0.25176806,0.247248419,0.234859455,0.230680733,0.224785178,0.216647211,0.211827449,0.206455681,0.202719529,0.201109102,0.198895142,0.195418594,11.909486,6.1169186
100_596,Conc,100,LL2112_NC_conc.csv,post_iqr,18.66652624,19.88797713,-9.552026142,5.431140636,11.9847347,-1.285872639,4.970080537,-1.711885327,-2.560939465,-6.798892889,3.698116084,5.806935148,-2.199100733,-0.813691406,1.629458792,-1.585444761,0.102942607,-1.263490674,4.029892787,3.542124298,-1.151662988,0.815708232,0.60951883,0.546108423,-0.02807308,-0.962006712,1.55326991,2.489905314,1.458670441,0.794965423,40.70366019,3.58978344,2.257757855,1.125741172,0.835700009,0.76100776,0.709609225,0.626002438,0.485491093,0.448306336,0.429627251,0.376956372,0.352638746,0.328856298,0.303935837,0.287692628,0.271312169,0.256099329,0.25176806,0.247248419,0.234859455,0.230680733,0.224785178,0.216647211,0.211827449,0.206455681,0.202719529,0.201109102,0.198895142,0.195418594,2.337763,-1.9553821
100_597,Conc,100,LL2112_NC_conc.csv,post_iqr,24.33879534,0.551713476,-5.709662484,-12.98237941,-5.889746743,-1.324357955,7.756379372,-4.612084292,-5.69395636,-6.823833318,-6.342095659,-1.747234567,3.956724194,-3.931554104,-0.983190097,-2.46669071,1.254004349,-1.757598123,-2.655399976,-1.935538708,2.69585412,1.700892944,-0.193734807,-0.142864715,-0.335865782,-2.019177564,1.059957566,-1.313650158,4.075574001,-0.983428707,40.70366019,3.58978344,2.257757855,1.125741172,0.835700009,0.76100776,0.709609225,0.626002438,0.485491093,0.448306336,0.429627251,0.376956372,0.352638746,0.328856298,0.303935837,0.287692628,0.271312169,0.256099329,0.25176806,0.247248419,0.234859455,0.230680733,0.224785178,0.216647211,0.211827449,0.206455681,0.202719529,0.201109102,0.198895142,0.195418594,2.2166297,0.78753746
100_598,Conc,100,LL2112_NC_conc.csv,post_iqr,25.04278363,4.306791528,9.335054482,0.23357551,3.770700503,0.135392984,0.066421347,-3.146772491,-1.753330088,-0.285290054,-9.527018023,-2.448257736,-0.601338954,0.8785945,-5.274818199,0.834479177,-0.225741928,-1.033942711,1.690418945,-0.248800938,-1.531099608,0.058208171,-0.156734639,0.054326074,0.149267675,0.772835032,-0.312222167,-1.274328485,1.720983557,-1.08688453,40.70366019,3.58978344,2.257757855,1.125741172,0.835700009,0.76100776,0.709609225,0.626002438,0.485491093,0.448306336,0.429627251,0.376956372,0.352638746,0.328856298,0.303935837,0.287692628,0.271312169,0.256099329,0.25176806,0.247248419,0.234859455,0.230680733,0.224785178,0.216647211,0.211827449,0.206455681,0.202719529,0.201109102,0.198895142,0.195418594,2.4710999,-0.49248934
100_599,Conc,100,LL2112_NC_conc.csv,post_iqr,-78.08371233,-4.83217497,21.20892244,-8.003748842,-6.25245506,5.921455695,9.617910846,1.602476496,-11.96443057,-2.357672885,0.319393365,0.210162796,-2.918327681,-11.63613417,-4.370302545,8.374905268,8.098999622,3.529442623,7.115754413,-2.395189109,0.498068455,-0.929043604,2.239465301,-0.042556813,2.333987673,3.707937078,5.303459659,-3.52986463,3.747201826,-4.577848671,40.70366019,3.58978344,2.257757855,1.125741172,0.835700009,0.76100776,0.709609225,0.626002438,0.485491093,0.448306336,0.429627251,0.376956372,0.352638746,0.328856298,0.303935837,0.287692628,0.271312169,0.256099329,0.25176806,0.247248419,0.234859455,0.230680733,0.224785178,0.216647211,0.211827449,0.206455681,0.202719529,0.201109102,0.198895142,0.195418594,11.579469,4.9356627
100_600,Conc,100,LL2112_NC_conc.csv,post_iqr,-65.76638121,1.218658133,2.910255567,-8.074301868,-0.719534282,12.62849614,4.57947698,1.952222933,-9.872031321,-5.043101744,3.462729304,-2.435208484,3.480944896,0.009512066,2.08256054,8.34409155,3.104990054,-1.847978418,-0.853416866,-0.400139536,3.133641355,0.869250951,2.584752488,-0.785366237,0.284474105,0.377074212,6.038147689,1.026675803,3.178141358,6.340927433,40.70366019,3.58978344,2.257757855,1.125741172,0.835700009,0.76100776,0.709609225,0.626002438,0.485491093,0.448306336,0.429627251,0.376956372,0.352638746,0.328856298,0.303935837,0.287692628,0.271312169,0.256099329,0.25176806,0.247248419,0.234859455,0.230680733,0.224785178,0.216647211,0.211827449,0.206455681,0.202719529,0.201109102,0.198895142,0.195418594,11.687631,4.275257
100_602,Conc,100,LL2112_NC_conc.csv,post_iqr,28.76843961,10.46924843,1.098730211,-8.447265731,0.116304045,5.051981476,2.554194485,-3.647641898,-5.117347487,-4.054651222,-10.04989917,-4.115069954,4.209467273,-3.54088332,-1.771664154,-2.859171397,0.807844471,5.123356425,-1.961731692,0.891698868,-1.531096166,0.644051773,-0.244681796,-1.493662894,-0.355348496,-1.765440716,-0.370861495,1.728064214,0.46935289,-1.827609964,40.70366019,3.58978344,2.257757855,1.125741172,0.835700009,0.76100776,0.709609225,0.626002438,0.485491093,0.448306336,0.429627251,0.376956372,0.352638746,0.328856298,0.303935837,0.287692628,0.271312169,0.256099329,0.25176806,0.247248419,0.234859455,0.230680733,0.224785178,0.216647211,0.211827449,0.206455681,0.202719529,0.201109102,0.198895142,0.195418594,2.138064,0.3127923
100_604,Conc,100,LL2112_NC_conc.csv,post_iqr,-56.05852438,-3.828772991,-4.072914441,-13.29440397,-9.541605776,-1.637630578,0.890363531,3.745817506,-5.604870253,1.487045601,4.669359188,0.4073375,1.256638335,-0.566829648,2.082610453,7.338098874,0.108537588,-8.786643602,-1.404979972,-4.634091214,1.413184911,7.26594666,4.863655229,2.227198258,-1.564254378,0.353268713,-2.452811718,4.71393134,-7.839683683,-7.347186951,40.70366019,3.58978344,2.257757855,1.125741172,0.835700009,0.76100776,0.709609225,0.626002438,0.485491093,0.448306336,0.429627251,0.376956372,0.352638746,0.328856298,0.303935837,0.287692628,0.271312169,0.256099329,0.25176806,0.247248419,0.234859455,0.230680733,0.224785178,0.216647211,0.211827449,0.206455681,0.202719529,0.201109102,0.198895142,0.195418594,10.740172,4.2939568
100_605,Conc,100,LL2112_NC_conc.csv,post_iqr,-59.77626292,0.751152112,3.112385795,-7.445043114,-8.012273665,3.109688022,10.22289953,0.594899755,-6.540714611,-0.881655453,-6.141052719,-0.785257189,-7.801293963,-1.364297824,-1.73379149,-4.306813668,-2.746998766,-4.891882287,6.91545814,-0.005682674,-2.107322591,-3.352515424,-3.575191298,0.792284419,-1.17014702,-3.658249437,-3.612773797,2.17319361,-1.325583794,2.175711633,40.70366019,3.58978344,2.257757855,1.125741172,0.835700009,0.76100776,0.709609225,0.626002438,0.485491093,0.448306336,0.429627251,0.376956372,0.352638746,0.328856298,0.303935837,0.287692628,0.271312169,0.256099329,0.25176806,0.247248419,0.234859455,0.230680733,0.224785178,0.216647211,0.211827449,0.206455681,0.202719529,0.201109102,0.198895142,0.195418594,11.339002,4.3952165
100_606,Conc,100,LL2112_NC_conc.csv,post_iqr,24.89535226,14.85759641,-3.92371797,0.330979781,5.512537757,0.072369123,1.303661257,-2.468177148,-2.80128666,-0.210207806,-1.727563282,-1.319423156,-0.060610612,-1.957580795,0.531948373,0.686173439,-2.560590701,-0.572263359,0.416606505,1.732893167,-0.512193396,-1.838276021,-3.40383505,1.612705231,-1.925917943,1.211109166,-1.067640412,2.46534091,4.209518499,-1.490532127,40.70366019,3.58978344,2.257757855,1.125741172,0.835700009,0.76100776,0.709609225,0.626002438,0.485491093,0.448306336,0.429627251,0.376956372,0.352638746,0.328856298,0.303935837,0.287692628,0.271312169,0.256099329,0.25176806,0.247248419,0.234859455,0.230680733,0.224785178,0.216647211,0.211827449,0.206455681,0.202719529,0.201109102,0.198895142,0.195418594,2.221508,-1.3276697
100_607,Conc,100,LL2112_NC_conc.csv,post_iqr,24.50129852,12.69956106,-0.299509708,3.671455628,-7.191735647,-9.856639995,1.902558485,-4.569320705,-5.350709832,-4.637912151,-3.944438297,2.629576443,-0.45921921,-2.423112053,1.341217676,2.533289887,0.865839007,-0.052106453,1.748656925,0.134261065,1.964065214,-0.692512775,-2.354641454,1.559294396,-0.937069971,-1.346789352,-0.86348085,0.316834151,-0.447042271,0.740794672,40.70366019,3.58978344,2.257757855,1.125741172,0.835700009,0.76100776,0.709609225,0.626002438,0.485491093,0.448306336,0.429627251,0.376956372,0.352638746,0.328856298,0.303935837,0.287692628,0.271312169,0.256099329,0.25176806,0.247248419,0.234859455,0.230680733,0.224785178,0.216647211,0.211827449,0.206455681,0.202719529,0.201109102,0.198895142,0.195418594,1.9840134,-1.3883675
100_608,Conc,100,LL2112_NC_conc.csv,post_iqr,23.13182269,13.35503413,-11.3650259,-1.320285793,4.250798949,-7.016379992,-8.490102004,1.428634101,-6.236018652,1.48550333,-0.773917641,3.815373276,0.535746534,-3.259970084,-0.304220725,-0.519919586,-0.161195231,0.608658569,0.016065875,2.467814604,-7.264829434,2.171179707,-2.40168516,1.657434605,0.338101285,2.766829619,-5.665076812,-2.387504139,2.57944332,1.79650591,40.70366019,3.58978344,2.257757855,1.125741172,0.835700009,0.76100776,0.709609225,0.626002438,0.485491093,0.448306336,0.429627251,0.376956372,0.352638746,0.328856298,0.303935837,0.287692628,0.271312169,0.256099329,0.25176806,0.247248419,0.234859455,0.230680733,0.224785178,0.216647211,0.211827449,0.206455681,0.202719529,0.201109102,0.198895142,0.195418594,3.22551,-1.7702745
100_610,Conc,100,LL2112_NC_conc.csv,post_iqr,24.31140057,12.66297454,-2.693801613,4.475535115,8.601283686,-0.463702993,1.450139501,-1.815650076,-4.176628723,-3.762751801,-4.119482544,-2.898561246,0.859852153,-0.277634095,-4.100013212,-1.673481435,0.594678721,3.115118573,-1.664267919,-0.129282029,-2.410060346,0.826270467,-1.708816833,1.879457381,-0.899801244,-0.034285662,0.928249679,-0.222852903,-0.832413007,-3.278640082,40.70366019,3.58978344,2.257757855,1.125741172,0.835700009,0.76100776,0.709609225,0.626002438,0.485491093,0.448306336,0.429627251,0.376956372,0.352638746,0.328856298,0.303935837,0.287692628,0.271312169,0.256099329,0.25176806,0.247248419,0.234859455,0.230680733,0.224785178,0.216647211,0.211827449,0.206455681,0.202719529,0.201109102,0.198895142,0.195418594,2.2959461,-0.97863096
100_611,Conc,100,LL2112_NC_conc.csv,post_iqr,-66.01974482,0.512903911,7.569177495,1.654793686,-6.938999629,-0.479401349,1.980501154,1.218163279,0.402699264,8.823226375,-1.011157379,4.179691941,1.197626358,-4.686972104,-1.768109421,1.796350643,0.334126375,-2.794825743,2.405245111,-5.075714831,2.339594076,0.901954096,-0.504571107,-3.201886501,-1.407514182,-0.801504716,-5.962465679,-5.834000769,-1.540156476,-2.801055878,40.70366019,3.58978344,2.257757855,1.125741172,0.835700009,0.76100776,0.709609225,0.626002438,0.485491093,0.448306336,0.429627251,0.376956372,0.352638746,0.328856298,0.303935837,0.287692628,0.271312169,0.256099329,0.25176806,0.247248419,0.234859455,0.230680733,0.224785178,0.216647211,0.211827449,0.206455681,0.202719529,0.201109102,0.198895142,0.195418594,11.76473,5.209802
100_612,Conc,100,LL2112_NC_conc.csv,post_iqr,24.46793303,8.98458209,-7.97465058,-7.321916874,5.163651009,3.188496795,4.191038125,-2.986901469,-1.528248045,-1.998557432,-7.359127167,-0.877585619,0.992434947,-1.861974479,-1.213567499,-1.751706141,1.47483796,-0.512819089,-1.193471266,-1.249186362,-3.548816422,-0.869518741,-2.783510913,-0.689540844,-3.323041593,1.19940972,0.647956633,0.564898321,-1.598816992,-0.714552596,40.70366019,3.58978344,2.257757855,1.125741172,0.835700009,0.76100776,0.709609225,0.626002438,0.485491093,0.448306336,0.429627251,0.376956372,0.352638746,0.328856298,0.303935837,0.287692628,0.271312169,0.256099329,0.25176806,0.247248419,0.234859455,0.230680733,0.224785178,0.216647211,0.211827449,0.206455681,0.202719529,0.201109102,0.198895142,0.195418594,2.0997057,0.037257962
100_613,Conc,100,LL2112_NC_conc.csv,post_iqr,29.26854507,0.846485022,5.733477759,-9.780547996,-4.236883614,0.661173537,1.501891449,-1.86136817,-3.161776924,-6.068516878,-6.807237107,0.202767882,1.701896676,0.850127472,0.673911718,-0.004051895,-1.467482651,1.915965678,2.190346828,-0.606678786,3.977686617,-2.503747118,2.374619431,2.461530093,0.196129512,-3.092396599,2.069067626,-0.263258179,0.494541953,-1.632083625,40.70366019,3.58978344,2.257757855,1.125741172,0.835700009,0.76100776,0.709609225,0.626002438,0.485491093,0.448306336,0.429627251,0.376956372,0.352638746,0.328856298,0.303935837,0.287692628,0.271312169,0.256099329,0.25176806,0.247248419,0.234859455,0.230680733,0.224785178,0.216647211,0.211827449,0.206455681,0.202719529,0.201109102,0.198895142,0.195418594,2.3301942,0.8115827
100_614,Conc,100,LL2112_NC_conc.csv,post_iqr,-77.1232162,-3.131429193,0.145616811,5.707641106,-5.283244009,9.240003952,2.094166136,-3.514944027,4.571517806,4.395393001,-7.221085475,1.517689886,-3.043384113,0.914803035,4.855124048,4.364157966,-5.286589822,-6.643085785,5.961618925,10.0712189,7.981144416,0.966932021,-4.908280111,-3.421127337,4.785378058,-7.609719263,2.986182969,7.952331796,-1.355059228,0.028505359,40.70366019,3.58978344,2.257757855,1.125741172,0.835700009,0.76100776,0.709609225,0.626002438,0.485491093,0.448306336,0.429627251,0.376956372,0.352638746,0.328856298,0.303935837,0.287692628,0.271312169,0.256099329,0.25176806,0.247248419,0.234859455,0.230680733,0.224785178,0.216647211,0.211827449,0.206455681,0.202719529,0.201109102,0.198895142,0.195418594,11.96594,4.971142
100_615,Conc,100,LL2112_NC_conc.csv,post_iqr,-76.14248109,6.668410246,-3.371803047,9.597284708,0.498378175,-6.45427863,-3.845610376,-2.867218065,-7.710692247,-2.075753864,-9.72232696,-6.022255989,3.369379279,7.656548056,0.563469716,-0.563631514,1.089114033,2.27402784,-1.745813661,-2.996656959,-1.768437242,-1.974756614,6.427294129,-6.11658745,3.807103668,-6.372094668,2.559114955,-2.47237031,3.841341052,7.213195965,40.70366019,3.58978344,2.257757855,1.125741172,0.835700009,0.76100776,0.709609225,0.626002438,0.485491093,0.448306336,0.429627251,0.376956372,0.352638746,0.328856298,0.303935837,0.287692628,0.271312169,0.256099329,0.25176806,0.247248419,0.234859455,0.230680733,0.224785178,0.216647211,0.211827449,0.206455681,0.202719529,0.201109102,0.198895142,0.195418594,11.848838,5.429324
100_616,Conc,100,LL2112_NC_conc.csv,post_iqr,-51.03115523,-1.87624848,14.88147771,-17.52392551,12.3033019,-6.275318294,9.14634877,10.15221882,-7.751206378,-4.784330706,-2.201755838,-9.533455156,1.664585311,5.043485614,-0.061795872,5.912025948,-1.447827973,3.991897596,-1.34183833,1.874811464,3.692219545,-0.678207787,-5.047388013,3.160313109,1.460975283,1.722868733,2.01862442,5.86145899,0.671130745,0.393905846,40.70366019,3.58978344,2.257757855,1.125741172,0.835700009,0.76100776,0.709609225,0.626002438,0.485491093,0.448306336,0.429627251,0.376956372,0.352638746,0.328856298,0.303935837,0.287692628,0.271312169,0.256099329,0.25176806,0.247248419,0.234859455,0.230680733,0.224785178,0.216647211,0.211827449,0.206455681,0.202719529,0.201109102,0.198895142,0.195418594,10.343661,4.658903
100_618,Conc,100,LL2112_NC_conc.csv,post_iqr,24.25067026,10.62441949,-1.036831182,-2.939406501,1.005118021,-2.802540254,-7.303929207,1.11589392,-0.761404951,5.463275427,-2.727473536,3.291889053,-1.172441891,0.715249129,-7.376152588,2.026912786,-0.418719645,-5.939267058,-0.86472389,-1.252553075,-1.056699535,-2.846610539,-3.678653956,3.266413465,0.614062088,0.356603987,1.911369121,-2.687910991,2.095481773,-0.747328015,40.70366019,3.58978344,2.257757855,1.125741172,0.835700009,0.76100776,0.709609225,0.626002438,0.485491093,0.448306336,0.429627251,0.376956372,0.352638746,0.328856298,0.303935837,0.287692628,0.271312169,0.256099329,0.25176806,0.247248419,0.234859455,0.230680733,0.224785178,0.216647211,0.211827449,0.206455681,0.202719529,0.201109102,0.198895142,0.195418594,3.2449675,-0.7668055
100_619,Conc,100,LL2112_NC_conc.csv,post_iqr,-75.82490448,6.566654069,-13.64983567,3.690888057,-0.345704747,-3.298197318,0.754791449,-7.79547246,-9.779441397,-6.006558495,0.364571021,6.406558456,-3.699034623,9.85892068,-0.028017178,-3.450655157,-2.517570449,4.069978444,-4.924440773,1.895239486,3.005518018,-4.212486442,1.883180323,-7.699223672,-0.240961673,6.25181336,-0.720621799,7.327989421,-5.455655929,8.546366554,40.70366019,3.58978344,2.257757855,1.125741172,0.835700009,0.76100776,0.709609225,0.626002438,0.485491093,0.448306336,0.429627251,0.376956372,0.352638746,0.328856298,0.303935837,0.287692628,0.271312169,0.256099329,0.25176806,0.247248419,0.234859455,0.230680733,0.224785178,0.216647211,0.211827449,0.206455681,0.202719529,0.201109102,0.198895142,0.195418594,11.889747,5.092989
100_620,Conc,100,LL2112_NC_conc.csv,post_iqr,19.28457936,20.57383204,-7.098910508,3.168229822,6.747064302,-1.175296795,-1.405311127,0.789086214,-10.51592944,-8.239343333,-2.964736386,4.154320586,1.275305096,-1.577134936,-2.633219518,-2.974789728,3.972469058,-3.777496987,2.17935199,0.835687526,-0.820919239,-0.682047371,-1.106038331,-5.366615956,2.060720531,1.976842605,2.057951419,3.758058665,1.680685345,-0.495806263,40.70366019,3.58978344,2.257757855,1.125741172,0.835700009,0.76100776,0.709609225,0.626002438,0.485491093,0.448306336,0.429627251,0.376956372,0.352638746,0.328856298,0.303935837,0.287692628,0.271312169,0.256099329,0.25176806,0.247248419,0.234859455,0.230680733,0.224785178,0.216647211,0.211827449,0.206455681,0.202719529,0.201109102,0.198895142,0.195418594,2.5806985,-1.9393821
100_621,Conc,100,LL2112_NC_conc.csv,post_iqr,28.79515858,6.827344762,0.738838646,-8.181691425,-0.480383352,3.646786747,-5.404780545,0.062929741,-2.122989193,-1.161088179,-1.626522348,4.646969508,6.118753432,-0.576366935,0.898704526,-2.618749431,-1.745595352,-0.762823778,1.794369696,2.341319018,3.003587257,-0.121531837,-1.35229316,0.331121967,0.969071086,1.312132737,-2.846275637,-0.200011712,-2.261427342,-0.104711105,40.70366019,3.58978344,2.257757855,1.125741172,0.835700009,0.76100776,0.709609225,0.626002438,0.485491093,0.448306336,0.429627251,0.376956372,0.352638746,0.328856298,0.303935837,0.287692628,0.271312169,0.256099329,0.25176806,0.247248419,0.234859455,0.230680733,0.224785178,0.216647211,0.211827449,0.206455681,0.202719529,0.201109102,0.198895142,0.195418594,2.9932046,0.034823183
100_622,Conc,100,LL2112_NC_conc.csv,post_iqr,27.66805228,12.91158355,3.59986302,2.497474158,-9.801103839,-4.815221796,-3.366521221,1.155841905,-0.727596359,1.006804875,3.093947195,1.780864599,4.668595533,0.807965676,-0.564404616,2.206423278,1.16197536,0.98648497,0.75249545,0.250935088,-0.396086268,2.169038261,-1.086767682,-2.031057389,-1.099376445,-0.800372502,2.176447186,2.601738988,-2.074928131,-0.280382104,40.70366019,3.58978344,2.257757855,1.125741172,0.835700009,0.76100776,0.709609225,0.626002438,0.485491093,0.448306336,0.429627251,0.376956372,0.352638746,0.328856298,0.303935837,0.287692628,0.271312169,0.256099329,0.25176806,0.247248419,0.234859455,0.230680733,0.224785178,0.216647211,0.211827449,0.206455681,0.202719529,0.201109102,0.198895142,0.195418594,2.1578817,-1.5928048
100_623,Conc,100,LL2112_NC_conc.csv,post_iqr,27.00268449,8.005339686,1.543653498,-3.360381152,5.465864457,3.449861607,1.305711227,-2.461542247,-3.944247071,-6.223554714,-2.375070609,1.454575024,0.551666503,-1.61528795,0.769248959,-2.663469585,0.595317896,1.059192564,1.133267254,2.468934907,1.528784873,-1.391045986,0.802605103,2.14916353,-1.679616833,1.677888821,2.577262185,0.350732941,-2.246109195,2.753259584,40.70366019,3.58978344,2.257757855,1.125741172,0.835700009,0.76100776,0.709609225,0.626002438,0.485491093,0.448306336,0.429627251,0.376956372,0.352638746,0.328856298,0.303935837,0.287692628,0.271312169,0.256099329,0.25176806,0.247248419,0.234859455,0.230680733,0.224785178,0.216647211,0.211827449,0.206455681,0.202719529,0.201109102,0.198895142,0.195418594,2.2443347,-0.6063078
100_624,Conc,100,LL2112_NC_conc.csv,post_iqr,27.55474931,14.83826569,5.11676089,1.007383831,-1.251986065,0.128146824,1.289643992,-2.750518359,-1.66510561,-1.283819208,-9.498248593,-4.422236329,1.988375377,1.650117105,-5.330408964,-0.654764149,1.738295074,3.093877441,-1.055514132,-0.660937768,-3.45136654,0.685932465,0.843918445,-0.266842484,3.159815252,-0.605077429,-0.03309997,0.856975392,1.056634842,0.760087237,40.70366019,3.58978344,2.257757855,1.125741172,0.835700009,0.76100776,0.709609225,0.626002438,0.485491093,0.448306336,0.429627251,0.376956372,0.352638746,0.328856298,0.303935837,0.287692628,0.271312169,0.256099329,0.25176806,0.247248419,0.234859455,0.230680733,0.224785178,0.216647211,0.211827449,0.206455681,0.202719529,0.201109102,0.198895142,0.195418594,2.029801,-0.76315045
100_625,Conc,100,LL2112_NC_conc.csv,post_iqr,22.4519881,17.51847864,-3.118322423,6.301808913,-0.882531551,-9.882325879,-7.441210726,2.472133571,-5.363908473,-1.564349587,2.70891212,4.779458834,1.684333582,1.197295391,-2.329319454,0.793747472,4.708093962,0.736914877,1.58222522,-2.314419878,1.705939061,-1.064102616,2.758216176,4.517491418,0.248739387,-0.877632907,0.277716312,2.169575086,-2.460994682,-1.79897101,40.70366019,3.58978344,2.257757855,1.125741172,0.835700009,0.76100776,0.709609225,0.626002438,0.485491093,0.448306336,0.429627251,0.376956372,0.352638746,0.328856298,0.303935837,0.287692628,0.271312169,0.256099329,0.25176806,0.247248419,0.234859455,0.230680733,0.224785178,0.216647211,0.211827449,0.206455681,0.202719529,0.201109102,0.198895142,0.195418594,2.2004824,-2.2652545
100_626,Conc,100,LL2112_NC_conc.csv,post_iqr,-80.93069935,-0.086531541,8.845795665,5.120572003,1.411488609,-0.511519049,-7.038809206,-1.702124298,-1.038783506,4.747323534,-0.204942303,4.465222392,2.261509546,0.923617266,3.67310618,-5.57578622,0.98369336,0.501790226,2.081122574,-5.037834273,-4.41218835,-0.028949844,1.692704239,-8.816562351,-1.635299324,2.814084628,-1.960985008,-2.617728561,0.947595417,-5.095701379,40.70366019,3.58978344,2.257757855,1.125741172,0.835700009,0.76100776,0.709609225,0.626002438,0.485491093,0.448306336,0.429627251,0.376956372,0.352638746,0.328856298,0.303935837,0.287692628,0.271312169,0.256099329,0.25176806,0.247248419,0.234859455,0.230680733,0.224785178,0.216647211,0.211827449,0.206455681,0.202719529,0.201109102,0.198895142,0.195418594,11.710802,5.714266
100_627,Conc,100,LL2112_NC_conc.csv,post_iqr,-73.47333665,2.155380638,7.881332587,-2.572603877,-1.217011229,3.72690362,3.087480115,-1.374491213,-10.55677254,-1.25019862,-4.896708021,-1.242007439,-3.273951287,-4.231813586,-0.047321761,0.739287642,-2.501452098,7.618979973,1.657608031,1.762336594,1.374857048,-5.241490421,-6.194555484,-3.611051399,-1.384961694,0.556900648,-6.523960584,-4.118818521,-0.774470178,0.305993428,40.70366019,3.58978344,2.257757855,1.125741172,0.835700009,0.76100776,0.709609225,0.626002438,0.485491093,0.448306336,0.429627251,0.376956372,0.352638746,0.328856298,0.303935837,0.287692628,0.271312169,0.256099329,0.25176806,0.247248419,0.234859455,0.230680733,0.224785178,0.216647211,0.211827449,0.206455681,0.202719529,0.201109102,0.198895142,0.195418594,11.724569,4.9595704
100_628,Conc,100,LL2112_NC_conc.csv,post_iqr,32.3130297,-0.279284798,1.815694148,-5.971142965,0.77479463,0.202020639,11.83684921,-7.256933414,4.49264056,8.981668881,1.021660534,-2.512319269,6.752431361,3.530109405,-4.308013979,-0.013867985,0.433190181,7.596685197,-1.416353892,-1.744484225,-0.508037956,0.088831098,1.830140279,-1.509723689,0.018975746,-3.325833178,-0.434375655,-0.950190175,-2.091504429,-1.167359776,40.70366019,3.58978344,2.257757855,1.125741172,0.835700009,0.76100776,0.709609225,0.626002438,0.485491093,0.448306336,0.429627251,0.376956372,0.352638746,0.328856298,0.303935837,0.287692628,0.271312169,0.256099329,0.25176806,0.247248419,0.234859455,0.230680733,0.224785178,0.216647211,0.211827449,0.206455681,0.202719529,0.201109102,0.198895142,0.195418594,2.6842582,0.999567
100_630,Conc,100,LL2112_NC_conc.csv,post_iqr,25.61570653,18.59201815,3.043156181,11.67591634,5.160349263,1.276739389,-1.118262233,-2.28768214,-5.724619557,-7.685746719,-2.110456242,0.367913326,3.18329727,-1.746555733,0.763543932,-0.759951046,-0.313097332,4.088360543,3.657101231,-1.893740331,1.899386036,1.236888945,0.999991661,-2.560770101,-0.975248413,-1.812335497,2.966217515,0.171000238,0.453887325,0.242109656,40.70366019,3.58978344,2.257757855,1.125741172,0.835700009,0.76100776,0.709609225,0.626002438,0.485491093,0.448306336,0.429627251,0.376956372,0.352638746,0.328856298,0.303935837,0.287692628,0.271312169,0.256099329,0.25176806,0.247248419,0.234859455,0.230680733,0.224785178,0.216647211,0.211827449,0.206455681,0.202719529,0.201109102,0.198895142,0.195418594,2.8741305,-2.2434175
100_631,Conc,100,LL2112_NC_conc.csv,post_iqr,20.14843295,14.42874595,-1.944127914,1.417810045,-3.58708107,-9.342891183,3.203983185,-1.432684471,-3.815619159,0.331939766,-8.385775831,-1.575742209,-2.018615828,-0.447720854,-4.150419455,4.841571657,1.585696953,-1.806619333,-2.72394923,-3.854888475,0.035945245,0.822232476,-4.939621125,-1.235777255,0.426615693,-3.814916479,3.915295498,1.291809222,4.034105957,0.420457338,40.70366019,3.58978344,2.257757855,1.125741172,0.835700009,0.76100776,0.709609225,0.626002438,0.485491093,0.448306336,0.429627251,0.376956372,0.352638746,0.328856298,0.303935837,0.287692628,0.271312169,0.256099329,0.25176806,0.247248419,0.234859455,0.230680733,0.224785178,0.216647211,0.211827449,0.206455681,0.202719529,0.201109102,0.198895142,0.195418594,1.5661556,-1.1844677
100_632,Conc,100,LL2112_NC_conc.csv,post_iqr,-75.42646374,2.00745608,-19.83952681,-12.2859325,1.156063784,6.059617276,-5.174865771,-9.128779264,-5.956229765,-6.610883083,5.315646261,0.054263296,3.479053775,8.369387098,-1.348317292,-0.142238321,-0.722966597,2.046569378,-3.691725557,3.587467623,-2.079720497,4.120693752,-0.136507161,4.125941864,-9.446213056,5.354581716,-2.06481313,-5.706362098,3.261670147,5.01014457,40.70366019,3.58978344,2.257757855,1.125741172,0.835700009,0.76100776,0.709609225,0.626002438,0.485491093,0.448306336,0.429627251,0.376956372,0.352638746,0.328856298,0.303935837,0.287692628,0.271312169,0.256099329,0.25176806,0.247248419,0.234859455,0.230680733,0.224785178,0.216647211,0.211827449,0.206455681,0.202719529,0.201109102,0.198895142,0.195418594,12.043894,4.3481097
100_633,Conc,100,LL2112_NC_conc.csv,post_iqr,23.57597196,-2.574590873,-3.926178779,-7.032029379,-0.009674501,-1.273123593,-7.847462973,3.538092571,2.789594258,3.603329557,-4.270382417,1.756866228,-1.61226756,3.944619316,-5.893333081,2.075103726,0.307178642,-4.657068119,0.395885433,-1.71401896,4.094857203,0.041548373,-0.999380083,1.711010195,2.371523283,0.594495155,0.577557104,0.269409459,-0.763691951,1.366804138,40.70366019,3.58978344,2.257757855,1.125741172,0.835700009,0.76100776,0.709609225,0.626002438,0.485491093,0.448306336,0.429627251,0.376956372,0.352638746,0.328856298,0.303935837,0.287692628,0.271312169,0.256099329,0.25176806,0.247248419,0.234859455,0.230680733,0.224785178,0.216647211,0.211827449,0.206455681,0.202719529,0.201109102,0.198895142,0.195418594,3.759907,0.004051029
100_634,Conc,100,LL2112_NC_conc.csv,post_iqr,-86.18366385,1.931023917,1.646716866,6.462630251,-7.33794916,-6.240242304,1.594203135,-4.869996718,-3.024195348,4.443434213,-6.986594688,1.767574087,0.408084511,3.217609096,-4.132896724,0.438192947,1.040489139,4.236322154,-2.086683061,4.652452847,-1.454032161,0.361568321,-1.716667359,-12.53110922,2.275915332,5.959779823,3.286665289,-2.793561987,2.112270815,-3.36982645,40.70366019,3.58978344,2.257757855,1.125741172,0.835700009,0.76100776,0.709609225,0.626002438,0.485491093,0.448306336,0.429627251,0.376956372,0.352638746,0.328856298,0.303935837,0.287692628,0.271312169,0.256099329,0.25176806,0.247248419,0.234859455,0.230680733,0.224785178,0.216647211,0.211827449,0.206455681,0.202719529,0.201109102,0.198895142,0.195418594,11.939093,5.840154
100_635,Conc,100,LL2112_NC_conc.csv,post_iqr,26.94920962,12.66017397,2.772387825,0.769905966,3.430987083,-0.327764467,-7.3770778,2.09386814,-1.724057107,1.315527519,3.958470267,1.436434138,0.715320874,-1.34916622,-3.35276835,-1.015842556,-1.176143107,0.111531293,-0.886257847,1.18817701,-1.945094587,0.939237272,-1.426851577,-3.205317057,-0.489813848,0.227068781,-1.140075683,0.459555779,-1.728536364,-0.462252278,40.70366019,3.58978344,2.257757855,1.125741172,0.835700009,0.76100776,0.709609225,0.626002438,0.485491093,0.448306336,0.429627251,0.376956372,0.352638746,0.328856298,0.303935837,0.287692628,0.271312169,0.256099329,0.25176806,0.247248419,0.234859455,0.230680733,0.224785178,0.216647211,0.211827449,0.206455681,0.202719529,0.201109102,0.198895142,0.195418594,2.8750257,-1.7136846
100_636,Conc,100,LL2112_NC_conc.csv,post_iqr,-76.75100241,5.281070187,-3.081535716,6.083689272,-6.793818092,-4.704589894,-3.345832125,-1.821901448,-1.641686838,5.878986382,-1.008533277,7.170166182,5.239675817,-1.896746934,-2.675978682,-3.089788182,-2.417118194,-5.80495246,-5.075989054,-0.63424155,-2.044761295,-5.360590964,3.98914067,-2.329661277,-3.63296961,9.203400903,-2.16739284,-4.868561898,-1.576633773,0.215231572,40.70366019,3.58978344,2.257757855,1.125741172,0.835700009,0.76100776,0.709609225,0.626002438,0.485491093,0.448306336,0.429627251,0.376956372,0.352638746,0.328856298,0.303935837,0.287692628,0.271312169,0.256099329,0.25176806,0.247248419,0.234859455,0.230680733,0.224785178,0.216647211,0.211827449,0.206455681,0.202719529,0.201109102,0.198895142,0.195418594,11.687842,5.4110794
100_638,Conc,100,LL2112_NC_conc.csv,post_iqr,-65.17830296,7.129763774,-8.070829835,-8.998289692,-3.421696574,0.708591382,11.75703383,-4.411885516,-12.71632259,1.850762252,1.45499932,-6.575755297,-0.380199834,11.12538742,-8.006695244,8.483242138,0.38863424,-1.426196855,-9.135800178,-4.776376131,-4.662950041,0.190651421,-8.468407662,-12.40209453,-2.543793486,8.903451717,-2.711993287,14.45921404,0.407424701,-4.892316492,40.70366019,3.58978344,2.257757855,1.125741172,0.835700009,0.76100776,0.709609225,0.626002438,0.485491093,0.448306336,0.429627251,0.376956372,0.352638746,0.328856298,0.303935837,0.287692628,0.271312169,0.256099329,0.25176806,0.247248419,0.234859455,0.230680733,0.224785178,0.216647211,0.211827449,0.206455681,0.202719529,0.201109102,0.198895142,0.195418594,10.997183,4.3186374
100_639,Conc,100,LL2112_NC_conc.csv,post_iqr,23.52804874,15.0899689,-6.131519365,-3.808598669,6.628196018,-0.528926788,0.578469098,0.699804068,-6.165209092,-8.007619878,1.264265505,3.900308155,3.21342871,0.981067436,-2.79735557,-3.664269079,-0.326613887,0.50020782,3.010868339,1.610513594,-4.153568559,0.503672782,1.887788236,2.845712593,2.213185737,0.015664857,-1.500416414,1.461435237,1.359700246,2.355282505,40.70366019,3.58978344,2.257757855,1.125741172,0.835700009,0.76100776,0.709609225,0.626002438,0.485491093,0.448306336,0.429627251,0.376956372,0.352638746,0.328856298,0.303935837,0.287692628,0.271312169,0.256099329,0.25176806,0.247248419,0.234859455,0.230680733,0.224785178,0.216647211,0.211827449,0.206455681,0.202719529,0.201109102,0.198895142,0.195418594,2.2085164,-0.7381877
100_640,Conc,100,LL2112_NC_conc.csv,post_iqr,-61.74264794,5.428427196,0.487998739,-1.675336662,-5.024038389,0.009747104,11.77240051,-2.078815002,-2.440502762,7.449676042,-6.658314823,1.718958194,-2.695305348,-0.914205592,0.365729714,7.47143851,-0.801643878,-5.947511017,-2.708437378,-0.96064994,-0.820736456,1.578653532,5.560725147,-2.940988226,2.698757255,5.987708904,-2.976504514,-2.906332156,4.14740461,-0.582108019,40.70366019,3.58978344,2.257757855,1.125741172,0.835700009,0.76100776,0.709609225,0.626002438,0.485491093,0.448306336,0.429627251,0.376956372,0.352638746,0.328856298,0.303935837,0.287692628,0.271312169,0.256099329,0.25176806,0.247248419,0.234859455,0.230680733,0.224785178,0.216647211,0.211827449,0.206455681,0.202719529,0.201109102,0.198895142,0.195418594,11.374261,4.553165
100_641,Conc,100,LL2112_NC_conc.csv,post_iqr,26.08343563,0.770628688,-0.810611921,-8.195867873,-3.330512804,6.312664266,3.805305229,-1.616519993,-3.796476755,-5.068017756,-5.825116369,-6.636038107,7.366237493,-1.632506102,-7.658266353,-4.092629755,0.636440692,-1.235926403,-0.709717378,-1.631693977,3.190606321,3.826372209,0.633574472,2.215798861,1.808503889,-1.175153406,0.498871939,0.398817865,2.162255244,-0.259181911,40.70366019,3.58978344,2.257757855,1.125741172,0.835700009,0.76100776,0.709609225,0.626002438,0.485491093,0.448306336,0.429627251,0.376956372,0.352638746,0.328856298,0.303935837,0.287692628,0.271312169,0.256099329,0.25176806,0.247248419,0.234859455,0.230680733,0.224785178,0.216647211,0.211827449,0.206455681,0.202719529,0.201109102,0.198895142,0.195418594,2.5316594,0.6105677
100_642,Conc,100,LL2112_NC_conc.csv,post_iqr,19.91905187,6.381667585,-13.38316057,-11.530564,1.803560828,5.691143751,-7.190369393,4.691073411,-0.137156685,4.697174655,-3.267926125,5.748996595,4.160783085,-3.10785187,-7.744607534,-3.540831771,5.274332346,-9.033674517,-2.044371083,-1.98825579,-5.742686737,2.967108729,1.184647429,2.204838898,2.744119453,-0.203813827,-1.057669295,-1.310406635,1.961616405,1.248652959,40.70366019,3.58978344,2.257757855,1.125741172,0.835700009,0.76100776,0.709609225,0.626002438,0.485491093,0.448306336,0.429627251,0.376956372,0.352638746,0.328856298,0.303935837,0.287692628,0.271312169,0.256099329,0.25176806,0.247248419,0.234859455,0.230680733,0.224785178,0.216647211,0.211827449,0.206455681,0.202719529,0.201109102,0.198895142,0.195418594,3.5768359,0.26079714
100_643,Conc,100,LL2112_NC_conc.csv,post_iqr,24.52489425,11.76540075,1.048135137,6.815932342,8.185719926,-3.703501865,-0.159721841,-0.76515516,-6.397927709,-9.926733502,-3.435301196,3.996188823,-0.586096632,0.410852744,-1.282328063,1.466172278,-3.799412632,2.005252594,1.837234429,1.053382574,-3.040513755,-3.97881698,0.673477742,-3.457911994,-2.593680024,0.549053156,-0.075842546,-1.37014886,-2.463087257,-1.384424299,40.70366019,3.58978344,2.257757855,1.125741172,0.835700009,0.76100776,0.709609225,0.626002438,0.485491093,0.448306336,0.429627251,0.376956372,0.352638746,0.328856298,0.303935837,0.287692628,0.271312169,0.256099329,0.25176806,0.247248419,0.234859455,0.230680733,0.224785178,0.216647211,0.211827449,0.206455681,0.202719529,0.201109102,0.198895142,0.195418594,2.544432,-1.1676015
100_644,Conc,100,LL2112_NC_conc.csv,post_iqr,-13.4235406,24.50663218,-43.37251668,7.501783996,-4.037067749,-12.38144855,4.336666806,6.901014257,-4.42766847,2.031633973,3.77925614,-1.689149855,-9.330252052,-13.09818142,5.808559102,7.165462755,-4.420852647,-3.73455632,7.890139886,-6.650646592,0.057470001,6.932889093,-1.007097633,0.871244481,1.181315299,4.485513894,5.454533365,-9.897487913,3.63361972,0.167118708,40.70366019,3.58978344,2.257757855,1.125741172,0.835700009,0.76100776,0.709609225,0.626002438,0.485491093,0.448306336,0.429627251,0.376956372,0.352638746,0.328856298,0.303935837,0.287692628,0.271312169,0.256099329,0.25176806,0.247248419,0.234859455,0.230680733,0.224785178,0.216647211,0.211827449,0.206455681,0.202719529,0.201109102,0.198895142,0.195418594,3.4835844,-2.2110405
100_645,Conc,100,LL2112_NC_conc.csv,post_iqr,16.97505445,19.95852247,-5.679429827,10.4876392,4.347608955,-6.012484215,-3.424649051,0.75989921,-6.591318704,-7.393798042,0.781392907,5.84545992,0.328330765,-1.275256108,4.053730007,3.267776939,1.471772211,0.740683101,1.395273792,2.430857267,0.860626255,0.140288944,2.444022268,0.007280918,-2.087365446,-0.501449485,-3.229264287,3.842513359,-3.449354876,-5.447848234,40.70366019,3.58978344,2.257757855,1.125741172,0.835700009,0.76100776,0.709609225,0.626002438,0.485491093,0.448306336,0.429627251,0.376956372,0.352638746,0.328856298,0.303935837,0.287692628,0.271312169,0.256099329,0.25176806,0.247248419,0.234859455,0.230680733,0.224785178,0.216647211,0.211827449,0.206455681,0.202719529,0.201109102,0.198895142,0.195418594,2.4116035,-2.032194
100_646,Conc,100,LL2112_NC_conc.csv,post_iqr,-53.83490042,-0.786514809,19.43654134,-12.56787685,1.593902281,-11.23427348,12.27566811,8.046302128,-9.690039595,-4.600438879,-1.192542425,-10.12058668,-4.787459234,0.253759876,-0.949212471,9.522135718,-1.11065276,-2.243493937,0.417261237,4.717959596,-2.897168599,-3.914125709,4.585462301,-2.617019631,-0.693300515,-0.285326164,-0.143255244,1.404157189,-0.337609522,3.951626539,40.70366019,3.58978344,2.257757855,1.125741172,0.835700009,0.76100776,0.709609225,0.626002438,0.485491093,0.448306336,0.429627251,0.376956372,0.352638746,0.328856298,0.303935837,0.287692628,0.271312169,0.256099329,0.25176806,0.247248419,0.234859455,0.230680733,0.224785178,0.216647211,0.211827449,0.206455681,0.202719529,0.201109102,0.198895142,0.195418594,10.480606,4.7718577
100_647,Conc,100,LL2112_NC_conc.csv,post_iqr,19.7890552,14.09332435,-3.980589289,4.560804312,2.882573482,-6.18834611,-6.397733014,4.67418104,-7.585374251,0.221687536,-1.908982466,4.91662269,1.45263717,-4.508235653,-1.454747954,0.778098264,3.230037548,-4.966138183,3.455604604,2.429557144,-6.974582298,-0.788276498,0.416560549,1.392708457,1.064682085,2.598233697,-3.945605398,2.536882786,-1.917112547,-1.391190702,40.70366019,3.58978344,2.257757855,1.125741172,0.835700009,0.76100776,0.709609225,0.626002438,0.485491093,0.448306336,0.429627251,0.376956372,0.352638746,0.328856298,0.303935837,0.287692628,0.271312169,0.256099329,0.25176806,0.247248419,0.234859455,0.230680733,0.224785178,0.216647211,0.211827449,0.206455681,0.202719529,0.201109102,0.198895142,0.195418594,2.7637978,-2.1156673
100_648,Conc,100,LL2112_NC_conc.csv,post_iqr,-67.81820352,4.049303973,2.726569746,-5.830135444,-1.527662593,7.842854943,16.7392452,-1.999794448,-6.500103442,4.90503862,12.1908819,6.485467234,4.467878457,1.681201083,-5.718142846,1.693359806,5.671362297,2.592404881,1.866072643,6.561451538,-7.762925408,0.744463876,-0.543182962,-5.051953397,0.474851533,-5.80784163,-0.954192138,-2.1428386,6.591890836,-5.718450368,40.70366019,3.58978344,2.257757855,1.125741172,0.835700009,0.76100776,0.709609225,0.626002438,0.485491093,0.448306336,0.429627251,0.376956372,0.352638746,0.328856298,0.303935837,0.287692628,0.271312169,0.256099329,0.25176806,0.247248419,0.234859455,0.230680733,0.224785178,0.216647211,0.211827449,0.206455681,0.202719529,0.201109102,0.198895142,0.195418594,11.512366,4.6018553
100_649,Conc,100,LL2112_NC_conc.csv,post_iqr,-28.63649069,5.13287692,4.80031528,-2.999394716,12.43353634,-11.1666459,-3.998685207,9.395243841,-3.582922833,3.675453142,2.340191528,2.290072479,1.024272301,-0.99292955,5.158716102,6.378235353,-0.032235117,-0.35553707,-5.811688621,4.529108954,-1.074790257,-3.402559435,-3.862332893,-0.150378332,-1.446792399,-8.223302938,9.858264339,0.15646952,2.456244582,-4.247006063,40.70366019,3.58978344,2.257757855,1.125741172,0.835700009,0.76100776,0.709609225,0.626002438,0.485491093,0.448306336,0.429627251,0.376956372,0.352638746,0.328856298,0.303935837,0.287692628,0.271312169,0.256099329,0.25176806,0.247248419,0.234859455,0.230680733,0.224785178,0.216647211,0.211827449,0.206455681,0.202719529,0.201109102,0.198895142,0.195418594,9.912141,4.197917
100_650,Conc,100,LL2112_NC_conc.csv,post_iqr,-28.46651123,1.698129702,6.257410434,-0.454187451,-10.09030724,4.17163424,3.248663996,22.96173154,26.88409171,-6.483734771,-15.74886998,21.21464177,-0.876497915,8.112373438,-2.332383529,1.863583225,-0.307586645,8.917764113,-4.30877806,-2.788317889,0.62754467,10.74287059,7.311382259,-0.457313643,3.559773111,-0.010568787,0.495587187,6.553047654,2.212894614,4.181962437,40.70366019,3.58978344,2.257757855,1.125741172,0.835700009,0.76100776,0.709609225,0.626002438,0.485491093,0.448306336,0.429627251,0.376956372,0.352638746,0.328856298,0.303935837,0.287692628,0.271312169,0.256099329,0.25176806,0.247248419,0.234859455,0.230680733,0.224785178,0.216647211,0.211827449,0.206455681,0.202719529,0.201109102,0.198895142,0.195418594,9.899652,3.834873
100_651,Conc,100,LL2112_NC_conc.csv,post_iqr,-79.18660705,11.34043769,2.401081012,12.44007192,0.440559642,1.603286298,0.842468724,1.968551226,-4.826526955,-2.394597781,-7.708673257,2.798371326,6.572159113,-3.508857437,-3.444549401,-2.545316094,0.82412361,-2.796441615,-12.34739639,-0.042300784,14.61511796,2.477512613,-7.36715717,6.72039525,-6.710754536,-3.27384998,10.22755153,-0.172272184,-2.233171666,5.165135249,40.70366019,3.58978344,2.257757855,1.125741172,0.835700009,0.76100776,0.709609225,0.626002438,0.485491093,0.448306336,0.429627251,0.376956372,0.352638746,0.328856298,0.303935837,0.287692628,0.271312169,0.256099329,0.25176806,0.247248419,0.234859455,0.230680733,0.224785178,0.216647211,0.211827449,0.206455681,0.202719529,0.201109102,0.198895142,0.195418594,11.515576,5.4926805
100_652,Conc,100,LL2112_NC_conc.csv,post_iqr,-87.61122064,-7.139460795,9.620963448,1.64518621,-6.5150855,2.766323353,-5.541339477,-2.088033038,4.429923776,5.050771905,-3.816699368,1.582969292,-2.962645861,5.350163808,-4.832870957,4.327114765,-1.763979792,2.070891147,9.640459785,3.20849269,-1.945613737,3.205149294,-3.415598197,5.795390618,3.711920066,0.229289016,0.725720304,6.976818193,-1.520575132,-5.619648104,40.70366019,3.58978344,2.257757855,1.125741172,0.835700009,0.76100776,0.709609225,0.626002438,0.485491093,0.448306336,0.429627251,0.376956372,0.352638746,0.328856298,0.303935837,0.287692628,0.271312169,0.256099329,0.25176806,0.247248419,0.234859455,0.230680733,0.224785178,0.216647211,0.211827449,0.206455681,0.202719529,0.201109102,0.198895142,0.195418594,12.063549,5.9253635
100_653,Conc,100,LL2112_NC_conc.csv,post_iqr,25.4059157,8.13969157,5.944337097,2.30285642,-5.928320763,-4.528560385,9.05347404,-2.216287466,-0.537323709,0.845483894,-10.87665862,-3.739156406,-0.054672895,0.808179713,0.310889662,4.500763944,-1.09454405,-0.20859096,3.126815918,-0.378509259,1.154032461,0.681872493,1.946572162,0.024947972,2.774882941,2.684744595,-2.319233715,-0.375165162,2.10226985,-1.778312675,40.70366019,3.58978344,2.257757855,1.125741172,0.835700009,0.76100776,0.709609225,0.626002438,0.485491093,0.448306336,0.429627251,0.376956372,0.352638746,0.328856298,0.303935837,0.287692628,0.271312169,0.256099329,0.25176806,0.247248419,0.234859455,0.230680733,0.224785178,0.216647211,0.211827449,0.206455681,0.202719529,0.201109102,0.198895142,0.195418594,1.9811909,-0.26866636
100_655,Conc,100,LL2112_NC_conc.csv,post_iqr,-76.58963649,-3.812097974,7.255572501,-1.206886086,5.140811209,-4.627837615,-1.259226732,-4.700318636,2.082754676,2.257977203,-7.99072732,-4.659917407,3.418342194,-2.707279826,-1.861137204,11.36196772,2.748613569,1.538929823,1.444792924,-0.530934926,-5.045308604,3.513087639,5.971902865,0.941767085,6.260416989,-8.439036778,-3.933806861,0.640470712,3.498591432,1.725827369,40.70366019,3.58978344,2.257757855,1.125741172,0.835700009,0.76100776,0.709609225,0.626002438,0.485491093,0.448306336,0.429627251,0.376956372,0.352638746,0.328856298,0.303935837,0.287692628,0.271312169,0.256099329,0.25176806,0.247248419,0.234859455,0.230680733,0.224785178,0.216647211,0.211827449,0.206455681,0.202719529,0.201109102,0.198895142,0.195418594,11.34256,5.8726683
100_656,Conc,100,LL2112_NC_conc.csv,post_iqr,16.06837682,10.50066829,-2.314175234,4.09119208,6.516800713,0.521682144,-1.263663738,1.557378151,-1.846210572,-1.250031654,-6.893494945,4.112161226,1.893790339,-4.830731917,-0.480758427,0.789390825,-0.120586415,-2.451201699,1.323697296,-2.639154766,0.243136174,1.359570028,-2.891056283,4.31558623,-2.850411204,0.01964214,4.602818004,0.835806079,-0.32888786,-0.218097332,40.70366019,3.58978344,2.257757855,1.125741172,0.835700009,0.76100776,0.709609225,0.626002438,0.485491093,0.448306336,0.429627251,0.376956372,0.352638746,0.328856298,0.303935837,0.287692628,0.271312169,0.256099329,0.25176806,0.247248419,0.234859455,0.230680733,0.224785178,0.216647211,0.211827449,0.206455681,0.202719529,0.201109102,0.198895142,0.195418594,2.2955108,-1.1621981
100_657,Conc,100,LL2112_NC_conc.csv,post_iqr,21.54494557,6.701879705,-5.195852878,-2.314567824,6.004372735,-3.25218949,-0.114504782,1.325549653,-3.879094995,2.958262458,-13.17295296,-1.40861451,-1.606692141,1.101933418,-1.02201023,4.075219163,4.765012659,0.334561909,2.880148642,-1.327888207,-0.089115077,0.727872891,4.314756856,3.186644562,1.435979509,1.129278583,-0.924587921,0.396855881,-0.780334362,-0.9697006,40.70366019,3.58978344,2.257757855,1.125741172,0.835700009,0.76100776,0.709609225,0.626002438,0.485491093,0.448306336,0.429627251,0.376956372,0.352638746,0.328856298,0.303935837,0.287692628,0.271312169,0.256099329,0.25176806,0.247248419,0.234859455,0.230680733,0.224785178,0.216647211,0.211827449,0.206455681,0.202719529,0.201109102,0.198895142,0.195418594,2.50847,-0.50562847
100_658,Conc,100,LL2112_NC_conc.csv,post_iqr,-73.26750603,0.36128773,-4.348386595,-3.646145125,-11.49626506,6.178614961,-4.096790198,-1.222221531,-6.83052003,-2.608042859,5.801464677,4.432815836,4.387490089,5.213030847,-2.706351948,0.152225096,1.807530317,3.048340967,1.975836144,-0.185560235,3.777884796,-0.321637053,1.114338534,0.130496633,4.280710135,-0.752860384,3.931306956,2.20440757,-3.141040722,-3.761794376,40.70366019,3.58978344,2.257757855,1.125741172,0.835700009,0.76100776,0.709609225,0.626002438,0.485491093,0.448306336,0.429627251,0.376956372,0.352638746,0.328856298,0.303935837,0.287692628,0.271312169,0.256099329,0.25176806,0.247248419,0.234859455,0.230680733,0.224785178,0.216647211,0.211827449,0.206455681,0.202719529,0.201109102,0.198895142,0.195418594,11.83539,4.4263706
100_659,Conc,100,LL2112_NC_conc.csv,post_iqr,26.39655069,12.65908685,-2.891952931,-2.04901649,2.290351367,0.935063775,-2.615306888,0.747773386,-5.57848842,-4.162306455,-4.242297911,1.036096422,4.887872101,-2.83074449,1.655916223,-0.701184557,0.720919648,-1.218346008,3.78638079,1.169750017,2.145866033,-0.324707036,2.711374516,1.371282284,4.989798266,3.545676525,-2.687730683,1.98888035,-1.351139304,0.039768272,40.70366019,3.58978344,2.257757855,1.125741172,0.835700009,0.76100776,0.709609225,0.626002438,0.485491093,0.448306336,0.429627251,0.376956372,0.352638746,0.328856298,0.303935837,0.287692628,0.271312169,0.256099329,0.25176806,0.247248419,0.234859455,0.230680733,0.224785178,0.216647211,0.211827449,0.206455681,0.202719529,0.201109102,0.198895142,0.195418594,2.9157164,-1.4708867
100_660,Conc,100,LL2112_NC_conc.csv,post_iqr,-77.65053428,3.957907696,-7.631497983,7.796158732,-9.894168736,-7.961777309,-7.097558265,-11.35223557,-2.191308826,4.477921359,-1.04696598,4.404494063,2.27549713,3.280682649,-4.43502802,-2.665763342,-4.350052614,4.15576384,-11.30925097,4.358000254,5.84498215,-4.262960139,3.311313905,4.359625737,-0.096206866,5.157987286,-5.98881389,3.890485995,-3.758485613,3.366311698,40.70366019,3.58978344,2.257757855,1.125741172,0.835700009,0.76100776,0.709609225,0.626002438,0.485491093,0.448306336,0.429627251,0.376956372,0.352638746,0.328856298,0.303935837,0.287692628,0.271312169,0.256099329,0.25176806,0.247248419,0.234859455,0.230680733,0.224785178,0.216647211,0.211827449,0.206455681,0.202719529,0.201109102,0.198895142,0.195418594,12.070655,5.7209373
100_661,Conc,100,LL2112_NC_conc.csv,post_iqr,24.77836179,4.74561492,-8.303146276,-15.10103067,-3.463401567,-1.940171067,-7.171933872,2.159997425,-1.882831347,4.131340384,-6.154577913,1.491824388,1.416615486,1.752654416,3.935163838,1.849152419,-1.023431114,1.044590393,-2.307809319,1.093458894,4.672610529,1.686656543,2.893081245,3.510732571,-0.130376551,4.726128294,-3.07513596,-1.911942879,-1.716506602,0.184586088,40.70366019,3.58978344,2.257757855,1.125741172,0.835700009,0.76100776,0.709609225,0.626002438,0.485491093,0.448306336,0.429627251,0.376956372,0.352638746,0.328856298,0.303935837,0.287692628,0.271312169,0.256099329,0.25176806,0.247248419,0.234859455,0.230680733,0.224785178,0.216647211,0.211827449,0.206455681,0.202719529,0.201109102,0.198895142,0.195418594,3.4991524,0.8227506
100_662,Conc,100,LL2112_NC_conc.csv,post_iqr,-60.57482562,-3.103835784,-10.05864211,-7.993912322,-10.7259814,7.309090949,2.24094478,10.10833416,3.601943644,-11.9986815,-2.617749777,7.489465106,0.917547547,3.08000656,-0.994884589,14.62948543,-13.86216561,-4.133603469,-5.42940767,-5.143912486,-10.75213425,9.227313125,8.198209905,2.458318601,-2.816225832,-4.99483584,-9.262252101,-6.009661475,-2.407578032,-6.003976372,40.70366019,3.58978344,2.257757855,1.125741172,0.835700009,0.76100776,0.709609225,0.626002438,0.485491093,0.448306336,0.429627251,0.376956372,0.352638746,0.328856298,0.303935837,0.287692628,0.271312169,0.256099329,0.25176806,0.247248419,0.234859455,0.230680733,0.224785178,0.216647211,0.211827449,0.206455681,0.202719529,0.201109102,0.198895142,0.195418594,10.736553,4.210934
100_663,Conc,100,LL2112_NC_conc.csv,post_iqr,24.77604507,8.819912371,3.458204122,4.442650434,2.230165467,-0.992474155,1.353537277,-2.522941048,-1.280257755,-2.711552773,-6.449221175,-0.958557182,1.315523843,-0.819979524,-3.019593541,1.637744126,-0.380195151,2.481038864,2.139688334,-2.266458196,-1.308759494,0.963336189,-1.109767343,1.04236538,-0.848773508,-1.635119187,0.048888855,-0.257991028,0.528896811,2.399396088,40.70366019,3.58978344,2.257757855,1.125741172,0.835700009,0.76100776,0.709609225,0.626002438,0.485491093,0.448306336,0.429627251,0.376956372,0.352638746,0.328856298,0.303935837,0.287692628,0.271312169,0.256099329,0.25176806,0.247248419,0.234859455,0.230680733,0.224785178,0.216647211,0.211827449,0.206455681,0.202719529,0.201109102,0.198895142,0.195418594,2.2195332,-1.257063
100_664,Conc,100,LL2112_NC_conc.csv,post_iqr,-74.8422877,3.421827664,-2.701706643,-3.502648307,11.38362977,-8.862643161,-11.1197237,-1.439153163,-0.412643351,3.101315316,0.244006045,-9.450989679,-0.971630003,-3.786412455,-0.068635843,7.673235732,-4.470403127,-4.417291161,-0.497221008,0.804246249,-6.029159121,-7.969898435,0.138375237,-4.535369399,-2.596781803,-3.850334794,0.682772574,-0.902530426,-0.759570603,2.375214098,40.70366019,3.58978344,2.257757855,1.125741172,0.835700009,0.76100776,0.709609225,0.626002438,0.485491093,0.448306336,0.429627251,0.376956372,0.352638746,0.328856298,0.303935837,0.287692628,0.271312169,0.256099329,0.25176806,0.247248419,0.234859455,0.230680733,0.224785178,0.216647211,0.211827449,0.206455681,0.202719529,0.201109102,0.198895142,0.195418594,11.377537,5.8661375
100_665,Conc,100,LL2112_NC_conc.csv,post_iqr,24.42421368,6.578309257,-3.436822611,-5.271932798,6.023882039,0.424566994,1.698151411,-1.477944668,-4.906732865,0.820150591,-13.37479748,-1.00773333,0.351641674,-0.505632859,-1.634594176,3.647157296,-4.911329556,-1.639985663,2.63352062,1.08860813,1.717618218,-2.748387404,-2.981414714,1.082352741,0.433729484,0.517689614,-3.868615269,0.465542261,2.483685411,-1.990460608,40.70366019,3.58978344,2.257757855,1.125741172,0.835700009,0.76100776,0.709609225,0.626002438,0.485491093,0.448306336,0.429627251,0.376956372,0.352638746,0.328856298,0.303935837,0.287692628,0.271312169,0.256099329,0.25176806,0.247248419,0.234859455,0.230680733,0.224785178,0.216647211,0.211827449,0.206455681,0.202719529,0.201109102,0.198895142,0.195418594,2.3500922,-0.19293538
100_666,Conc,100,LL2112_NC_conc.csv,post_iqr,22.45445606,16.30113646,-1.43040451,0.392123508,1.501662091,-6.104648588,-4.063887932,-0.718357954,-4.29265841,-1.618840885,-5.915980563,-1.238488823,0.990596537,-2.563605378,-3.592738269,0.016161553,3.404769184,1.706273395,-0.334973076,-0.81725111,-6.43964041,0.551597577,0.795627383,1.46503357,-0.811819337,-1.458752262,-2.738736243,1.152666937,1.328603102,-0.420899836,40.70366019,3.58978344,2.257757855,1.125741172,0.835700009,0.76100776,0.709609225,0.626002438,0.485491093,0.448306336,0.429627251,0.376956372,0.352638746,0.328856298,0.303935837,0.287692628,0.271312169,0.256099329,0.25176806,0.247248419,0.234859455,0.230680733,0.224785178,0.216647211,0.211827449,0.206455681,0.202719529,0.201109102,0.198895142,0.195418594,2.3807378,-0.8716208
100_667,Conc,100,LL2112_NC_conc.csv,post_iqr,22.30722466,-0.043571242,-6.165942245,-13.82319289,-1.018503476,2.391937965,4.08544162,-2.681398503,-2.035690608,-3.533349264,-6.495560579,-1.90436145,-1.786886733,0.179733845,0.031265897,-1.679299247,0.973661841,1.86844854,1.960022445,-1.920466263,-0.390672897,0.072434637,6.313250602,0.607858337,-0.161268489,-4.02748733,2.454865388,0.654493575,0.056162708,0.343134774,40.70366019,3.58978344,2.257757855,1.125741172,0.835700009,0.76100776,0.709609225,0.626002438,0.485491093,0.448306336,0.429627251,0.376956372,0.352638746,0.328856298,0.303935837,0.287692628,0.271312169,0.256099329,0.25176806,0.247248419,0.234859455,0.230680733,0.224785178,0.216647211,0.211827449,0.206455681,0.202719529,0.201109102,0.198895142,0.195418594,2.4819636,0.88399136
100_668,Conc,100,LL2112_NC_conc.csv,post_iqr,-55.25616871,8.354174589,-1.505812685,-9.063650014,8.901802844,-4.39954247,5.716909892,8.895458202,-7.779725009,-11.02167768,4.865668665,-9.714084749,2.328914291,4.290056731,-1.908246574,-0.146835146,-4.905580087,-2.04820792,-4.351783886,-0.207896209,-3.526715558,0.330519734,-6.238819756,-1.914606346,-8.786367987,-5.733680747,-3.480294195,-1.886589335,-0.54096324,2.324651735,40.70366019,3.58978344,2.257757855,1.125741172,0.835700009,0.76100776,0.709609225,0.626002438,0.485491093,0.448306336,0.429627251,0.376956372,0.352638746,0.328856298,0.303935837,0.287692628,0.271312169,0.256099329,0.25176806,0.247248419,0.234859455,0.230680733,0.224785178,0.216647211,0.211827449,0.206455681,0.202719529,0.201109102,0.198895142,0.195418594,10.390872,4.5643344
100_669,Conc,100,LL2112_NC_conc.csv,post_iqr,-56.287035,-0.292126646,1.910277626,-13.66903946,9.271279629,-0.461268371,2.695650944,6.027374372,-13.41774897,-13.05509759,3.20039632,-5.829845729,11.16249006,-1.604735216,-0.580982177,9.421449461,-0.815056058,0.65474751,-1.074035268,1.920162699,-1.799239826,-9.429239476,-10.0647639,-1.468547404,-1.837562551,-3.909928452,0.382859751,-5.943069442,-1.453279218,7.54922843,40.70366019,3.58978344,2.257757855,1.125741172,0.835700009,0.76100776,0.709609225,0.626002438,0.485491093,0.448306336,0.429627251,0.376956372,0.352638746,0.328856298,0.303935837,0.287692628,0.271312169,0.256099329,0.25176806,0.247248419,0.234859455,0.230680733,0.224785178,0.216647211,0.211827449,0.206455681,0.202719529,0.201109102,0.198895142,0.195418594,10.406473,4.5032973
100_670,Conc,100,LL2112_NC_conc.csv,post_iqr,-70.5337221,1.844485015,1.968619128,0.345892835,-1.536434929,-9.276645393,-0.600367105,-1.905374097,-4.921292203,-3.019342069,-6.512441089,-1.959111044,-0.228677015,1.938459653,1.199980235,3.884193023,-5.317086836,-7.938896241,-1.644181714,4.620448971,0.979864766,2.041621139,3.084227286,-6.63497685,-2.39548763,1.831492657,-5.959048393,2.729836085,-1.559658507,3.677173817,40.70366019,3.58978344,2.257757855,1.125741172,0.835700009,0.76100776,0.709609225,0.626002438,0.485491093,0.448306336,0.429627251,0.376956372,0.352638746,0.328856298,0.303935837,0.287692628,0.271312169,0.256099329,0.25176806,0.247248419,0.234859455,0.230680733,0.224785178,0.216647211,0.211827449,0.206455681,0.202719529,0.201109102,0.198895142,0.195418594,11.920396,5.4082522
100_671,Conc,100,LL2112_NC_conc.csv,post_iqr,24.45413044,9.055241741,3.718767114,-0.566303505,-6.347436455,-5.236896241,4.647808868,-3.125906037,-2.204256453,-0.796427654,-10.4281785,-3.131210034,0.704863522,-1.546316398,-1.157011341,3.229168688,-0.697746996,2.654459475,1.490800461,-1.904226909,0.956193467,0.963122625,-0.10781233,0.20011022,-1.013788721,0.443713463,1.6069987,-2.423569094,0.388387361,-2.811000214,40.70366019,3.58978344,2.257757855,1.125741172,0.835700009,0.76100776,0.709609225,0.626002438,0.485491093,0.448306336,0.429627251,0.376956372,0.352638746,0.328856298,0.303935837,0.287692628,0.271312169,0.256099329,0.25176806,0.247248419,0.234859455,0.230680733,0.224785178,0.216647211,0.211827449,0.206455681,0.202719529,0.201109102,0.198895142,0.195418594,1.9426507,-0.44469774
100_672,Conc,100,LL2112_NC_conc.csv,post_iqr,-82.15321372,-0.841168874,15.05448478,4.865754839,0.053688212,3.840706399,-3.397288122,3.234020328,-2.534660653,8.468367294,-1.805859092,1.101397118,0.946923299,-1.244563844,-0.621425844,3.152493209,3.101281115,-0.736355053,2.700833242,1.212498072,0.49107164,-2.951611184,3.948124406,-1.408552968,4.434089408,-2.811096416,1.584182259,1.684394087,5.023746735,-2.330415224,40.70366019,3.58978344,2.257757855,1.125741172,0.835700009,0.76100776,0.709609225,0.626002438,0.485491093,0.448306336,0.429627251,0.376956372,0.352638746,0.328856298,0.303935837,0.287692628,0.271312169,0.256099329,0.25176806,0.247248419,0.234859455,0.230680733,0.224785178,0.216647211,0.211827449,0.206455681,0.202719529,0.201109102,0.198895142,0.195418594,11.785443,5.976409
100_673,Conc,100,LL2112_NC_conc.csv,post_iqr,24.64651062,15.06013692,0.347823885,4.322563649,-1.982448957,-6.655376343,1.629439119,-2.181357097,-4.714306411,-5.213768319,-3.433387785,-1.067783809,-0.762717904,-0.812073594,-2.069126707,1.341068835,1.596641513,1.564012529,0.789230217,0.410292787,-1.934434402,2.172516466,1.399139117,-0.15285525,-1.498010513,-1.027401513,-0.959068712,1.379836867,0.931771105,-1.156042522,40.70366019,3.58978344,2.257757855,1.125741172,0.835700009,0.76100776,0.709609225,0.626002438,0.485491093,0.448306336,0.429627251,0.376956372,0.352638746,0.328856298,0.303935837,0.287692628,0.271312169,0.256099329,0.25176806,0.247248419,0.234859455,0.230680733,0.224785178,0.216647211,0.211827449,0.206455681,0.202719529,0.201109102,0.198895142,0.195418594,2.0557878,-1.2088462
100_674,Conc,100,LL2112_NC_conc.csv,post_iqr,-67.74781264,6.597051322,18.09588684,8.820304962,3.437208188,5.219653738,7.3568606,9.55762073,-11.43732729,1.974208229,-3.076379393,10.84430187,-7.095345936,-1.505025631,1.207318698,-1.078711448,2.561023553,10.1494888,3.566826467,-2.942180873,-0.386731848,-0.167166802,-1.466666379,-8.556339737,4.529959997,1.217353864,5.007424987,6.738682421,3.638944894,3.402842029,40.70366019,3.58978344,2.257757855,1.125741172,0.835700009,0.76100776,0.709609225,0.626002438,0.485491093,0.448306336,0.429627251,0.376956372,0.352638746,0.328856298,0.303935837,0.287692628,0.271312169,0.256099329,0.25176806,0.247248419,0.234859455,0.230680733,0.224785178,0.216647211,0.211827449,0.206455681,0.202719529,0.201109102,0.198895142,0.195418594,11.166425,4.6871586
100_675,Conc,100,LL2112_NC_conc.csv,post_iqr,-86.36815502,7.061035276,-4.722792719,12.0077802,1.585673648,1.749298942,-5.633686691,-4.789874371,-1.864998879,5.764791671,-9.749549949,-5.127795996,3.811448281,4.906749124,2.142554001,-1.465615715,-0.547435102,6.799246303,0.337927052,3.182924967,-1.473192942,-0.92881477,7.344720354,-9.170584662,2.511298932,2.187418334,9.700641169,0.329880764,6.56551701,4.981179294,40.70366019,3.58978344,2.257757855,1.125741172,0.835700009,0.76100776,0.709609225,0.626002438,0.485491093,0.448306336,0.429627251,0.376956372,0.352638746,0.328856298,0.303935837,0.287692628,0.271312169,0.256099329,0.25176806,0.247248419,0.234859455,0.230680733,0.224785178,0.216647211,0.211827449,0.206455681,0.202719529,0.201109102,0.198895142,0.195418594,11.970705,5.68182
100_676,Conc,100,LL2112_NC_conc.csv,post_iqr,27.31954468,9.348056545,6.891996357,2.972444647,-1.252146044,-1.337236158,0.94974494,-4.21615209,-6.137133993,-7.069125305,-8.132097942,-1.345724913,0.599217272,-0.348246257,-1.572339678,-0.489641562,0.913806839,0.243674455,5.869908355,-0.446195976,2.719954032,-1.614712066,2.846853224,1.622113369,1.346132136,-3.00742509,-2.614854572,1.952968271,-0.025646809,0.297994855,40.70366019,3.58978344,2.257757855,1.125741172,0.835700009,0.76100776,0.709609225,0.626002438,0.485491093,0.448306336,0.429627251,0.376956372,0.352638746,0.328856298,0.303935837,0.287692628,0.271312169,0.256099329,0.25176806,0.247248419,0.234859455,0.230680733,0.224785178,0.216647211,0.211827449,0.206455681,0.202719529,0.201109102,0.198895142,0.195418594,2.0540895,-1.1555343
100_678,Conc,100,LL2112_NC_conc.csv,post_iqr,27.82594542,6.992379448,1.257134925,-8.047314671,-2.045211179,3.73118659,1.437348472,-2.139808445,-4.852996665,-10.67932544,-3.305151018,-0.398624514,4.644070724,-1.978549216,-0.430582997,-3.922332605,1.090532512,2.663779483,3.074304363,0.160187743,-0.138987094,-1.299949345,4.866441657,1.003622132,0.574819554,-0.821399715,-1.950294378,-0.188031447,-0.036847829,0.409780229,40.70366019,3.58978344,2.257757855,1.125741172,0.835700009,0.76100776,0.709609225,0.626002438,0.485491093,0.448306336,0.429627251,0.376956372,0.352638746,0.328856298,0.303935837,0.287692628,0.271312169,0.256099329,0.25176806,0.247248419,0.234859455,0.230680733,0.224785178,0.216647211,0.211827449,0.206455681,0.202719529,0.201109102,0.198895142,0.195418594,2.332581,0.5734949
100_679,Conc,100,LL2112_NC_conc.csv,post_iqr,-61.02422777,8.333717982,-2.417485793,-4.976277079,-0.494297133,5.586236588,-1.335775185,7.903165005,-9.791829386,-4.932243526,8.176415594,4.882204178,-2.086926864,6.551216175,1.318240403,2.99282195,-7.866962198,3.260022643,-1.682873174,-1.956722207,-0.743736765,0.433301315,-3.157571296,1.305234796,-4.779023401,2.028073432,4.379146335,-0.097876352,5.903682483,-3.373667194,40.70366019,3.58978344,2.257757855,1.125741172,0.835700009,0.76100776,0.709609225,0.626002438,0.485491093,0.448306336,0.429627251,0.376956372,0.352638746,0.328856298,0.303935837,0.287692628,0.271312169,0.256099329,0.25176806,0.247248419,0.234859455,0.230680733,0.224785178,0.216647211,0.211827449,0.206455681,0.202719529,0.201109102,0.198895142,0.195418594,11.059183,4.3726296
100_680,Conc,100,LL2112_NC_conc.csv,post_iqr,19.20655582,10.97755729,-2.74134171,-2.193654041,-4.366196122,-5.24193622,1.733251884,-1.683909377,-2.669660896,-1.386083794,-4.757660033,-0.024613428,0.574357316,-2.333326305,0.098945636,-0.414548095,1.532386291,-0.962527244,0.991723757,-2.723306898,1.592754958,3.784989847,2.771135493,1.919038983,-0.813328962,-2.158492847,0.066576166,-0.12742713,1.164767412,-2.346964815,40.70366019,3.58978344,2.257757855,1.125741172,0.835700009,0.76100776,0.709609225,0.626002438,0.485491093,0.448306336,0.429627251,0.376956372,0.352638746,0.328856298,0.303935837,0.287692628,0.271312169,0.256099329,0.25176806,0.247248419,0.234859455,0.230680733,0.224785178,0.216647211,0.211827449,0.206455681,0.202719529,0.201109102,0.198895142,0.195418594,2.0466669,-0.8283004
100_681,Conc,100,LL2112_NC_conc.csv,post_iqr,-66.21464625,9.916823114,7.061228409,12.7253547,-5.25974056,3.956428913,10.19062026,4.037998189,-7.962483918,2.477119704,-8.335285123,4.838961624,-4.522137239,-4.039381324,-0.139779122,1.003991967,0.977472484,-1.897981546,4.657382215,1.598004065,-0.157477613,-0.680196576,0.631413192,3.110848333,4.096919231,-11.88355479,6.590051622,-0.885370341,-0.477246628,2.583979614,40.70366019,3.58978344,2.257757855,1.125741172,0.835700009,0.76100776,0.709609225,0.626002438,0.485491093,0.448306336,0.429627251,0.376956372,0.352638746,0.328856298,0.303935837,0.287692628,0.271312169,0.256099329,0.25176806,0.247248419,0.234859455,0.230680733,0.224785178,0.216647211,0.211827449,0.206455681,0.202719529,0.201109102,0.198895142,0.195418594,11.302196,4.344685
100_682,Conc,100,LL2112_NC_conc.csv,post_iqr,-81.13424892,5.833755858,11.13322356,10.97179976,-2.636456724,4.925765861,-2.471853365,7.871612512,-5.951587071,4.814894271,-2.482063378,8.624298517,0.401775258,-5.22718837,3.597538671,-2.182014746,-2.349725874,0.798772091,5.067576783,-4.267005037,-2.211873997,-5.718008078,7.898995137,-6.643205479,-2.123504267,6.791743606,-8.973139753,-2.244341537,4.871543241,-2.805487449,40.70366019,3.58978344,2.257757855,1.125741172,0.835700009,0.76100776,0.709609225,0.626002438,0.485491093,0.448306336,0.429627251,0.376956372,0.352638746,0.328856298,0.303935837,0.287692628,0.271312169,0.256099329,0.25176806,0.247248419,0.234859455,0.230680733,0.224785178,0.216647211,0.211827449,0.206455681,0.202719529,0.201109102,0.198895142,0.195418594,11.752546,5.626783
100_683,Conc,100,LL2112_NC_conc.csv,post_iqr,-66.161059,-7.901345597,-3.567420118,-16.43464269,-5.362428541,10.64729459,-3.1832916,-0.350664635,-6.761740005,2.356477441,3.181099663,8.990650029,-5.405432482,8.94943364,-1.119153093,2.131195901,-4.489124104,-4.038923432,5.678699557,0.764526707,-1.623840331,-3.706883936,-6.969946397,4.477935397,1.605636114,-6.149411679,-3.639176345,-1.868792179,-0.87536684,-2.958796861,40.70366019,3.58978344,2.257757855,1.125741172,0.835700009,0.76100776,0.709609225,0.626002438,0.485491093,0.448306336,0.429627251,0.376956372,0.352638746,0.328856298,0.303935837,0.287692628,0.271312169,0.256099329,0.25176806,0.247248419,0.234859455,0.230680733,0.224785178,0.216647211,0.211827449,0.206455681,0.202719529,0.201109102,0.198895142,0.195418594,11.726892,4.574672
100_684,Conc,100,LL2112_NC_conc.csv,post_iqr,26.11794721,10.51167273,4.237412622,6.532525884,2.089998131,-3.019030689,0.462281055,-1.182749647,-3.696856426,-4.071959388,-3.476718001,-0.338993317,0.838792808,3.542533686,-3.016633751,0.597389845,-1.249846171,-0.817851104,4.949764496,0.943282913,-0.282534038,-2.483593081,1.478009159,2.601713285,1.141758627,-0.292149429,-1.225925265,0.207414315,1.581487691,0.012080789,40.70366019,3.58978344,2.257757855,1.125741172,0.835700009,0.76100776,0.709609225,0.626002438,0.485491093,0.448306336,0.429627251,0.376956372,0.352638746,0.328856298,0.303935837,0.287692628,0.271312169,0.256099329,0.25176806,0.247248419,0.234859455,0.230680733,0.224785178,0.216647211,0.211827449,0.206455681,0.202719529,0.201109102,0.198895142,0.195418594,2.604887,-1.5842546
100_685,Conc,100,LL2112_NC_conc.csv,post_iqr,24.86402569,8.745968046,4.695426895,3.031264128,-11.00890431,-6.078494521,-3.61600986,0.630265063,-0.522948704,2.302850851,0.924796921,3.792638252,4.921314747,-1.442647891,-1.233699764,1.280252012,-0.462268144,-0.150095636,-0.009068002,0.393268272,1.692921181,-0.520157656,-1.447661099,-0.199264058,1.376912011,-3.284454618,1.747526517,-0.179594682,-0.192800995,-1.520863505,40.70366019,3.58978344,2.257757855,1.125741172,0.835700009,0.76100776,0.709609225,0.626002438,0.485491093,0.448306336,0.429627251,0.376956372,0.352638746,0.328856298,0.303935837,0.287692628,0.271312169,0.256099329,0.25176806,0.247248419,0.234859455,0.230680733,0.224785178,0.216647211,0.211827449,0.206455681,0.202719529,0.201109102,0.198895142,0.195418594,1.7055033,-1.2847254
100_686,Conc,100,LL2112_NC_conc.csv,post_iqr,20.63125003,11.67632218,-1.499026446,-5.444219883,0.078244405,-1.855099274,4.915133853,-0.077444406,-0.387513621,4.656027025,-10.24744518,2.685976824,0.191687649,-2.776390076,4.933879357,6.701543202,-1.342270849,-1.483783857,1.946058077,1.601047725,4.666615024,-1.625814223,-3.736363449,-2.720000527,0.245642845,1.144157569,3.254932344,5.402376051,0.474784352,-1.904657981,40.70366019,3.58978344,2.257757855,1.125741172,0.835700009,0.76100776,0.709609225,0.626002438,0.485491093,0.448306336,0.429627251,0.376956372,0.352638746,0.328856298,0.303935837,0.287692628,0.271312169,0.256099329,0.25176806,0.247248419,0.234859455,0.230680733,0.224785178,0.216647211,0.211827449,0.206455681,0.202719529,0.201109102,0.198895142,0.195418594,2.5176332,-0.1542226
100_687,Conc,100,LL2112_NC_conc.csv,post_iqr,25.85371955,0.750259314,-3.027552699,-13.9409401,-0.84149797,2.59639161,4.995978895,-2.649987169,-1.692678288,-2.055756879,-10.92169072,-5.619890845,1.350686211,1.141346121,-1.421084261,1.084301623,0.449719251,4.206406301,-0.649362419,0.007001018,4.301825128,-1.567121496,3.544971228,2.6838117,1.60911891,-2.826709221,0.358677494,2.516001906,0.603049206,0.191971976,40.70366019,3.58978344,2.257757855,1.125741172,0.835700009,0.76100776,0.709609225,0.626002438,0.485491093,0.448306336,0.429627251,0.376956372,0.352638746,0.328856298,0.303935837,0.287692628,0.271312169,0.256099329,0.25176806,0.247248419,0.234859455,0.230680733,0.224785178,0.216647211,0.211827449,0.206455681,0.202719529,0.201109102,0.198895142,0.195418594,2.5471272,0.85203964
100_688,Conc,100,LL2112_NC_conc.csv,post_iqr,-76.88028807,8.35302715,-20.36318466,15.79666304,-2.74089334,4.356148059,-1.763908443,-2.085025652,2.472994031,0.408191237,-3.939185359,-9.491850902,6.749034858,9.952477448,5.35253985,3.326770924,-2.755587168,-4.159898354,-4.82541963,11.05634234,-3.210445396,1.589896017,-6.664251071,3.065050595,5.668657438,2.255274879,0.165890061,-5.199758875,-4.078489633,-0.357000726,40.70366019,3.58978344,2.257757855,1.125741172,0.835700009,0.76100776,0.709609225,0.626002438,0.485491093,0.448306336,0.429627251,0.376956372,0.352638746,0.328856298,0.303935837,0.287692628,0.271312169,0.256099329,0.25176806,0.247248419,0.234859455,0.230680733,0.224785178,0.216647211,0.211827449,0.206455681,0.202719529,0.201109102,0.198895142,0.195418594,12.182618,5.3444033
100_689,Conc,100,LL2112_NC_conc.csv,post_iqr,-77.04938555,-2.416114513,-3.32097296,-1.961260587,3.191084013,-5.72129253,-11.69006001,-3.794223211,5.029282306,-1.615806963,-4.629564823,-0.072600677,6.292320477,-4.18304332,2.448923519,-0.193946878,-1.826716338,-0.677831046,2.39895545,5.109703439,0.187836729,-5.690415393,6.652118208,-4.990974612,1.470412344,-0.339564884,1.338565319,-3.218420898,-4.549678777,-6.083239808,40.70366019,3.58978344,2.257757855,1.125741172,0.835700009,0.76100776,0.709609225,0.626002438,0.485491093,0.448306336,0.429627251,0.376956372,0.352638746,0.328856298,0.303935837,0.287692628,0.271312169,0.256099329,0.25176806,0.247248419,0.234859455,0.230680733,0.224785178,0.216647211,0.211827449,0.206455681,0.202719529,0.201109102,0.198895142,0.195418594,11.392073,5.7617044
100_690,Conc,100,LL2112_NC_conc.csv,post_iqr,-78.4377524,0.545971766,7.459006242,8.388784907,-6.206408858,-4.696453388,-1.780633397,-0.059521845,-2.470269545,3.125317935,3.299666038,4.639453846,1.821937218,0.391509262,1.788324434,-5.36788675,-3.929875637,3.06356896,-2.603449957,-1.928869527,-1.343119183,-1.465941657,5.867872514,-4.703846896,-1.885824573,2.884055428,3.230877238,2.093794495,2.541514638,0.031994641,40.70366019,3.58978344,2.257757855,1.125741172,0.835700009,0.76100776,0.709609225,0.626002438,0.485491093,0.448306336,0.429627251,0.376956372,0.352638746,0.328856298,0.303935837,0.287692628,0.271312169,0.256099329,0.25176806,0.247248419,0.234859455,0.230680733,0.224785178,0.216647211,0.211827449,0.206455681,0.202719529,0.201109102,0.198895142,0.195418594,11.943048,5.5661793
100_691,Conc,100,LL2112_NC_conc.csv,post_iqr,-74.82430978,-0.895622466,10.97296423,-6.041580552,1.189754039,-11.72559501,1.506996287,-2.780182626,-3.423902542,-2.522796748,-3.598583354,-0.955815793,-2.446555502,-1.141965117,-5.855942599,0.056838509,-1.917387241,-0.491742458,-1.166075334,-0.846787404,2.988138663,-5.188821973,-1.268036181,-3.943867251,3.741092274,-5.194590446,-2.654642148,3.465415387,7.69388728,1.743053026,40.70366019,3.58978344,2.257757855,1.125741172,0.835700009,0.76100776,0.709609225,0.626002438,0.485491093,0.448306336,0.429627251,0.376956372,0.352638746,0.328856298,0.303935837,0.287692628,0.271312169,0.256099329,0.25176806,0.247248419,0.234859455,0.230680733,0.224785178,0.216647211,0.211827449,0.206455681,0.202719529,0.201109102,0.198895142,0.195418594,11.363797,5.789562
100_692,Conc,100,LL2112_NC_conc.csv,post_iqr,21.31225796,10.70658263,-11.06272732,-12.75110778,-3.684302364,-1.171472981,-4.882125205,4.218206355,-4.287797637,2.563802925,-1.701228766,2.375872763,6.623023426,-2.834893899,0.761393473,1.111434234,6.045306029,0.390092863,-1.48094464,0.149661805,-0.151986431,5.834342585,2.597606338,1.427465567,1.000820169,1.122193302,0.92458637,-2.754972229,1.080867386,-5.242862059,40.70366019,3.58978344,2.257757855,1.125741172,0.835700009,0.76100776,0.709609225,0.626002438,0.485491093,0.448306336,0.429627251,0.376956372,0.352638746,0.328856298,0.303935837,0.287692628,0.271312169,0.256099329,0.25176806,0.247248419,0.234859455,0.230680733,0.224785178,0.216647211,0.211827449,0.206455681,0.202719529,0.201109102,0.198895142,0.195418594,3.6740937,0.39495376
100_693,Conc,100,LL2112_NC_conc.csv,post_iqr,27.73842199,14.52944204,1.445363699,-1.517633085,-0.200060735,-3.326784823,1.651335006,-2.022665443,-1.468152066,-2.045273113,-3.793044572,-0.048601168,-0.861821316,2.315654162,-0.939339716,-1.598431402,0.734557957,5.773354458,1.361224652,-1.138784796,0.597934911,1.003259041,-0.42873184,-1.17177936,0.959106805,-2.843392929,0.283354686,3.83490718,-0.571705549,-2.264228394,40.70366019,3.58978344,2.257757855,1.125741172,0.835700009,0.76100776,0.709609225,0.626002438,0.485491093,0.448306336,0.429627251,0.376956372,0.352638746,0.328856298,0.303935837,0.287692628,0.271312169,0.256099329,0.25176806,0.247248419,0.234859455,0.230680733,0.224785178,0.216647211,0.211827449,0.206455681,0.202719529,0.201109102,0.198895142,0.195418594,2.2356539,-0.54953074
100_694,Conc,100,LL2112_NC_conc.csv,post_iqr,25.83347841,12.00950833,2.985187489,5.84866802,5.098171549,2.279469329,0.360740323,-3.224948501,-3.368703453,-5.50368215,-3.946800615,0.820413098,-0.690960626,-0.860745736,1.007657484,0.199992376,-1.718293822,0.187248068,3.485889224,0.798340627,-0.902569409,0.114025456,0.308956927,-0.802928146,-0.331765879,0.537783537,1.887961673,0.502453801,1.586644457,-0.129710544,40.70366019,3.58978344,2.257757855,1.125741172,0.835700009,0.76100776,0.709609225,0.626002438,0.485491093,0.448306336,0.429627251,0.376956372,0.352638746,0.328856298,0.303935837,0.287692628,0.271312169,0.256099329,0.25176806,0.247248419,0.234859455,0.230680733,0.224785178,0.216647211,0.211827449,0.206455681,0.202719529,0.201109102,0.198895142,0.195418594,2.4782662,-1.7024661
100_695,Conc,100,LL2112_NC_conc.csv,post_iqr,-71.68385481,2.211022834,-7.693085349,-4.043161439,7.787173437,-5.910370858,-8.707161854,-10.11420805,-8.799751498,-1.715464259,-5.349951679,3.199880392,4.055331731,-1.412045897,1.285271561,-4.976842392,-3.366005811,2.683857259,-5.393965407,0.089115131,0.355094428,-4.660060817,-3.891684122,-1.10535987,6.038978121,-8.298718247,0.457108406,-4.580967201,0.432620564,-4.127232722,40.70366019,3.58978344,2.257757855,1.125741172,0.835700009,0.76100776,0.709609225,0.626002438,0.485491093,0.448306336,0.429627251,0.376956372,0.352638746,0.328856298,0.303935837,0.287692628,0.271312169,0.256099329,0.25176806,0.247248419,0.234859455,0.230680733,0.224785178,0.216647211,0.211827449,0.206455681,0.202719529,0.201109102,0.198895142,0.195418594,11.709737,5.5794272
100_696,Conc,100,LL2112_NC_conc.csv,post_iqr,-73.62514197,-2.890680522,-20.25771269,3.968207559,-0.414028799,-11.10747849,-10.30620831,-8.320200761,1.812696661,0.428490188,2.809426301,-2.610364964,3.531237323,0.450455931,-6.3679144,-1.497932477,-4.430821826,-4.757129412,-4.68131723,-12.47312188,-4.251270964,-2.982412354,6.364149372,-3.240741366,-4.124588473,-8.330591114,-5.847208401,2.350252157,2.456056737,-4.505252855,40.70366019,3.58978344,2.257757855,1.125741172,0.835700009,0.76100776,0.709609225,0.626002438,0.485491093,0.448306336,0.429627251,0.376956372,0.352638746,0.328856298,0.303935837,0.287692628,0.271312169,0.256099329,0.25176806,0.247248419,0.234859455,0.230680733,0.224785178,0.216647211,0.211827449,0.206455681,0.202719529,0.201109102,0.198895142,0.195418594,11.552522,5.433892
100_697,Conc,100,LL2112_NC_conc.csv,post_iqr,28.86298355,3.271690601,-1.640366475,-12.3681087,3.400378384,8.229476586,3.821339319,-3.120756014,-0.552416478,-2.964147061,-6.414204982,-3.096936008,3.821907839,-3.177586666,3.13246225,-2.010724282,-0.432177107,1.539527963,2.839019367,2.273297048,-0.019266342,-2.047384819,1.859763698,-0.329237195,3.369647769,0.380100766,1.518894462,0.341794501,1.698065357,-0.043485752,40.70366019,3.58978344,2.257757855,1.125741172,0.835700009,0.76100776,0.709609225,0.626002438,0.485491093,0.448306336,0.429627251,0.376956372,0.352638746,0.328856298,0.303935837,0.287692628,0.271312169,0.256099329,0.25176806,0.247248419,0.234859455,0.230680733,0.224785178,0.216647211,0.211827449,0.206455681,0.202719529,0.201109102,0.198895142,0.195418594,2.7602975,0.5926497
100_698,Conc,100,LL2112_NC_conc.csv,post_iqr,23.96842085,7.721876506,6.324686562,-3.106371153,-1.601609279,2.882145984,4.014740748,-1.043967696,0.011857157,-8.20797522,1.017180289,-3.03854583,4.245337685,-1.905087421,-3.230166115,-8.621403335,2.666004924,-0.911009864,3.145131871,-1.252018847,-1.305487811,1.898231981,1.968586886,-1.120878709,2.311891015,-3.59536171,-0.626880655,0.794910252,2.7179734,3.017310855,40.70366019,3.58978344,2.257757855,1.125741172,0.835700009,0.76100776,0.709609225,0.626002438,0.485491093,0.448306336,0.429627251,0.376956372,0.352638746,0.328856298,0.303935837,0.287692628,0.271312169,0.256099329,0.25176806,0.247248419,0.234859455,0.230680733,0.224785178,0.216647211,0.211827449,0.206455681,0.202719529,0.201109102,0.198895142,0.195418594,2.0192947,-0.4035581
100_699,Conc,100,LL2112_NC_conc.csv,post_iqr,-84.38496899,5.142660717,-2.666617707,13.66143615,-3.25700511,3.474326527,0.971496003,-9.164364873,-0.097157286,0.032165643,-4.428659966,-0.224675419,1.856180339,0.789548792,0.187604165,-3.255678725,-4.229943256,-1.657768636,-0.506815045,3.075303125,5.441884745,-5.566858851,-0.474091562,-0.114331992,1.042138601,-5.106827749,5.000393453,3.742966985,-9.089871946,-1.540646796,40.70366019,3.58978344,2.257757855,1.125741172,0.835700009,0.76100776,0.709609225,0.626002438,0.485491093,0.448306336,0.429627251,0.376956372,0.352638746,0.328856298,0.303935837,0.287692628,0.271312169,0.256099329,0.25176806,0.247248419,0.234859455,0.230680733,0.224785178,0.216647211,0.211827449,0.206455681,0.202719529,0.201109102,0.198895142,0.195418594,12.329328,5.5092144
100_700,Conc,100,LL2112_NC_conc.csv,post_iqr,-75.53283039,6.1400408,-6.684883622,3.719451271,4.290054279,10.92549576,6.815276216,-4.971974581,-6.823755566,2.235461057,7.590543955,-1.154522162,8.792495649,5.988573651,3.369189055,1.461312566,-5.365130974,5.048191669,2.325358544,5.524633568,5.106393437,7.949157672,-5.077392078,5.077407865,5.525987538,5.843026669,-4.226239631,-5.373452792,0.530349465,6.65822052,40.70366019,3.58978344,2.257757855,1.125741172,0.835700009,0.76100776,0.709609225,0.626002438,0.485491093,0.448306336,0.429627251,0.376956372,0.352638746,0.328856298,0.303935837,0.287692628,0.271312169,0.256099329,0.25176806,0.247248419,0.234859455,0.230680733,0.224785178,0.216647211,0.211827449,0.206455681,0.202719529,0.201109102,0.198895142,0.195418594,11.811476,4.4916773
100_701,Conc,100,LL2112_NC_conc.csv,post_iqr,26.38268428,8.950179862,-1.963568776,-8.61977801,-2.847086134,-0.591624504,4.937652973,-2.478028423,-6.18751452,-4.712357715,-8.748593097,-0.379782744,1.739426206,-0.489033872,1.890922899,0.161071816,-1.079540728,-1.513892278,3.525131061,3.344592844,4.478004434,-1.345146872,1.561220507,-4.771439337,3.716336845,1.144286577,0.716525368,-0.903981915,0.543819642,2.617271238,40.70366019,3.58978344,2.257757855,1.125741172,0.835700009,0.76100776,0.709609225,0.626002438,0.485491093,0.448306336,0.429627251,0.376956372,0.352638746,0.328856298,0.303935837,0.287692628,0.271312169,0.256099329,0.25176806,0.247248419,0.234859455,0.230680733,0.224785178,0.216647211,0.211827449,0.206455681,0.202719529,0.201109102,0.198895142,0.195418594,2.09204,0.27320156
100_702,Conc,100,LL2112_NC_conc.csv,post_iqr,20.77391995,4.709002788,11.4988693,2.869324904,-5.009923857,-1.210156898,-4.433048232,5.733158489,1.11993287,-5.956669047,1.30467855,9.815541779,2.599081589,1.17536272,-2.545689886,1.530797643,-1.711487235,5.206471638,0.626806672,-0.763043714,-0.570420079,-1.398272328,-1.27533013,2.343228192,-1.43268824,-0.949042812,0.017317857,3.232843431,-0.539145818,-2.314747922,40.70366019,3.58978344,2.257757855,1.125741172,0.835700009,0.76100776,0.709609225,0.626002438,0.485491093,0.448306336,0.429627251,0.376956372,0.352638746,0.328856298,0.303935837,0.287692628,0.271312169,0.256099329,0.25176806,0.247248419,0.234859455,0.230680733,0.224785178,0.216647211,0.211827449,0.206455681,0.202719529,0.201109102,0.198895142,0.195418594,3.0201733,-1.1202039
100_704,Conc,100,LL2112_NC_conc.csv,post_iqr,26.64301809,12.76839056,3.588683774,2.655772274,-1.889438499,-6.034451091,-5.531679633,0.27392525,-1.042693842,0.98133769,0.173124051,2.934613576,-0.090407705,1.078903409,-1.811117157,3.383764288,-1.410468413,0.933772731,1.522049389,-0.252822627,-1.026672773,-2.038894426,0.055964362,2.227193033,0.298920231,-0.033171156,0.156948584,0.130958177,0.790022127,-4.12892477,40.70366019,3.58978344,2.257757855,1.125741172,0.835700009,0.76100776,0.709609225,0.626002438,0.485491093,0.448306336,0.429627251,0.376956372,0.352638746,0.328856298,0.303935837,0.287692628,0.271312169,0.256099329,0.25176806,0.247248419,0.234859455,0.230680733,0.224785178,0.216647211,0.211827449,0.206455681,0.202719529,0.201109102,0.198895142,0.195418594,2.8097634,-1.4662877
100_705,Conc,100,LL2112_NC_conc.csv,post_iqr,21.26555768,18.41396742,-5.369482704,6.061332487,10.21689321,-4.616380025,-1.956063274,-0.364478252,-6.827863888,-8.164356504,-0.444071481,5.592099301,-1.697454854,0.814561368,3.522179664,-0.865242856,1.891128088,-1.232566508,1.965790598,0.223764527,2.060851908,0.582458067,2.88487382,-2.40691797,3.023196926,2.644629607,3.057438391,2.793963319,-1.599632066,0.980795983,40.70366019,3.58978344,2.257757855,1.125741172,0.835700009,0.76100776,0.709609225,0.626002438,0.485491093,0.448306336,0.429627251,0.376956372,0.352638746,0.328856298,0.303935837,0.287692628,0.271312169,0.256099329,0.25176806,0.247248419,0.234859455,0.230680733,0.224785178,0.216647211,0.211827449,0.206455681,0.202719529,0.201109102,0.198895142,0.195418594,2.571506,-2.060116
100_706,Conc,100,LL2112_NC_conc.csv,post_iqr,29.99662717,4.449059092,8.025117624,-1.483577365,-5.775781867,-2.58230264,-6.287639887,1.313579013,-1.195299134,-0.1296958,0.617861306,2.603166527,2.609479519,3.058845205,-2.043470649,-0.041781303,-1.983717163,2.136413365,2.422933807,-1.017341226,0.145235928,-0.7790174,2.421607095,1.543008982,-0.405488089,-0.32349983,-0.154903993,-0.142743507,-0.372934547,-2.563010541,40.70366019,3.58978344,2.257757855,1.125741172,0.835700009,0.76100776,0.709609225,0.626002438,0.485491093,0.448306336,0.429627251,0.376956372,0.352638746,0.328856298,0.303935837,0.287692628,0.271312169,0.256099329,0.25176806,0.247248419,0.234859455,0.230680733,0.224785178,0.216647211,0.211827449,0.206455681,0.202719529,0.201109102,0.198895142,0.195418594,3.1228442,-0.43930188
100_707,Conc,100,LL2112_NC_conc.csv,post_iqr,-66.83515322,7.496513236,4.344345222,10.3446855,-6.142748527,-0.659685545,-5.843184773,4.905752445,-2.812773977,8.459126587,2.160710117,6.861630881,3.326961207,-3.541576353,-1.871863973,-2.780477902,1.603363295,3.682658596,-0.884249765,-2.055011449,-2.123212908,-2.940044747,3.251319439,-4.133670927,-7.280105062,-1.307024694,-0.441138273,-4.273038809,-3.148355578,4.769539023,40.70366019,3.58978344,2.257757855,1.125741172,0.835700009,0.76100776,0.709609225,0.626002438,0.485491093,0.448306336,0.429627251,0.376956372,0.352638746,0.328856298,0.303935837,0.287692628,0.271312169,0.256099329,0.25176806,0.247248419,0.234859455,0.230680733,0.224785178,0.216647211,0.211827449,0.206455681,0.202719529,0.201109102,0.198895142,0.195418594,11.451131,5.344812
100_708,Conc,100,LL2112_NC_conc.csv,post_iqr,29.1109666,7.043410097,3.317699166,-7.045906642,-3.75006225,0.407971054,-8.849957798,1.108875726,-1.159341238,4.893037779,-2.251874415,-0.486159742,5.37517389,-0.275492227,-1.344326528,1.781736556,-0.980798847,2.287846145,-1.606883219,1.441090386,0.037326891,0.568241133,-0.581698474,0.43887083,-1.190162746,1.798319378,0.441674947,-0.14193828,-0.777476177,-3.418353295,40.70366019,3.58978344,2.257757855,1.125741172,0.835700009,0.76100776,0.709609225,0.626002438,0.485491093,0.448306336,0.429627251,0.376956372,0.352638746,0.328856298,0.303935837,0.287692628,0.271312169,0.256099329,0.25176806,0.247248419,0.234859455,0.230680733,0.224785178,0.216647211,0.211827449,0.206455681,0.202719529,0.201109102,0.198895142,0.195418594,3.6992657,0.18319026
100_709,Conc,100,LL2112_NC_conc.csv,post_iqr,25.29134589,6.745440349,-4.16335651,-11.58022519,1.704394115,2.17026146,3.849416204,-2.81698018,-4.605801518,-7.489183133,-4.080283891,1.256043214,-0.68706331,1.631138216,-1.335927984,-3.35259725,0.655638163,0.479349414,4.075175201,0.414814868,-2.608494033,1.614666589,3.30867633,-0.303248581,-0.373799989,-0.696276651,2.866770298,-0.431266412,1.273512763,4.619296912,40.70366019,3.58978344,2.257757855,1.125741172,0.835700009,0.76100776,0.709609225,0.626002438,0.485491093,0.448306336,0.429627251,0.376956372,0.352638746,0.328856298,0.303935837,0.287692628,0.271312169,0.256099329,0.25176806,0.247248419,0.234859455,0.230680733,0.224785178,0.216647211,0.211827449,0.206455681,0.202719529,0.201109102,0.198895142,0.195418594,2.3817153,0.675891
100_710,Conc,100,LL2112_NC_conc.csv,post_iqr,26.68010216,10.7910202,-3.312396392,-9.620993276,-4.942935696,-2.407486073,-6.416008026,4.463925014,-3.744937765,0.725028297,0.038117541,2.970580941,4.708381169,1.21301783,1.115663702,-0.099441227,-0.317458217,1.47746329,0.094325935,3.218752073,4.242386535,2.562777724,1.609560748,-0.795921765,1.542356101,1.857903842,0.282416638,3.181378764,-1.673292469,-3.556342985,40.70366019,3.58978344,2.257757855,1.125741172,0.835700009,0.76100776,0.709609225,0.626002438,0.485491093,0.448306336,0.429627251,0.376956372,0.352638746,0.328856298,0.303935837,0.287692628,0.271312169,0.256099329,0.25176806,0.247248419,0.234859455,0.230680733,0.224785178,0.216647211,0.211827449,0.206455681,0.202719529,0.201109102,0.198895142,0.195418594,3.6601806,-0.040889103
100_711,Conc,100,LL2112_NC_conc.csv,post_iqr,-70.94229711,-13.10831522,12.49651221,-6.89878649,8.521957949,-9.054157374,-5.008334753,5.143627095,8.714811591,0.780606991,-1.723796912,-6.475926868,3.010494837,-0.166713022,-0.394125627,-0.043612286,-0.408446512,3.336266231,6.197405728,1.636157938,-3.224800927,-3.109589631,2.508114793,-1.091411648,-0.602662215,-0.826468234,-0.894192411,-1.674715373,-5.65875791,3.750595413,40.70366019,3.58978344,2.257757855,1.125741172,0.835700009,0.76100776,0.709609225,0.626002438,0.485491093,0.448306336,0.429627251,0.376956372,0.352638746,0.328856298,0.303935837,0.287692628,0.271312169,0.256099329,0.25176806,0.247248419,0.234859455,0.230680733,0.224785178,0.216647211,0.211827449,0.206455681,0.202719529,0.201109102,0.198895142,0.195418594,10.994551,5.820757
100_712,Conc,100,LL2112_NC_conc.csv,post_iqr,-73.68704968,-4.530208914,-0.525948708,-7.471677374,4.031600233,10.00982929,3.262473301,-5.887587743,-9.573250162,-8.831931369,-4.063772259,6.247750546,-2.002660604,-1.112560155,-3.179519762,-2.159446662,-2.710676914,2.080581798,4.617233332,-3.552374365,-2.480934156,-9.930502701,-0.530918277,-6.343638708,-5.018705027,-0.257671722,-3.611277874,4.278812767,3.954615619,-5.28923899,40.70366019,3.58978344,2.257757855,1.125741172,0.835700009,0.76100776,0.709609225,0.626002438,0.485491093,0.448306336,0.429627251,0.376956372,0.352638746,0.328856298,0.303935837,0.287692628,0.271312169,0.256099329,0.25176806,0.247248419,0.234859455,0.230680733,0.224785178,0.216647211,0.211827449,0.206455681,0.202719529,0.201109102,0.198895142,0.195418594,11.790475,4.8036814
100_713,Conc,100,LL2112_NC_conc.csv,post_iqr,20.39853865,0.980171049,-1.677896632,-10.47659942,0.697211953,7.113905569,-0.630553773,5.645414854,-4.664903792,2.827348638,-8.016423825,-1.082933057,9.622435825,-7.128243865,1.320577084,-2.404963931,5.100578643,1.135694151,-0.714702478,5.291180734,1.145043501,0.847446935,0.399822389,-3.69460031,-1.506848468,0.39190703,4.320854775,1.385090153,-2.41645575,-1.79002204,40.70366019,3.58978344,2.257757855,1.125741172,0.835700009,0.76100776,0.709609225,0.626002438,0.485491093,0.448306336,0.429627251,0.376956372,0.352638746,0.328856298,0.303935837,0.287692628,0.271312169,0.256099329,0.25176806,0.247248419,0.234859455,0.230680733,0.224785178,0.216647211,0.211827449,0.206455681,0.202719529,0.201109102,0.198895142,0.195418594,3.4118345,0.7202125
100_714,Conc,100,LL2112_NC_conc.csv,post_iqr,-84.95544543,2.442752476,1.008981746,5.569266406,2.760173181,-1.87970826,-5.791024174,-4.275090625,-2.862556158,0.973117491,-10.3788125,-1.896509673,4.347181091,-4.340370462,-5.62466499,-2.465365767,-1.042008491,-1.649507073,-4.264616966,1.050851286,6.121085228,-2.388827872,-1.532016337,6.444127489,-3.674377982,-5.717005572,-2.385209592,5.404939657,8.012430609,0.262271784,40.70366019,3.58978344,2.257757855,1.125741172,0.835700009,0.76100776,0.709609225,0.626002438,0.485491093,0.448306336,0.429627251,0.376956372,0.352638746,0.328856298,0.303935837,0.287692628,0.271312169,0.256099329,0.25176806,0.247248419,0.234859455,0.230680733,0.224785178,0.216647211,0.211827449,0.206455681,0.202719529,0.201109102,0.198895142,0.195418594,12.031109,6.1235366
100_715,Conc,100,LL2112_NC_conc.csv,post_iqr,23.32104542,13.74749879,-4.789508797,-6.110004343,-7.922110932,1.454148568,-5.043356209,2.876063674,-0.372166768,1.459016878,2.002794656,-1.869410288,8.080873481,-2.603867727,1.089528698,-6.481515812,2.396074987,2.790200033,-2.493781159,-0.878756138,-3.550162296,3.579920769,1.386041843,-2.592267827,0.793298768,-2.139985741,0.482941063,1.958379443,-3.844968497,-0.356736001,40.70366019,3.58978344,2.257757855,1.125741172,0.835700009,0.76100776,0.709609225,0.626002438,0.485491093,0.448306336,0.429627251,0.376956372,0.352638746,0.328856298,0.303935837,0.287692628,0.271312169,0.256099329,0.25176806,0.247248419,0.234859455,0.230680733,0.224785178,0.216647211,0.211827449,0.206455681,0.202719529,0.201109102,0.198895142,0.195418594,3.6095955,0.6304922
100_716,Conc,100,LL2112_NC_conc.csv,post_iqr,-57.73151461,-4.449585956,-5.813096971,-9.497592699,6.408710119,4.482424381,-1.53677954,6.063770026,-2.727287642,-11.65880502,-5.118730849,4.663930411,1.194235923,3.51880908,-5.869262768,9.055801473,-4.148435223,-0.466221715,-5.687241102,-3.874513375,-1.229428672,-4.697653204,-0.083872762,-3.829901085,-2.634170654,1.980321619,-7.157184184,-3.811636123,2.052262733,5.040534706,40.70366019,3.58978344,2.257757855,1.125741172,0.835700009,0.76100776,0.709609225,0.626002438,0.485491093,0.448306336,0.429627251,0.376956372,0.352638746,0.328856298,0.303935837,0.287692628,0.271312169,0.256099329,0.25176806,0.247248419,0.234859455,0.230680733,0.224785178,0.216647211,0.211827449,0.206455681,0.202719529,0.201109102,0.198895142,0.195418594,10.666729,4.4303265
100_717,Conc,100,LL2112_NC_conc.csv,post_iqr,21.10991469,15.45398542,-0.56168934,3.936430684,0.799940239,-6.2530657,-2.172011571,0.675733311,-5.43886053,-2.770121057,-0.976141667,2.959973077,-2.01243528,-0.584383071,-1.648916026,1.629040157,0.01115875,1.4666366,3.533230906,0.055650641,-4.163739406,-0.995643682,4.215957319,-3.344906244,-1.182000997,-4.161808225,1.354245715,2.3152259,-1.458674791,0.859430699,40.70366019,3.58978344,2.257757855,1.125741172,0.835700009,0.76100776,0.709609225,0.626002438,0.485491093,0.448306336,0.429627251,0.376956372,0.352638746,0.328856298,0.303935837,0.287692628,0.271312169,0.256099329,0.25176806,0.247248419,0.234859455,0.230680733,0.224785178,0.216647211,0.211827449,0.206455681,0.202719529,0.201109102,0.198895142,0.195418594,2.1681252,-1.779587
100_718,Conc,100,LL2112_NC_conc.csv,post_iqr,17.55702034,15.32339261,-19.46859731,-4.193921855,10.49877573,-3.706403136,0.284444849,-1.32004859,-6.915695281,0.785372353,-5.472765682,1.389575893,-0.099050994,-3.656773111,-1.516915196,-2.173727152,4.151451362,0.892082368,-2.972478856,0.548085578,-4.207925845,3.594606057,-8.787286286,-7.882167354,-4.274007905,-0.300337678,-1.986754865,0.326719354,1.457754981,0.773968667,40.70366019,3.58978344,2.257757855,1.125741172,0.835700009,0.76100776,0.709609225,0.626002438,0.485491093,0.448306336,0.429627251,0.376956372,0.352638746,0.328856298,0.303935837,0.287692628,0.271312169,0.256099329,0.25176806,0.247248419,0.234859455,0.230680733,0.224785178,0.216647211,0.211827449,0.206455681,0.202719529,0.201109102,0.198895142,0.195418594,2.090291,0.15392564
100_719,Conc,100,LL2112_NC_conc.csv,post_iqr,19.51376094,4.516502174,-7.602063369,-10.4572511,2.070268567,-3.325174264,-2.881975526,-0.170983418,-2.438908088,4.368042689,-9.275701838,2.995410678,-2.080993485,-2.712382894,1.866458109,3.909551316,-1.884013726,-2.622621622,2.138511531,1.37951704,0.46726443,-1.737146119,2.487913464,-0.331907768,1.009254189,-0.945770337,0.053116306,-0.053865137,-0.657199675,1.713293433,40.70366019,3.58978344,2.257757855,1.125741172,0.835700009,0.76100776,0.709609225,0.626002438,0.485491093,0.448306336,0.429627251,0.376956372,0.352638746,0.328856298,0.303935837,0.287692628,0.271312169,0.256099329,0.25176806,0.247248419,0.234859455,0.230680733,0.224785178,0.216647211,0.211827449,0.206455681,0.202719529,0.201109102,0.198895142,0.195418594,3.7193472,-0.031779982
100_720,Conc,100,LL2112_NC_conc.csv,post_iqr,29.16047659,9.284407219,9.680615514,2.046784043,-1.711836828,1.382008162,2.433407678,-4.988315587,0.277540132,-3.62115069,-0.808556852,-3.78743387,1.701328262,-0.423466561,-0.530216134,-0.806497415,-0.225814809,4.211662911,1.197024871,-1.015401265,-1.129592779,-0.095290702,-1.238685703,0.028863277,-0.170901933,-1.807200375,-1.443649078,-0.245896493,1.293236933,-2.345521352,40.70366019,3.58978344,2.257757855,1.125741172,0.835700009,0.76100776,0.709609225,0.626002438,0.485491093,0.448306336,0.429627251,0.376956372,0.352638746,0.328856298,0.303935837,0.287692628,0.271312169,0.256099329,0.25176806,0.247248419,0.234859455,0.230680733,0.224785178,0.216647211,0.211827449,0.206455681,0.202719529,0.201109102,0.198895142,0.195418594,1.9210027,-0.7824757
100_721,Conc,100,LL2112_NC_conc.csv,post_iqr,30.71205311,6.43353921,5.685243166,-3.46716027,-1.789056636,1.10760155,1.418599551,-3.120684139,-2.951124268,-1.168020052,-6.226670395,-4.002998623,1.672189145,1.266039248,-2.97983443,0.482813276,-1.480981707,3.717030977,0.776404283,-1.969763057,-0.841472984,-3.116745457,0.208565477,1.309046176,0.135306061,-2.706025953,-0.26715915,-0.998584495,0.116195597,-0.779075752,40.70366019,3.58978344,2.257757855,1.125741172,0.835700009,0.76100776,0.709609225,0.626002438,0.485491093,0.448306336,0.429627251,0.376956372,0.352638746,0.328856298,0.303935837,0.287692628,0.271312169,0.256099329,0.25176806,0.247248419,0.234859455,0.230680733,0.224785178,0.216647211,0.211827449,0.206455681,0.202719529,0.201109102,0.198895142,0.195418594,2.1798983,0.086645216
100_722,Conc,100,LL2112_NC_conc.csv,post_iqr,24.84429231,3.51993753,2.279499341,-0.820759544,2.367419429,0.288341977,-7.273942453,3.107398547,0.260500879,2.987645644,-4.515015734,5.051687439,-1.064255843,0.342549158,1.014472849,3.544766219,-2.374077369,-2.460558929,3.89516658,1.870084832,-1.19240192,-1.990264009,3.20209162,-0.445851735,-0.52963535,3.133753559,2.958192848,-2.176198738,-0.230213031,-1.04421795,40.70366019,3.58978344,2.257757855,1.125741172,0.835700009,0.76100776,0.709609225,0.626002438,0.485491093,0.448306336,0.429627251,0.376956372,0.352638746,0.328856298,0.303935837,0.287692628,0.271312169,0.256099329,0.25176806,0.247248419,0.234859455,0.230680733,0.224785178,0.216647211,0.211827449,0.206455681,0.202719529,0.201109102,0.198895142,0.195418594,3.327189,-0.76508665
100_723,Conc,100,LL2112_NC_conc.csv,post_iqr,19.37179209,22.36964691,-8.866871004,4.771567658,11.18713911,-1.275757331,2.75810326,-2.528253558,-4.773826527,-4.766491262,-0.024191259,0.839179898,0.64186174,-2.706455645,2.265133172,-3.735338742,2.680780783,2.582875315,2.1067601,-0.513120839,-2.236490204,5.264521474,-2.282417999,-4.104594995,3.711314876,-1.651606907,-3.07476145,4.612659695,1.4168089,-1.110595515,40.70366019,3.58978344,2.257757855,1.125741172,0.835700009,0.76100776,0.709609225,0.626002438,0.485491093,0.448306336,0.429627251,0.376956372,0.352638746,0.328856298,0.303935837,0.287692628,0.271312169,0.256099329,0.25176806,0.247248419,0.234859455,0.230680733,0.224785178,0.216647211,0.211827449,0.206455681,0.202719529,0.201109102,0.198895142,0.195418594,1.806916,-1.3977313
100_724,Conc,100,LL2112_NC_conc.csv,post_iqr,-69.42126955,10.99518793,-0.812089329,9.960578264,5.198113959,-6.284543276,0.554890875,-2.342681242,-10.06975151,-2.202402076,-5.831154829,6.271761704,0.356155083,12.36277972,-3.666872825,-8.164348929,2.546011324,7.126761884,-1.106272884,-4.698114141,5.879422409,-4.491821297,-0.339038675,-5.318430904,11.25438539,-5.435632858,2.557050928,-3.526388587,-3.565767969,-2.199054198,40.70366019,3.58978344,2.257757855,1.125741172,0.835700009,0.76100776,0.709609225,0.626002438,0.485491093,0.448306336,0.429627251,0.376956372,0.352638746,0.328856298,0.303935837,0.287692628,0.271312169,0.256099329,0.25176806,0.247248419,0.234859455,0.230680733,0.224785178,0.216647211,0.211827449,0.206455681,0.202719529,0.201109102,0.198895142,0.195418594,11.556342,5.1280866
100_725,Conc,100,LL2112_NC_conc.csv,post_iqr,24.13126185,14.38775634,1.996023295,3.292349881,6.170917502,1.852118586,0.983308665,-2.458853213,-2.679744181,-2.737393079,-4.790135679,1.197266553,1.30668881,0.200775227,-1.571136761,0.849221431,-1.184934918,2.606316092,1.733469368,-0.826302107,-1.087237906,1.702564011,-2.634623129,-5.292068104,0.808780887,-2.748184167,1.899201938,0.483214286,1.320853138,3.159353108,40.70366019,3.58978344,2.257757855,1.125741172,0.835700009,0.76100776,0.709609225,0.626002438,0.485491093,0.448306336,0.429627251,0.376956372,0.352638746,0.328856298,0.303935837,0.287692628,0.271312169,0.256099329,0.25176806,0.247248419,0.234859455,0.230680733,0.224785178,0.216647211,0.211827449,0.206455681,0.202719529,0.201109102,0.198895142,0.195418594,2.2447176,-1.1854486
100_726,Conc,100,LL2112_NC_conc.csv,post_iqr,-62.33556997,-1.000592095,7.884663857,-9.577171048,-2.584952302,-0.266307373,7.321807908,4.001566783,-6.001572164,-4.007589327,-4.808158939,-8.259178777,5.102753535,7.064846262,0.811120863,3.533538509,-3.985514475,-1.460186096,-0.166176939,-2.139945599,3.221200892,-1.636209201,6.819264246,2.609085122,-0.731238511,-2.260841514,-8.740528279,5.611633037,2.676750674,-0.98853308,40.70366019,3.58978344,2.257757855,1.125741172,0.835700009,0.76100776,0.709609225,0.626002438,0.485491093,0.448306336,0.429627251,0.376956372,0.352638746,0.328856298,0.303935837,0.287692628,0.271312169,0.256099329,0.25176806,0.247248419,0.234859455,0.230680733,0.224785178,0.216647211,0.211827449,0.206455681,0.202719529,0.201109102,0.198895142,0.195418594,10.790288,4.414078
100_727,Conc,100,LL2112_NC_conc.csv,post_iqr,27.75302293,6.662368543,0.629373032,-10.40893776,-5.701563144,-1.905045673,-4.51472476,0.116516559,0.406821073,4.083192385,-3.502105135,1.555194816,2.740989074,4.047019153,-2.413611918,0.512061752,-0.654722084,-0.69182566,0.842928767,-0.475603022,-1.832127068,-2.380500857,2.699369672,0.906675804,1.281920504,1.35965229,-1.956982933,1.549062667,-0.925688183,-1.760840203,40.70366019,3.58978344,2.257757855,1.125741172,0.835700009,0.76100776,0.709609225,0.626002438,0.485491093,0.448306336,0.429627251,0.376956372,0.352638746,0.328856298,0.303935837,0.287692628,0.271312169,0.256099329,0.25176806,0.247248419,0.234859455,0.230680733,0.224785178,0.216647211,0.211827449,0.206455681,0.202719529,0.201109102,0.198895142,0.195418594,3.4811184,0.28768432
100_729,Conc,100,LL2112_NC_conc.csv,post_iqr,23.39088156,20.24370064,-2.106083447,4.224507293,5.770390109,0.190902903,1.827402309,-0.988427153,-7.013777446,-4.844005216,-6.703399439,0.270437417,3.637092601,-2.029934366,1.607332279,-0.526657554,-0.679828452,3.08598408,3.538089192,1.000959032,3.540810342,1.425311412,-0.910538445,-2.479413523,1.841935917,0.46675542,-0.596737072,5.493806591,0.255783886,1.574090994,40.70366019,3.58978344,2.257757855,1.125741172,0.835700009,0.76100776,0.709609225,0.626002438,0.485491093,0.448306336,0.429627251,0.376956372,0.352638746,0.328856298,0.303935837,0.287692628,0.271312169,0.256099329,0.25176806,0.247248419,0.234859455,0.230680733,0.224785178,0.216647211,0.211827449,0.206455681,0.202719529,0.201109102,0.198895142,0.195418594,2.0980058,-1.4572593
100_730,Conc,100,LL2112_NC_conc.csv,post_iqr,-46.5640503,-1.538002794,12.97854132,-11.6283091,9.054755572,-15.48868195,8.183456934,13.6462356,5.107395749,3.23462247,-9.488561232,-10.37583662,1.67011995,5.546773015,2.067158624,-1.246277357,-3.653131057,-1.882406565,2.502443664,4.166776625,-2.019812597,-0.36688054,-3.890958283,-5.192035202,0.111701649,0.248590546,3.110853031,4.772533731,-2.520766822,-2.399722331,40.70366019,3.58978344,2.257757855,1.125741172,0.835700009,0.76100776,0.709609225,0.626002438,0.485491093,0.448306336,0.429627251,0.376956372,0.352638746,0.328856298,0.303935837,0.287692628,0.271312169,0.256099329,0.25176806,0.247248419,0.234859455,0.230680733,0.224785178,0.216647211,0.211827449,0.206455681,0.202719529,0.201109102,0.198895142,0.195418594,9.946057,4.6936073
100_731,Conc,100,LL2112_NC_conc.csv,post_iqr,22.51457391,13.27218508,-7.748911369,-7.800832537,7.719224194,0.114844622,0.575696145,0.69373082,-7.905859686,-3.697634332,-4.408212092,-1.295643474,-0.796053324,1.145112627,0.120788229,1.030703797,0.130898917,4.338139027,3.02842986,0.603563011,-4.6149935,-0.67923342,-0.969625976,-2.564031817,1.753505871,0.796206099,-0.451337905,1.144074851,-1.07025293,2.203696735,40.70366019,3.58978344,2.257757855,1.125741172,0.835700009,0.76100776,0.709609225,0.626002438,0.485491093,0.448306336,0.429627251,0.376956372,0.352638746,0.328856298,0.303935837,0.287692628,0.271312169,0.256099329,0.25176806,0.247248419,0.234859455,0.230680733,0.224785178,0.216647211,0.211827449,0.206455681,0.202719529,0.201109102,0.198895142,0.195418594,1.7583872,-0.1731127
100_732,Conc,100,LL2112_NC_conc.csv,post_iqr,-67.2350844,-9.888202138,12.26901806,-3.932360434,-0.572404345,-8.922218098,-5.357259522,2.649413153,8.553949115,4.331963206,2.262784866,-4.034726686,4.35667401,-2.851635546,-1.91906907,9.539732895,1.063815451,-1.361839339,4.090120558,-1.139756613,-2.871753922,-2.788493977,3.092598593,2.365274985,0.48562647,-2.887677247,-3.208082787,-1.070754934,-8.118085095,4.129863496,40.70366019,3.58978344,2.257757855,1.125741172,0.835700009,0.76100776,0.709609225,0.626002438,0.485491093,0.448306336,0.429627251,0.376956372,0.352638746,0.328856298,0.303935837,0.287692628,0.271312169,0.256099329,0.25176806,0.247248419,0.234859455,0.230680733,0.224785178,0.216647211,0.211827449,0.206455681,0.202719529,0.201109102,0.198895142,0.195418594,10.930973,5.7970657
100_733,Conc,100,LL2112_NC_conc.csv,post_iqr,-69.81903157,5.010084041,-6.648004594,-2.336810359,1.059814497,1.004093002,3.874937044,-4.48119878,-7.330832437,-2.169974191,-1.57797076,-7.144694063,-0.618126867,4.794099734,-1.270033976,-3.874935295,-3.588092307,7.783540805,-0.245166694,-0.953393797,-3.917823473,-2.742220279,1.827809639,-3.096123183,-4.830157402,-2.998070106,2.059717116,-1.179384376,7.64203675,-4.718040958,40.70366019,3.58978344,2.257757855,1.125741172,0.835700009,0.76100776,0.709609225,0.626002438,0.485491093,0.448306336,0.429627251,0.376956372,0.352638746,0.328856298,0.303935837,0.287692628,0.271312169,0.256099329,0.25176806,0.247248419,0.234859455,0.230680733,0.224785178,0.216647211,0.211827449,0.206455681,0.202719529,0.201109102,0.198895142,0.195418594,11.693464,4.924052
100_734,Conc,100,LL2112_NC_conc.csv,post_iqr,24.24715755,10.59113422,3.22905422,2.118635144,1.850742089,-2.981257811,-9.190609191,2.292605965,-1.460380432,1.853208715,-0.675224356,3.261003748,6.038195016,0.917559254,-3.597997388,2.565019232,-1.545683752,0.716716587,2.149968652,0.16515542,-1.023282026,0.747035785,-1.528472823,2.807769,-1.387047017,1.807306692,-1.196297034,-1.350759547,0.526181169,-3.065696654,40.70366019,3.58978344,2.257757855,1.125741172,0.835700009,0.76100776,0.709609225,0.626002438,0.485491093,0.448306336,0.429627251,0.376956372,0.352638746,0.328856298,0.303935837,0.287692628,0.271312169,0.256099329,0.25176806,0.247248419,0.234859455,0.230680733,0.224785178,0.216647211,0.211827449,0.206455681,0.202719529,0.201109102,0.198895142,0.195418594,3.113163,-1.4036337
100_735,Conc,100,LL2112_NC_conc.csv,post_iqr,18.29094487,12.67700725,-8.272063838,-4.145682221,-4.397371136,-5.081789918,-5.68624785,2.070847029,-5.244616907,-3.95502393,6.814806636,7.76734232,4.170345602,-3.321939381,1.384273443,-2.498325596,2.469242505,-2.461026207,3.122991084,3.466717722,-2.437574276,0.118670426,-2.778474158,-0.674989475,1.655323764,3.081535207,-5.855423039,-2.451957621,-1.905230406,0.546468206,40.70366019,3.58978344,2.257757855,1.125741172,0.835700009,0.76100776,0.709609225,0.626002438,0.485491093,0.448306336,0.429627251,0.376956372,0.352638746,0.328856298,0.303935837,0.287692628,0.271312169,0.256099329,0.25176806,0.247248419,0.234859455,0.230680733,0.224785178,0.216647211,0.211827449,0.206455681,0.202719529,0.201109102,0.198895142,0.195418594,2.436162,-1.895849
100_736,Conc,100,LL2112_NC_conc.csv,post_iqr,-74.53508495,-4.864402173,20.98184415,3.26630371,-3.355452389,-0.186976928,-5.209364817,2.761878095,-1.461126151,6.115766076,2.623974834,4.899730144,3.421673032,-3.056214456,1.938025985,0.477528167,2.278193974,-0.091247099,7.270828997,-3.56457049,-1.346146412,1.477520563,2.992933074,2.278387392,-0.063066531,2.292851221,-0.926799527,-2.963058262,-2.308936111,-2.304013345,40.70366019,3.58978344,2.257757855,1.125741172,0.835700009,0.76100776,0.709609225,0.626002438,0.485491093,0.448306336,0.429627251,0.376956372,0.352638746,0.328856298,0.303935837,0.287692628,0.271312169,0.256099329,0.25176806,0.247248419,0.234859455,0.230680733,0.224785178,0.216647211,0.211827449,0.206455681,0.202719529,0.201109102,0.198895142,0.195418594,11.506258,5.640865
100_737,Conc,100,LL2112_NC_conc.csv,post_iqr,23.28892684,7.20242512,0.683471851,3.006192489,0.510107776,-2.009855979,3.744681198,-1.517953206,-6.22864664,-3.256181235,-10.21591287,-0.686619576,-0.741580251,0.264317152,-0.620315699,3.51019245,-0.85905665,0.405880109,5.258851737,0.883314489,0.745582165,-0.774282723,4.387700874,2.370698302,-1.777822684,-2.360330981,-0.83809195,0.557948661,1.66635525,-0.485632022,40.70366019,3.58978344,2.257757855,1.125741172,0.835700009,0.76100776,0.709609225,0.626002438,0.485491093,0.448306336,0.429627251,0.376956372,0.352638746,0.328856298,0.303935837,0.287692628,0.271312169,0.256099329,0.25176806,0.247248419,0.234859455,0.230680733,0.224785178,0.216647211,0.211827449,0.206455681,0.202719529,0.201109102,0.198895142,0.195418594,1.690848,-0.25443387
100_738,Conc,100,LL2112_NC_conc.csv,post_iqr,-81.681657,2.84722305,-4.417003948,5.613832215,-2.408428166,-1.163137982,-9.226414845,0.574162757,-0.549042056,8.665613847,-1.13529217,-0.800823616,6.786382487,1.266028522,0.610711499,1.527413427,2.19723755,-0.002217294,-1.035621338,-2.351769218,4.296908105,-0.960462049,1.268125395,0.480081715,4.548616101,4.001266274,-3.80195859,-0.228516201,-6.890383248,4.961832866,40.70366019,3.58978344,2.257757855,1.125741172,0.835700009,0.76100776,0.709609225,0.626002438,0.485491093,0.448306336,0.429627251,0.376956372,0.352638746,0.328856298,0.303935837,0.287692628,0.271312169,0.256099329,0.25176806,0.247248419,0.234859455,0.230680733,0.224785178,0.216647211,0.211827449,0.206455681,0.202719529,0.201109102,0.198895142,0.195418594,11.924486,5.3849807
100_740,Conc,100,LL2112_NC_conc.csv,post_iqr,22.13797958,11.01979682,-3.59870776,1.419130143,6.620908418,2.413648329,2.014221538,-1.399701753,1.75633868,4.52636661,-3.501472868,1.427373456,1.296137299,-1.082566048,5.99348054,3.060456731,-1.617267489,2.244136645,-0.381532127,0.057405615,0.436946541,-2.144497627,-2.316664884,-4.305731164,-1.986334127,-0.601742745,2.732033127,1.471046822,-0.504491053,-1.542952248,40.70366019,3.58978344,2.257757855,1.125741172,0.835700009,0.76100776,0.709609225,0.626002438,0.485491093,0.448306336,0.429627251,0.376956372,0.352638746,0.328856298,0.303935837,0.287692628,0.271312169,0.256099329,0.25176806,0.247248419,0.234859455,0.230680733,0.224785178,0.216647211,0.211827449,0.206455681,0.202719529,0.201109102,0.198895142,0.195418594,1.4746842,-0.8151419
100_741,Conc,100,LL2112_NC_conc.csv,post_iqr,26.12107664,6.365857633,-2.598844868,-10.48007243,-3.309273086,0.870837929,3.147646521,-2.273278931,-0.796419898,-1.921142064,-5.614111486,-1.067258957,0.219295184,-2.092688323,1.087056579,-2.45847759,0.387276536,1.677939451,-0.222112393,-0.996857342,-0.417939475,1.085243595,1.03710753,-0.211566028,-1.093331653,-5.549117418,3.058638302,-0.946519753,0.321864871,1.770428142,40.70366019,3.58978344,2.257757855,1.125741172,0.835700009,0.76100776,0.709609225,0.626002438,0.485491093,0.448306336,0.429627251,0.376956372,0.352638746,0.328856298,0.303935837,0.287692628,0.271312169,0.256099329,0.25176806,0.247248419,0.234859455,0.230680733,0.224785178,0.216647211,0.211827449,0.206455681,0.202719529,0.201109102,0.198895142,0.195418594,2.1510663,0.42177117
100_742,Conc,100,LL2112_NC_conc.csv,post_iqr,-67.53680104,1.059091482,11.72842154,-4.422573907,14.14342734,-12.68510432,-0.311789489,1.755324312,-2.180542586,-1.425804699,-2.608200954,-3.440628187,3.102919552,-4.576341068,0.642550924,3.965628933,-0.301309417,1.860306496,1.789686066,4.220847818,-2.96959821,-7.794633769,-2.772247153,3.076266289,7.128049917,-1.062814026,2.977808819,4.824766323,-0.840840484,6.673878376,40.70366019,3.58978344,2.257757855,1.125741172,0.835700009,0.76100776,0.709609225,0.626002438,0.485491093,0.448306336,0.429627251,0.376956372,0.352638746,0.328856298,0.303935837,0.287692628,0.271312169,0.256099329,0.25176806,0.247248419,0.234859455,0.230680733,0.224785178,0.216647211,0.211827449,0.206455681,0.202719529,0.201109102,0.198895142,0.195418594,10.772624,5.4532275
100_743,Conc,100,LL2112_NC_conc.csv,post_iqr,29.42256114,1.463954675,5.069342546,-5.44341954,2.57275334,0.904294683,0.893666177,0.234756217,-4.296042857,-5.934798819,-7.596328576,2.374097375,0.158427519,-0.157639805,-1.822962544,-3.70412491,-2.418349477,2.148398742,2.798418033,1.393804138,-1.857667646,-2.684738181,5.083925996,-0.436144726,4.193762858,-0.600049137,-0.647671782,-0.215173086,-0.498321728,1.645147617,40.70366019,3.58978344,2.257757855,1.125741172,0.835700009,0.76100776,0.709609225,0.626002438,0.485491093,0.448306336,0.429627251,0.376956372,0.352638746,0.328856298,0.303935837,0.287692628,0.271312169,0.256099329,0.25176806,0.247248419,0.234859455,0.230680733,0.224785178,0.216647211,0.211827449,0.206455681,0.202719529,0.201109102,0.198895142,0.195418594,2.9190784,0.17988293
100_744,Conc,100,LL2112_NC_conc.csv,post_iqr,23.96136852,19.42172536,5.890809887,12.94979761,-5.057938329,-5.072014817,-5.782606029,1.731640842,-4.754679195,-6.084117253,3.192848397,4.074660003,6.501783191,-1.392487651,-1.9509542,1.085214952,2.376017216,0.382175396,3.167948671,-1.750544753,1.181745717,1.702360683,1.594139504,1.178147732,0.331795587,-0.079294666,-1.548752362,1.691159227,-0.6079576,-0.606722926,40.70366019,3.58978344,2.257757855,1.125741172,0.835700009,0.76100776,0.709609225,0.626002438,0.485491093,0.448306336,0.429627251,0.376956372,0.352638746,0.328856298,0.303935837,0.287692628,0.271312169,0.256099329,0.25176806,0.247248419,0.234859455,0.230680733,0.224785178,0.216647211,0.211827449,0.206455681,0.202719529,0.201109102,0.198895142,0.195418594,1.9647875,-2.2660475
100_745,Conc,100,LL2112_NC_conc.csv,post_iqr,25.15140257,16.24860691,-0.501889189,7.374165736,2.506064281,-4.449323044,0.999220579,-2.712163233,-4.081321642,-4.608141619,-4.432063081,-1.979016262,0.316369521,-0.464672405,-4.188273662,3.569465503,-0.48802305,3.983965941,3.328168686,-1.313747043,-0.864902877,2.596226364,-2.69113078,-0.913889098,-3.328949259,-0.958325316,-1.158805942,3.013361972,0.776694544,-3.837421491,40.70366019,3.58978344,2.257757855,1.125741172,0.835700009,0.76100776,0.709609225,0.626002438,0.485491093,0.448306336,0.429627251,0.376956372,0.352638746,0.328856298,0.303935837,0.287692628,0.271312169,0.256099329,0.25176806,0.247248419,0.234859455,0.230680733,0.224785178,0.216647211,0.211827449,0.206455681,0.202719529,0.201109102,0.198895142,0.195418594,1.8325765,-1.443373
100_746,Conc,100,LL2112_NC_conc.csv,post_iqr,19.84760385,11.88034096,-9.263070143,-6.128555125,-0.885923775,2.146208549,-5.194816606,4.9264232,-4.581667947,-1.290843376,-2.186056907,2.854907595,6.881889683,-2.271488434,-2.919328017,-4.203021062,2.558342033,-2.106912283,-1.951298297,-0.49684598,-1.874926602,-1.457929131,-0.550912725,-3.718936497,2.578107404,-1.088229962,-0.507620865,0.952330906,-1.212967238,0.729352652,40.70366019,3.58978344,2.257757855,1.125741172,0.835700009,0.76100776,0.709609225,0.626002438,0.485491093,0.448306336,0.429627251,0.376956372,0.352638746,0.328856298,0.303935837,0.287692628,0.271312169,0.256099329,0.25176806,0.247248419,0.234859455,0.230680733,0.224785178,0.216647211,0.211827449,0.206455681,0.202719529,0.201109102,0.198895142,0.195418594,2.6856868,0.107246414
100_748,Conc,100,LL2112_NC_conc.csv,post_iqr,-52.416876,5.341088319,-1.297662262,-3.850120099,12.95712859,-14.17740534,14.74677421,17.3706288,8.259483021,8.510265265,-11.72492702,2.500648663,3.546616124,13.01548041,3.413236979,-13.04793607,-5.295899593,4.862714728,6.807763017,2.43892757,-1.86692792,10.27090658,4.762622326,-1.746578331,0.615445121,-8.407109465,-7.360492955,-10.2339668,6.494088351,-9.363425546,40.70366019,3.58978344,2.257757855,1.125741172,0.835700009,0.76100776,0.709609225,0.626002438,0.485491093,0.448306336,0.429627251,0.376956372,0.352638746,0.328856298,0.303935837,0.287692628,0.271312169,0.256099329,0.25176806,0.247248419,0.234859455,0.230680733,0.224785178,0.216647211,0.211827449,0.206455681,0.202719529,0.201109102,0.198895142,0.195418594,9.91658,4.6425195
100_749,Conc,100,LL2112_NC_conc.csv,post_iqr,-20.32654139,17.18385801,-40.94587505,6.374959453,13.41799259,-5.713304425,-4.775184163,2.885555242,9.176373916,-15.09289191,5.726045153,-7.430643844,-28.23788885,-2.817022628,-24.52678119,3.748218081,23.23895081,-0.250558417,-1.302839268,22.56092447,15.20380137,-2.068626342,9.116402472,-2.053601996,-5.789963797,-7.458568452,-14.6540409,-4.047476215,-0.096931637,-4.77332031,40.70366019,3.58978344,2.257757855,1.125741172,0.835700009,0.76100776,0.709609225,0.626002438,0.485491093,0.448306336,0.429627251,0.376956372,0.352638746,0.328856298,0.303935837,0.287692628,0.271312169,0.256099329,0.25176806,0.247248419,0.234859455,0.230680733,0.224785178,0.216647211,0.211827449,0.206455681,0.202719529,0.201109102,0.198895142,0.195418594,3.6234753,-1.5362128
100_750,Conc,100,LL2112_NC_conc.csv,post_iqr,14.94072363,10.89489137,-17.55013256,-9.144886112,7.719540463,-1.780602509,-1.502265959,0.269198255,-5.010144509,1.66830631,-7.703995108,1.679961995,-0.491429892,-2.202216167,-3.859193563,0.795342061,0.558826967,4.338649636,2.289903251,2.969932198,-5.484073093,3.551511958,-0.563654724,1.055993406,1.36315836,1.955720386,-1.471781657,-2.611596207,-3.648923668,2.897070052,40.70366019,3.58978344,2.257757855,1.125741172,0.835700009,0.76100776,0.709609225,0.626002438,0.485491093,0.448306336,0.429627251,0.376956372,0.352638746,0.328856298,0.303935837,0.287692628,0.271312169,0.256099329,0.25176806,0.247248419,0.234859455,0.230680733,0.224785178,0.216647211,0.211827449,0.206455681,0.202719529,0.201109102,0.198895142,0.195418594,3.3122978,-0.6098751
100_751,Conc,100,LL2112_NC_conc.csv,post_iqr,-85.26106839,3.439035228,-10.30151879,9.848681524,-4.259970555,5.040929667,-11.38048601,-9.588683777,4.009259968,-1.437588522,-3.171726295,-3.635002594,9.659900894,2.936300204,-5.000211195,5.622764092,1.642310495,-2.606578248,-1.123639832,10.07105157,5.361454258,3.812646129,-13.52906259,13.49197358,12.0600133,0.1697065,-1.143528644,3.853841758,0.324134033,0.882217215,40.70366019,3.58978344,2.257757855,1.125741172,0.835700009,0.76100776,0.709609225,0.626002438,0.485491093,0.448306336,0.429627251,0.376956372,0.352638746,0.328856298,0.303935837,0.287692628,0.271312169,0.256099329,0.25176806,0.247248419,0.234859455,0.230680733,0.224785178,0.216647211,0.211827449,0.206455681,0.202719529,0.201109102,0.198895142,0.195418594,12.3128,5.7167783
100_752,Conc,100,LL2112_NC_conc.csv,post_iqr,-60.90846788,18.18788321,-35.26169657,21.34760975,-4.505859765,-6.95925119,-1.676249507,30.75794688,9.968660321,-0.668846676,-6.606171953,-15.56161548,3.663227362,15.61483249,1.936969408,-12.88809154,-1.426291989,5.303781211,4.833116816,-9.131216199,-5.889041673,-1.748186795,8.237698797,8.638803004,-0.953193587,7.527525067,6.832983458,0.132429758,-15.93895246,-12.08610896,40.70366019,3.58978344,2.257757855,1.125741172,0.835700009,0.76100776,0.709609225,0.626002438,0.485491093,0.448306336,0.429627251,0.376956372,0.352638746,0.328856298,0.303935837,0.287692628,0.271312169,0.256099329,0.25176806,0.247248419,0.234859455,0.230680733,0.224785178,0.216647211,0.211827449,0.206455681,0.202719529,0.201109102,0.198895142,0.195418594,11.884519,4.9064074
100_753,Conc,100,LL2112_NC_conc.csv,post_iqr,18.68097827,24.23628593,-3.158602911,9.73852065,2.472356145,-4.764677296,6.398326306,-3.065257485,-5.321188809,-5.162174565,-4.111635574,-0.755680671,1.630621623,-3.082236341,1.897725185,4.634422438,2.682660966,-0.282517571,1.476807749,1.94678028,1.807859032,4.90892909,-4.166296028,-5.711620378,0.634644252,0.049809471,1.717259803,0.983601923,2.346165902,-2.106161946,40.70366019,3.58978344,2.257757855,1.125741172,0.835700009,0.76100776,0.709609225,0.626002438,0.485491093,0.448306336,0.429627251,0.376956372,0.352638746,0.328856298,0.303935837,0.287692628,0.271312169,0.256099329,0.25176806,0.247248419,0.234859455,0.230680733,0.224785178,0.216647211,0.211827449,0.206455681,0.202719529,0.201109102,0.198895142,0.195418594,3.179187,-2.302644
100_754,Conc,100,LL2112_NC_conc.csv,post_iqr,23.3694034,6.473527814,3.879677243,-0.039030716,-4.595482696,-4.88483958,-3.670409004,0.3470102,-3.694459408,1.087977039,-4.575867851,1.316888237,4.685005789,1.684313814,-0.819991396,2.246986513,0.151501581,-0.556599964,2.822806058,0.880375017,-0.268676413,-0.25249356,1.78036134,1.243254635,1.812146796,-1.059723751,-2.724756688,-0.464242259,-0.475653192,-2.819186309,40.70366019,3.58978344,2.257757855,1.125741172,0.835700009,0.76100776,0.709609225,0.626002438,0.485491093,0.448306336,0.429627251,0.376956372,0.352638746,0.328856298,0.303935837,0.287692628,0.271312169,0.256099329,0.25176806,0.247248419,0.234859455,0.230680733,0.224785178,0.216647211,0.211827449,0.206455681,0.202719529,0.201109102,0.198895142,0.195418594,2.9140306,-0.66167057
100_755,Conc,100,LL2112_NC_conc.csv,post_iqr,-72.85593703,3.908935625,-19.66100043,6.730793903,5.305774228,0.106185478,-6.447002496,-6.634213837,6.094250578,0.903753378,-0.709179807,-0.634083929,4.944983085,-0.503597101,7.867776207,-5.520215887,-3.779210781,-9.238379175,-6.220286866,-8.308799057,1.19551851,2.370572834,3.031755946,-11.38485568,-13.59190285,-7.64480567,1.296814967,-7.010903611,6.674633662,-0.066874862,40.70366019,3.58978344,2.257757855,1.125741172,0.835700009,0.76100776,0.709609225,0.626002438,0.485491093,0.448306336,0.429627251,0.376956372,0.352638746,0.328856298,0.303935837,0.287692628,0.271312169,0.256099329,0.25176806,0.247248419,0.234859455,0.230680733,0.224785178,0.216647211,0.211827449,0.206455681,0.202719529,0.201109102,0.198895142,0.195418594,12.355082,5.177982
100_757,Conc,100,LL2112_NC_conc.csv,post_iqr,24.9625752,13.82371178,-0.194892159,6.662240548,4.988800718,0.147608399,-5.760702024,1.209940917,-1.546429035,-1.318684873,1.986926283,1.435209313,-1.772565086,-2.94023266,1.240804801,0.508347086,0.266476707,0.981873265,-0.321431171,0.532194968,-2.907353667,0.341671433,0.568678312,-0.569821656,-2.26810302,1.489440818,1.217713816,1.201343359,-1.331236434,-1.346253943,40.70366019,3.58978344,2.257757855,1.125741172,0.835700009,0.76100776,0.709609225,0.626002438,0.485491093,0.448306336,0.429627251,0.376956372,0.352638746,0.328856298,0.303935837,0.287692628,0.271312169,0.256099329,0.25176806,0.247248419,0.234859455,0.230680733,0.224785178,0.216647211,0.211827449,0.206455681,0.202719529,0.201109102,0.198895142,0.195418594,2.8999934,-1.838308
100_758,Conc,100,LL2112_NC_conc.csv,post_iqr,27.85287889,2.999361454,-0.529665386,-2.690355542,-0.242281569,-1.351363322,2.41297656,-4.819704398,4.225149408,4.32108206,-3.633527652,-0.897391461,-4.174537292,1.880180502,-0.877413109,2.12050967,-2.952593239,-0.999685231,-1.825584508,0.073907859,0.653333558,-0.829803434,1.847461639,2.284306214,-2.013000387,-0.988654235,-1.823576011,-0.421074384,-1.408134434,-0.17065255,40.70366019,3.58978344,2.257757855,1.125741172,0.835700009,0.76100776,0.709609225,0.626002438,0.485491093,0.448306336,0.429627251,0.376956372,0.352638746,0.328856298,0.303935837,0.287692628,0.271312169,0.256099329,0.25176806,0.247248419,0.234859455,0.230680733,0.224785178,0.216647211,0.211827449,0.206455681,0.202719529,0.201109102,0.198895142,0.195418594,3.2531936,-0.3719991
100_759,Conc,100,LL2112_NC_conc.csv,post_iqr,-73.20024095,-1.112139797,16.52662344,1.046744329,0.379932166,-10.9789541,-0.82326921,-1.420088362,6.591757852,-0.053953791,2.637760746,-5.78310093,1.359717424,-4.669567547,-1.184969388,-3.347261109,4.415395504,-2.898553071,-9.63584911,-2.672293636,-1.924143263,-1.964475048,2.041834585,-2.3040592,6.858168151,0.139207238,-5.664615156,-0.291349519,0.881389267,-1.396709648,40.70366019,3.58978344,2.257757855,1.125741172,0.835700009,0.76100776,0.709609225,0.626002438,0.485491093,0.448306336,0.429627251,0.376956372,0.352638746,0.328856298,0.303935837,0.287692628,0.271312169,0.256099329,0.25176806,0.247248419,0.234859455,0.230680733,0.224785178,0.216647211,0.211827449,0.206455681,0.202719529,0.201109102,0.198895142,0.195418594,11.284333,5.7835383
100_760,Conc,100,LL2112_NC_conc.csv,post_iqr,-55.18884405,14.17866127,-0.325729963,10.7307142,-7.896228049,14.09906635,1.868498673,6.620860172,-8.859768343,9.056067086,0.893280781,-1.31675286,-9.583028578,-3.516318951,4.285279205,3.254306691,6.280122773,-1.297088796,-0.623919361,9.364673096,-7.259583027,8.08057713,1.802570731,0.492130704,-2.316523676,-6.562281656,-1.389391048,2.551357427,-0.904976434,-0.490187287,40.70366019,3.58978344,2.257757855,1.125741172,0.835700009,0.76100776,0.709609225,0.626002438,0.485491093,0.448306336,0.429627251,0.376956372,0.352638746,0.328856298,0.303935837,0.287692628,0.271312169,0.256099329,0.25176806,0.247248419,0.234859455,0.230680733,0.224785178,0.216647211,0.211827449,0.206455681,0.202719529,0.201109102,0.198895142,0.195418594,11.106619,4.298341
100_761,Conc,100,LL2112_NC_conc.csv,post_iqr,-78.38721777,1.468207856,8.235785677,6.910320312,-0.43590831,2.484963178,-3.533365256,-2.146095238,0.439186566,1.333351356,-0.057086061,0.079744512,-3.905867318,-2.650637808,10.65630452,-2.526206298,-0.158872556,7.125106379,-2.874732743,-3.498459051,4.748326732,3.477371713,0.520339317,4.09896685,-7.410816975,4.13585068,-1.318688989,1.492447525,4.284616628,1.042065743,40.70366019,3.58978344,2.257757855,1.125741172,0.835700009,0.76100776,0.709609225,0.626002438,0.485491093,0.448306336,0.429627251,0.376956372,0.352638746,0.328856298,0.303935837,0.287692628,0.271312169,0.256099329,0.25176806,0.247248419,0.234859455,0.230680733,0.224785178,0.216647211,0.211827449,0.206455681,0.202719529,0.201109102,0.198895142,0.195418594,11.967484,5.7803216
100_762,Conc,100,LL2112_NC_conc.csv,post_iqr,29.45229636,6.020723774,2.777744603,-3.1769901,-7.82896821,-1.991231576,2.006532781,-2.231544161,3.425364136,1.099625612,1.015993588,-4.747371559,-2.598556438,-0.652685659,1.842308053,-2.11597515,1.841012242,0.238696037,-3.064407166,-0.330674746,-2.024130838,0.38313455,1.953479178,-0.067950843,-1.634150581,-1.486560492,0.294355753,0.484040639,-0.19298815,5.133371427,40.70366019,3.58978344,2.257757855,1.125741172,0.835700009,0.76100776,0.709609225,0.626002438,0.485491093,0.448306336,0.429627251,0.376956372,0.352638746,0.328856298,0.303935837,0.287692628,0.271312169,0.256099329,0.25176806,0.247248419,0.234859455,0.230680733,0.224785178,0.216647211,0.211827449,0.206455681,0.202719529,0.201109102,0.198895142,0.195418594,1.4424746,-0.32465038
100_763,Conc,100,LL2112_NC_conc.csv,post_iqr,-42.90350301,-0.271172398,15.04980392,-12.8158245,2.889063385,-12.08920231,11.92791512,11.97689948,3.839025773,-5.076416111,5.765393603,-2.762993346,-1.421648843,4.267613098,1.812405143,-0.865566592,1.736141574,-3.583605547,-1.138792223,2.378225553,-4.288080139,-7.099273887,-5.226985632,-4.025463265,-3.636934387,1.583118772,-1.120383048,3.556160131,-7.574910725,0.988565297,40.70366019,3.58978344,2.257757855,1.125741172,0.835700009,0.76100776,0.709609225,0.626002438,0.485491093,0.448306336,0.429627251,0.376956372,0.352638746,0.328856298,0.303935837,0.287692628,0.271312169,0.256099329,0.25176806,0.247248419,0.234859455,0.230680733,0.224785178,0.216647211,0.211827449,0.206455681,0.202719529,0.201109102,0.198895142,0.195418594,10.093351,4.5977554
100_764,Conc,100,LL2112_NC_conc.csv,post_iqr,-65.33485567,11.25132218,2.306868059,14.23359453,3.551463759,5.183499062,-1.841145675,3.963977118,-5.906259178,0.967255769,9.26716867,2.280023238,-2.781208436,0.998748248,2.563721089,0.004129911,0.24244965,-0.597169721,-2.462496204,-3.067086992,-3.617694249,-7.51014469,6.826670048,-3.012740397,0.848517523,3.716312746,1.515263594,1.335576537,-1.06449788,6.285435475,40.70366019,3.58978344,2.257757855,1.125741172,0.835700009,0.76100776,0.709609225,0.626002438,0.485491093,0.448306336,0.429627251,0.376956372,0.352638746,0.328856298,0.303935837,0.287692628,0.271312169,0.256099329,0.25176806,0.247248419,0.234859455,0.230680733,0.224785178,0.216647211,0.211827449,0.206455681,0.202719529,0.201109102,0.198895142,0.195418594,10.960551,4.7885303
100_765,Conc,100,LL2112_NC_conc.csv,post_iqr,22.63404301,4.111434659,-1.625212073,-7.719049308,3.630460849,4.266190217,-2.637386758,0.220571481,0.497403185,-3.04130143,4.439113034,1.049302999,0.770317319,-2.557572421,-1.873365882,-6.387888834,3.103728556,-1.770585634,0.598989701,0.443488551,-1.712162749,0.322735975,3.791328593,2.395175235,3.985971081,2.442330014,-1.679369765,1.175607111,-0.048847971,0.093091369,40.70366019,3.58978344,2.257757855,1.125741172,0.835700009,0.76100776,0.709609225,0.626002438,0.485491093,0.448306336,0.429627251,0.376956372,0.352638746,0.328856298,0.303935837,0.287692628,0.271312169,0.256099329,0.25176806,0.247248419,0.234859455,0.230680733,0.224785178,0.216647211,0.211827449,0.206455681,0.202719529,0.201109102,0.198895142,0.195418594,3.1318493,0.3703863
100_766,Conc,100,LL2112_NC_conc.csv,post_iqr,23.21897525,14.18573628,7.861812217,8.346154691,-12.57293212,-3.842429274,1.594191073,-1.606841063,2.430484985,-5.304712828,3.993987968,2.104789575,-1.121433081,-4.247562354,-0.603612466,1.137908725,1.051510739,0.060872714,-3.99145448,0.560410882,-5.509275416,-1.417985936,-0.408593742,-1.172919786,-2.453407061,0.722949597,0.90532865,-3.402985214,0.531945822,3.012391383,40.70366019,3.58978344,2.257757855,1.125741172,0.835700009,0.76100776,0.709609225,0.626002438,0.485491093,0.448306336,0.429627251,0.376956372,0.352638746,0.328856298,0.303935837,0.287692628,0.271312169,0.256099329,0.25176806,0.247248419,0.234859455,0.230680733,0.224785178,0.216647211,0.211827449,0.206455681,0.202719529,0.201109102,0.198895142,0.195418594,1.748845,-2.0889502
100_767,Conc,100,LL2112_NC_conc.csv,post_iqr,25.45871182,19.91375245,-3.368410574,13.92298411,13.8548994,-0.645643447,7.878624129,-4.125315952,2.093124592,2.621475794,8.792750621,6.450483119,2.946042707,4.651344926,-0.685464946,1.70513124,0.678958258,3.133584127,3.5149922,-1.901925533,0.163590641,0.605307862,1.138472442,-0.046627452,-3.237714895,-1.112519557,1.767991261,2.175277746,-4.782679384,-1.076603538,40.70366019,3.58978344,2.257757855,1.125741172,0.835700009,0.76100776,0.709609225,0.626002438,0.485491093,0.448306336,0.429627251,0.376956372,0.352638746,0.328856298,0.303935837,0.287692628,0.271312169,0.256099329,0.25176806,0.247248419,0.234859455,0.230680733,0.224785178,0.216647211,0.211827449,0.206455681,0.202719529,0.201109102,0.198895142,0.195418594,2.0306792,-1.6388712
100_768,Conc,100,LL2112_NC_conc.csv,post_iqr,26.80763342,15.05409102,9.610444213,11.52236275,-6.912085075,-3.231965251,0.115707301,-0.770218079,3.60389862,-2.409781715,2.662966715,-3.358338534,-1.960952264,1.065878259,0.647068667,1.897986989,1.625005806,2.508953667,-0.760842412,-2.285535306,0.261644999,-0.703757704,-0.183364228,-0.018681732,-2.522805031,-0.770672519,0.954456417,-0.92261372,-1.022541514,0.446676798,40.70366019,3.58978344,2.257757855,1.125741172,0.835700009,0.76100776,0.709609225,0.626002438,0.485491093,0.448306336,0.429627251,0.376956372,0.352638746,0.328856298,0.303935837,0.287692628,0.271312169,0.256099329,0.25176806,0.247248419,0.234859455,0.230680733,0.224785178,0.216647211,0.211827449,0.206455681,0.202719529,0.201109102,0.198895142,0.195418594,1.6175697,-1.9463204
100_769,Conc,100,LL2112_NC_conc.csv,post_iqr,-65.17245261,0.667141775,7.639908497,3.09638859,7.549445916,0.961351104,0.081322016,5.067094813,-1.057297696,-3.068504678,3.815065202,3.481540393,-2.715991835,-2.082431998,2.678631856,-8.33546014,-0.372901401,0.202386738,-4.522163041,-7.06143075,-0.356887299,-1.041760514,-7.552747878,-2.285944706,-2.767693866,3.39414517,0.867339494,-5.099035155,3.66180299,-2.75946691,40.70366019,3.58978344,2.257757855,1.125741172,0.835700009,0.76100776,0.709609225,0.626002438,0.485491093,0.448306336,0.429627251,0.376956372,0.352638746,0.328856298,0.303935837,0.287692628,0.271312169,0.256099329,0.25176806,0.247248419,0.234859455,0.230680733,0.224785178,0.216647211,0.211827449,0.206455681,0.202719529,0.201109102,0.198895142,0.195418594,11.379845,5.179545
100_770,Conc,100,LL2112_NC_conc.csv,post_iqr,-83.57952772,-1.217053668,-5.203294058,8.444769196,-8.598964455,3.200063705,-6.759124396,-13.24771277,6.366595548,-1.58617698,-0.064686154,0.347548705,-3.793712762,-5.842572499,2.613298706,-4.013917264,-6.589992319,-2.795421682,-0.304689215,0.964382992,-3.593020254,1.488575526,-3.991207648,0.666207062,-5.218731799,-2.78476903,2.171325649,-5.271059759,-4.471348613,4.263497735,40.70366019,3.58978344,2.257757855,1.125741172,0.835700009,0.76100776,0.709609225,0.626002438,0.485491093,0.448306336,0.429627251,0.376956372,0.352638746,0.328856298,0.303935837,0.287692628,0.271312169,0.256099329,0.25176806,0.247248419,0.234859455,0.230680733,0.224785178,0.216647211,0.211827449,0.206455681,0.202719529,0.201109102,0.198895142,0.195418594,12.315918,5.779113
100_771,Conc,100,LL2112_NC_conc.csv,post_iqr,25.49182847,3.69547188,5.926709842,-3.009543091,2.187733564,6.404045661,-4.618968948,0.362970576,3.915821718,3.389452538,-1.038787292,-1.469653196,-2.342736083,-2.191388979,2.466596148,0.250194237,-2.300549501,0.818140573,0.617414363,0.203758194,-1.852689338,-3.179892842,0.059081198,-0.613533341,-1.825070232,0.909031595,-0.521116565,-0.330454765,0.303689736,1.777403209,40.70366019,3.58978344,2.257757855,1.125741172,0.835700009,0.76100776,0.709609225,0.626002438,0.485491093,0.448306336,0.429627251,0.376956372,0.352638746,0.328856298,0.303935837,0.287692628,0.271312169,0.256099329,0.25176806,0.247248419,0.234859455,0.230680733,0.224785178,0.216647211,0.211827449,0.206455681,0.202719529,0.201109102,0.198895142,0.195418594,3.1651142,-0.5045561
100_772,Conc,100,LL2112_NC_conc.csv,post_iqr,31.83048709,9.40796934,1.507167423,-4.737887694,3.057413709,3.837183642,6.160138636,-6.311039625,3.02770549,-3.02926628,3.153867981,1.046292535,3.512203727,2.175410213,1.232637959,-1.643717174,-1.754047431,3.79079395,-3.413622305,-0.838861952,-1.069326917,-1.882119054,-3.691184623,2.242562464,-2.33284759,-4.108498059,1.86953058,-3.236857664,-2.149676789,-3.679953893,40.70366019,3.58978344,2.257757855,1.125741172,0.835700009,0.76100776,0.709609225,0.626002438,0.485491093,0.448306336,0.429627251,0.376956372,0.352638746,0.328856298,0.303935837,0.287692628,0.271312169,0.256099329,0.25176806,0.247248419,0.234859455,0.230680733,0.224785178,0.216647211,0.211827449,0.206455681,0.202719529,0.201109102,0.198895142,0.195418594,1.8044906,0.24747352
100_773,Conc,100,LL2112_NC_conc.csv,post_iqr,24.40469221,11.36537737,4.276824246,6.137912575,-3.382920028,-1.346096585,8.840893766,-4.027289189,3.12748741,0.29418996,2.690688347,1.049750009,-1.588928694,-2.440807006,2.895738777,0.724865635,-0.579259151,-3.846252401,-0.685078553,-1.76289846,0.399985492,0.132714271,0.891999843,0.521721935,1.289853272,2.753700175,0.081782094,-1.417381576,-0.57910214,-3.893204722,40.70366019,3.58978344,2.257757855,1.125741172,0.835700009,0.76100776,0.709609225,0.626002438,0.485491093,0.448306336,0.429627251,0.376956372,0.352638746,0.328856298,0.303935837,0.287692628,0.271312169,0.256099329,0.25176806,0.247248419,0.234859455,0.230680733,0.224785178,0.216647211,0.211827449,0.206455681,0.202719529,0.201109102,0.198895142,0.195418594,1.798363,-0.97062826
100_774,Conc,100,LL2112_NC_conc.csv,post_iqr,27.90531404,14.83959223,4.567271545,7.933275538,8.396883764,-0.136344929,-1.510104026,-4.048908841,1.823458193,-1.618073791,-1.062535525,-2.504571177,-3.114368622,1.783671325,-1.24119301,1.427123152,-1.481017643,1.980467522,-2.408384672,-3.022289478,-2.76102437,0.672874062,-2.62603769,0.54316266,-0.253562219,1.081742346,-0.305772818,-2.454036211,-2.464906988,-1.907890788,40.70366019,3.58978344,2.257757855,1.125741172,0.835700009,0.76100776,0.709609225,0.626002438,0.485491093,0.448306336,0.429627251,0.376956372,0.352638746,0.328856298,0.303935837,0.287692628,0.271312169,0.256099329,0.25176806,0.247248419,0.234859455,0.230680733,0.224785178,0.216647211,0.211827449,0.206455681,0.202719529,0.201109102,0.198895142,0.195418594,2.2040732,-1.8144532
100_775,Conc,100,LL2112_NC_conc.csv,post_iqr,27.814276,0.142444579,4.755234499,8.508160591,5.200997121,-1.030965977,-4.677318378,-0.781763287,0.407086914,-5.496478189,4.115689626,2.993953063,-2.187178825,3.606637518,-4.443534036,1.244370067,-1.089981164,-1.449609967,-0.367649077,-3.302472895,-1.125118471,-1.792473853,-0.981107952,1.710044548,-0.282397183,1.804613304,1.613907631,-1.799526615,-3.057859682,0.836253536,40.70366019,3.58978344,2.257757855,1.125741172,0.835700009,0.76100776,0.709609225,0.626002438,0.485491093,0.448306336,0.429627251,0.376956372,0.352638746,0.328856298,0.303935837,0.287692628,0.271312169,0.256099329,0.25176806,0.247248419,0.234859455,0.230680733,0.224785178,0.216647211,0.211827449,0.206455681,0.202719529,0.201109102,0.198895142,0.195418594,3.0565023,-1.2618058
100_776,Conc,100,LL2112_NC_conc.csv,post_iqr,24.67485011,7.20579714,2.479525598,-0.726006419,-7.095427705,-3.894552374,1.859909041,-1.324098867,3.249427766,4.609847678,-0.646906261,-2.392566418,-0.895968638,0.140641485,-1.431053984,1.507705663,3.723509904,-5.2005548,-1.518623562,-4.076573069,-1.318197544,0.889598965,-0.773997394,1.41509798,1.892718924,2.073478457,1.95779153,-0.438943169,-0.184110976,-0.482209434,40.70366019,3.58978344,2.257757855,1.125741172,0.835700009,0.76100776,0.709609225,0.626002438,0.485491093,0.448306336,0.429627251,0.376956372,0.352638746,0.328856298,0.303935837,0.287692628,0.271312169,0.256099329,0.25176806,0.247248419,0.234859455,0.230680733,0.224785178,0.216647211,0.211827449,0.206455681,0.202719529,0.201109102,0.198895142,0.195418594,2.4206736,-0.46857554
100_777,Conc,100,LL2112_NC_conc.csv,post_iqr,26.35104106,5.405311897,2.554507386,-3.779224328,-5.870673218,-3.123153944,-0.026523353,-1.434920784,2.735674284,3.619398962,-2.997980081,-2.571022681,-2.436109606,1.822483857,-0.791890738,3.012065958,0.125019339,-2.597620936,-1.921093041,-1.260133116,-1.460158381,-1.814925304,1.596077216,0.534807979,-0.638157116,1.639352221,-0.45337032,0.201039635,0.311337702,-0.62008904,40.70366019,3.58978344,2.257757855,1.125741172,0.835700009,0.76100776,0.709609225,0.626002438,0.485491093,0.448306336,0.429627251,0.376956372,0.352638746,0.328856298,0.303935837,0.287692628,0.271312169,0.256099329,0.25176806,0.247248419,0.234859455,0.230680733,0.224785178,0.216647211,0.211827449,0.206455681,0.202719529,0.201109102,0.198895142,0.195418594,3.7312152,0.0972751
100_778,Conc,100,LL2112_NC_conc.csv,post_iqr,31.07094499,-0.721965848,7.385072128,0.034745094,1.562618194,4.372698419,-2.043271179,-1.287861231,1.839447823,0.607843488,-0.358146951,-1.811902285,-1.078600414,2.466392334,-3.942136446,-0.564708617,-3.596710562,-0.414257728,-2.587457711,-1.347673368,0.477916169,-2.571166038,-2.321315425,-1.62075222,-1.385036504,0.792931658,1.881350051,-1.57050948,-0.810988433,-0.286572419,40.70366019,3.58978344,2.257757855,1.125741172,0.835700009,0.76100776,0.709609225,0.626002438,0.485491093,0.448306336,0.429627251,0.376956372,0.352638746,0.328856298,0.303935837,0.287692628,0.271312169,0.256099329,0.25176806,0.247248419,0.234859455,0.230680733,0.224785178,0.216647211,0.211827449,0.206455681,0.202719529,0.201109102,0.198895142,0.195418594,3.2044942,-0.19823742
100_779,Conc,100,LL2112_NC_conc.csv,post_iqr,22.14788294,15.97496287,-12.65169377,-3.649100101,14.22937161,3.123459877,9.18465432,-4.074941855,2.519302596,3.034199321,9.204179511,7.737285378,4.19985044,3.056931069,3.235597287,-0.507839718,1.049676932,-1.985276881,5.502753139,-3.429050622,1.557049765,-1.507028904,4.513275624,-3.814700734,0.640847872,0.512543901,-2.784288675,0.064059981,-3.216672008,3.610258207,40.70366019,3.58978344,2.257757855,1.125741172,0.835700009,0.76100776,0.709609225,0.626002438,0.485491093,0.448306336,0.429627251,0.376956372,0.352638746,0.328856298,0.303935837,0.287692628,0.271312169,0.256099329,0.25176806,0.247248419,0.234859455,0.230680733,0.224785178,0.216647211,0.211827449,0.206455681,0.202719529,0.201109102,0.198895142,0.195418594,1.276529,-1.1285284
100_780,Conc,100,LL2112_NC_conc.csv,post_iqr,26.86186599,15.80172908,4.420946922,5.073189668,-2.095998434,-3.337383555,-1.054713413,-0.477414039,-0.405484236,-7.145855888,4.257448038,4.020066816,-1.023214752,1.85554866,2.019671505,-0.539427581,-0.238555189,1.205464003,0.40426077,-0.464944778,4.042316177,-1.083074706,2.797461902,1.108564885,-1.642928332,-1.998534184,0.836001834,0.819849029,0.51098117,-2.317263923,40.70366019,3.58978344,2.257757855,1.125741172,0.835700009,0.76100776,0.709609225,0.626002438,0.485491093,0.448306336,0.429627251,0.376956372,0.352638746,0.328856298,0.303935837,0.287692628,0.271312169,0.256099329,0.25176806,0.247248419,0.234859455,0.230680733,0.224785178,0.216647211,0.211827449,0.206455681,0.202719529,0.201109102,0.198895142,0.195418594,2.1913183,-2.0054696
100_781,Conc,100,LL2112_NC_conc.csv,post_iqr,23.47756143,5.066759418,1.679224238,0.351496533,5.841681699,2.226623058,-2.956823616,-0.746966208,3.81127392,2.63940357,-0.202954937,1.531661557,-5.738815517,-0.032727339,1.776927385,1.35608461,-0.276494355,-2.149082976,1.405420811,-1.529168094,-2.252872483,-3.281273588,0.802909649,0.132085029,1.496497254,1.564719976,-0.863589507,-1.395347307,-1.255351127,-4.12840612,40.70366019,3.58978344,2.257757855,1.125741172,0.835700009,0.76100776,0.709609225,0.626002438,0.485491093,0.448306336,0.429627251,0.376956372,0.352638746,0.328856298,0.303935837,0.287692628,0.271312169,0.256099329,0.25176806,0.247248419,0.234859455,0.230680733,0.224785178,0.216647211,0.211827449,0.206455681,0.202719529,0.201109102,0.198895142,0.195418594,3.402369,-0.92732954
100_782,Conc,100,LL2112_NC_conc.csv,post_iqr,6.999223892,9.463754285,-25.70700874,-12.29071568,0.64152296,-3.836120185,0.681601994,3.415631218,4.525606209,6.387769489,-0.923533908,-1.638307747,-8.870742691,-1.603052777,9.244398231,3.058880908,5.882411639,-3.049367934,-0.302100782,-1.332569135,2.606631101,1.609488154,-4.727989769,-1.214560092,-6.825039953,-5.076336029,-2.021692406,0.028302315,4.145775034,-5.324538837,40.70366019,3.58978344,2.257757855,1.125741172,0.835700009,0.76100776,0.709609225,0.626002438,0.485491093,0.448306336,0.429627251,0.376956372,0.352638746,0.328856298,0.303935837,0.287692628,0.271312169,0.256099329,0.25176806,0.247248419,0.234859455,0.230680733,0.224785178,0.216647211,0.211827449,0.206455681,0.202719529,0.201109102,0.198895142,0.195418594,3.9387496,-1.23265
100_783,Conc,100,LL2112_NC_conc.csv,post_iqr,12.7553568,13.59324149,-23.1397571,-9.834647702,10.59034023,2.846474819,6.700963278,2.864483179,1.31868804,11.78120319,-2.454718799,7.332094925,5.974474499,-3.716785857,4.179908117,1.040180602,-2.747682514,-6.424218733,3.312748834,1.422129316,3.967001291,2.759907429,11.39213641,0.725813777,-0.987313813,1.753035283,0.406856245,-3.385557172,-1.054154517,-2.47084469,40.70366019,3.58978344,2.257757855,1.125741172,0.835700009,0.76100776,0.709609225,0.626002438,0.485491093,0.448306336,0.429627251,0.376956372,0.352638746,0.328856298,0.303935837,0.287692628,0.271312169,0.256099329,0.25176806,0.247248419,0.234859455,0.230680733,0.224785178,0.216647211,0.211827449,0.206455681,0.202719529,0.201109102,0.198895142,0.195418594,2.8841999,0.37254974
100_784,Conc,100,LL2112_NC_conc.csv,post_iqr,28.68407151,13.81089114,2.4596504,1.776526891,-4.141033808,0.483534296,-1.125518383,-2.103621763,-0.909743128,-3.66824037,1.843059879,-2.653318174,-0.359538246,0.415610802,2.465961264,-0.212850429,2.174126651,-1.48156505,-0.976507804,-0.597947693,0.727537747,1.305809069,1.95974016,0.018464357,-2.154351478,-1.164317542,1.065903881,2.283092112,2.176854126,0.627395548,40.70366019,3.58978344,2.257757855,1.125741172,0.835700009,0.76100776,0.709609225,0.626002438,0.485491093,0.448306336,0.429627251,0.376956372,0.352638746,0.328856298,0.303935837,0.287692628,0.271312169,0.256099329,0.25176806,0.247248419,0.234859455,0.230680733,0.224785178,0.216647211,0.211827449,0.206455681,0.202719529,0.201109102,0.198895142,0.195418594,1.6070877,-1.479102
100_785,Conc,100,LL2112_NC_conc.csv,post_iqr,28.26157665,1.405926702,10.71448902,4.464862319,2.492352232,0.640937864,-4.318824825,-0.67498366,1.401517456,-1.298531853,0.750196086,-1.181072338,-1.844490766,0.978226516,-2.429478298,2.465626348,-1.538931402,1.200858471,0.318532987,-0.556830127,-0.861972225,-2.460729019,0.665985234,1.032942219,0.663972781,1.172825589,0.098053722,-1.392696686,0.611854348,-0.890669529,40.70366019,3.58978344,2.257757855,1.125741172,0.835700009,0.76100776,0.709609225,0.626002438,0.485491093,0.448306336,0.429627251,0.376956372,0.352638746,0.328856298,0.303935837,0.287692628,0.271312169,0.256099329,0.25176806,0.247248419,0.234859455,0.230680733,0.224785178,0.216647211,0.211827449,0.206455681,0.202719529,0.201109102,0.198895142,0.195418594,3.0376897,-1.1957043
100_786,Conc,100,LL2112_NC_conc.csv,post_iqr,-85.75436515,-10.81206404,-8.373325167,-2.203207931,-0.409772901,-0.221333036,-4.723064649,-18.41342465,11.45058803,-4.067430616,-1.917841235,5.362065433,0.675253042,2.066652427,0.800202304,-4.848854912,2.119118948,2.272963519,7.555492136,-4.069630821,3.210213038,6.83876829,-8.178707243,0.117388993,-4.830685686,-1.980348848,-10.97220433,2.674842589,-4.620799553,-5.172195165,40.70366019,3.58978344,2.257757855,1.125741172,0.835700009,0.76100776,0.709609225,0.626002438,0.485491093,0.448306336,0.429627251,0.376956372,0.352638746,0.328856298,0.303935837,0.287692628,0.271312169,0.256099329,0.25176806,0.247248419,0.234859455,0.230680733,0.224785178,0.216647211,0.211827449,0.206455681,0.202719529,0.201109102,0.198895142,0.195418594,11.548697,6.0914416
100_787,Conc,100,LL2112_NC_conc.csv,post_iqr,25.75482701,14.13901643,4.200412075,3.209372616,-5.102710629,-6.762546737,-0.670315377,-3.488888876,0.929357821,-1.077805975,2.354126841,-0.624696363,-1.66390859,-1.246568073,-1.178651666,-0.566476167,0.998256127,-0.630178922,-2.906135359,-1.387488396,-4.773822414,0.267035278,-0.897719383,-0.91726569,-0.701951554,0.358630657,-2.090879352,-2.768550817,1.15873228,1.36798808,40.70366019,3.58978344,2.257757855,1.125741172,0.835700009,0.76100776,0.709609225,0.626002438,0.485491093,0.448306336,0.429627251,0.376956372,0.352638746,0.328856298,0.303935837,0.287692628,0.271312169,0.256099329,0.25176806,0.247248419,0.234859455,0.230680733,0.224785178,0.216647211,0.211827449,0.206455681,0.202719529,0.201109102,0.198895142,0.195418594,1.7254813,-1.4543452
100_788,Conc,100,LL2112_NC_conc.csv,post_iqr,-80.22288598,-7.440149598,13.5785261,-1.8179287,10.80340542,-7.083608163,-6.072415134,-0.003466668,8.747117403,2.402050052,-0.564732172,-1.022898862,1.221159475,-10.30655027,5.042482028,-5.716182148,2.768481492,1.029442241,-0.426526255,0.212521452,-1.270143826,-7.465325147,1.932365747,2.383535033,0.021772639,-0.150242166,0.913896122,-2.040630238,0.997770716,-1.665426325,40.70366019,3.58978344,2.257757855,1.125741172,0.835700009,0.76100776,0.709609225,0.626002438,0.485491093,0.448306336,0.429627251,0.376956372,0.352638746,0.328856298,0.303935837,0.287692628,0.271312169,0.256099329,0.25176806,0.247248419,0.234859455,0.230680733,0.224785178,0.216647211,0.211827449,0.206455681,0.202719529,0.201109102,0.198895142,0.195418594,11.36299,6.0060825
100_789,Conc,100,LL2112_NC_conc.csv,post_iqr,-68.91838149,4.669358549,-9.668416333,0.370334176,-4.91931645,3.991902616,6.399236057,-0.33509027,-1.795285969,3.744428904,9.260474033,-10.12272554,4.969738364,3.913737766,-0.112518786,6.267022779,-9.388850664,-4.166139949,-8.427654559,-3.611973418,2.873870162,2.89078291,13.79068117,-0.336513039,-0.379427187,0.896187841,-0.115774972,8.279053834,-7.755878984,2.905885944,40.70366019,3.58978344,2.257757855,1.125741172,0.835700009,0.76100776,0.709609225,0.626002438,0.485491093,0.448306336,0.429627251,0.376956372,0.352638746,0.328856298,0.303935837,0.287692628,0.271312169,0.256099329,0.25176806,0.247248419,0.234859455,0.230680733,0.224785178,0.216647211,0.211827449,0.206455681,0.202719529,0.201109102,0.198895142,0.195418594,11.550446,4.2922482
100_790,Conc,100,LL2112_NC_conc.csv,post_iqr,-78.18333715,-0.897183783,-5.412748151,4.277086534,5.163291391,8.939399542,-6.268120032,-6.55796733,0.397292252,-3.864623973,-1.00561964,2.226468724,3.971308118,-0.57861426,3.294272484,-5.692942758,-6.964728338,1.79831455,0.975608825,2.544634248,4.166627781,-6.538377284,-3.523467659,-0.596665845,-1.32971274,8.30868758,2.197147222,7.072176686,4.55737443,-1.992229596,40.70366019,3.58978344,2.257757855,1.125741172,0.835700009,0.76100776,0.709609225,0.626002438,0.485491093,0.448306336,0.429627251,0.376956372,0.352638746,0.328856298,0.303935837,0.287692628,0.271312169,0.256099329,0.25176806,0.247248419,0.234859455,0.230680733,0.224785178,0.216647211,0.211827449,0.206455681,0.202719529,0.201109102,0.198895142,0.195418594,12.096031,5.806842
100_791,Conc,100,LL2112_NC_conc.csv,post_iqr,26.74090711,5.108046937,6.12039762,3.953964323,2.923903114,4.567841649,-3.991931962,0.834688453,2.236357546,1.133157177,-0.437034274,-3.2775516,1.245006634,-1.142097829,1.663535284,3.127832852,0.211762238,-0.012455067,0.521560597,0.335425288,3.061030021,-0.660337081,-0.845317991,1.147086535,-0.441028011,2.338306222,2.234503506,-1.12876906,-0.987434172,-1.636706339,40.70366019,3.58978344,2.257757855,1.125741172,0.835700009,0.76100776,0.709609225,0.626002438,0.485491093,0.448306336,0.429627251,0.376956372,0.352638746,0.328856298,0.303935837,0.287692628,0.271312169,0.256099329,0.25176806,0.247248419,0.234859455,0.230680733,0.224785178,0.216647211,0.211827449,0.206455681,0.202719529,0.201109102,0.198895142,0.195418594,3.1456635,-1.0025934
100_792,Conc,100,LL2112_NC_conc.csv,post_iqr,24.4857714,22.52915059,-2.886527426,11.4105252,0.626754668,-6.155458181,5.756117529,-3.974314051,0.591061412,-2.819576403,9.968708386,6.311772616,2.214912924,3.341287364,-1.047313554,1.023348921,0.264036282,-0.227454074,0.687150516,-0.448287895,-0.828803022,0.606021762,0.889560169,-2.758344644,-0.88490738,0.171346776,-2.345630381,1.354956867,-2.315448894,-0.092397201,40.70366019,3.58978344,2.257757855,1.125741172,0.835700009,0.76100776,0.709609225,0.626002438,0.485491093,0.448306336,0.429627251,0.376956372,0.352638746,0.328856298,0.303935837,0.287692628,0.271312169,0.256099329,0.25176806,0.247248419,0.234859455,0.230680733,0.224785178,0.216647211,0.211827449,0.206455681,0.202719529,0.201109102,0.198895142,0.195418594,2.051411,-1.9662378
100_793,Conc,100,LL2112_NC_conc.csv,post_iqr,31.65297874,10.23311443,6.452364171,3.72572975,2.886864643,2.168503837,-4.853012032,-1.43340926,-0.590033114,-4.281275192,7.357984952,-0.975149722,-1.232077279,2.691216604,-1.020769265,-3.00979315,-1.800791231,1.276680673,1.01214892,0.803040724,-0.482248663,-0.473039932,0.813219064,-0.388150329,0.204807935,0.474989569,-1.567261703,-0.163379174,-0.296345132,0.518211649,40.70366019,3.58978344,2.257757855,1.125741172,0.835700009,0.76100776,0.709609225,0.626002438,0.485491093,0.448306336,0.429627251,0.376956372,0.352638746,0.328856298,0.303935837,0.287692628,0.271312169,0.256099329,0.25176806,0.247248419,0.234859455,0.230680733,0.224785178,0.216647211,0.211827449,0.206455681,0.202719529,0.201109102,0.198895142,0.195418594,2.346481,-1.7998245
100_794,Conc,100,LL2112_NC_conc.csv,post_iqr,25.4690144,12.69499677,11.6776961,9.028896132,-10.37967148,-3.423303835,0.949766132,-1.564036813,1.749556816,-2.09202202,1.279720886,-1.48373581,-1.364198564,-0.76402601,0.764476373,1.400183081,0.927120474,-0.829442599,0.661123738,0.910355674,-0.113579194,-2.19057917,1.069450737,-0.872038627,-0.963686172,-1.294967975,-0.144783565,-0.458769447,1.336889964,1.487901349,40.70366019,3.58978344,2.257757855,1.125741172,0.835700009,0.76100776,0.709609225,0.626002438,0.485491093,0.448306336,0.429627251,0.376956372,0.352638746,0.328856298,0.303935837,0.287692628,0.271312169,0.256099329,0.25176806,0.247248419,0.234859455,0.230680733,0.224785178,0.216647211,0.211827449,0.206455681,0.202719529,0.201109102,0.198895142,0.195418594,1.5610641,-1.9247056
100_795,Conc,100,LL2112_NC_conc.csv,post_iqr,-82.55109082,-3.702070518,-20.7479857,2.318672463,4.354054773,1.063305777,-9.554600352,-21.70144503,8.273055172,0.717716913,-4.043373781,2.047362508,0.816122038,5.168170806,5.184034088,3.568369291,-5.260688669,3.197661719,5.744675009,3.810849251,-8.91190923,2.248893221,-4.153619792,-0.686588881,7.51589451,-3.207689885,5.51335623,-1.868064907,-2.653711912,-5.064478744,40.70366019,3.58978344,2.257757855,1.125741172,0.835700009,0.76100776,0.709609225,0.626002438,0.485491093,0.448306336,0.429627251,0.376956372,0.352638746,0.328856298,0.303935837,0.287692628,0.271312169,0.256099329,0.25176806,0.247248419,0.234859455,0.230680733,0.224785178,0.216647211,0.211827449,0.206455681,0.202719529,0.201109102,0.198895142,0.195418594,12.292024,5.295625
100_796,Conc,100,LL2112_NC_conc.csv,post_iqr,24.64690552,4.993311955,6.051758446,-1.546167407,-8.30549751,-5.624864018,2.977235243,-2.491770645,3.794160484,1.969854097,-0.031930284,-0.903782286,-4.714061585,-1.013174871,4.054199341,2.376595883,-0.005738069,0.982104377,1.002091261,-0.026431615,0.454364089,-1.347718349,0.049377732,-1.904850826,-0.70292515,-1.178646596,3.808593992,-0.84617247,-0.396099912,1.041102853,40.70366019,3.58978344,2.257757855,1.125741172,0.835700009,0.76100776,0.709609225,0.626002438,0.485491093,0.448306336,0.429627251,0.376956372,0.352638746,0.328856298,0.303935837,0.287692628,0.271312169,0.256099329,0.25176806,0.247248419,0.234859455,0.230680733,0.224785178,0.216647211,0.211827449,0.206455681,0.202719529,0.201109102,0.198895142,0.195418594,2.2858567,-0.9989522
100_797,Conc,100,LL2112_NC_conc.csv,post_iqr,25.25687005,2.136994961,4.135104666,-2.815686257,-12.60529577,-5.518579136,2.749768799,-2.110466874,3.683686528,0.720288889,1.817910648,-0.624769557,-4.555439786,1.083921143,2.968664602,0.120076504,-1.150627187,-5.503222403,-0.368254519,-0.828059836,-0.830463676,-0.77918523,0.716305985,-0.95555342,-0.359236667,2.379248638,2.122119657,-1.282398845,1.993255304,0.908801131,40.70366019,3.58978344,2.257757855,1.125741172,0.835700009,0.76100776,0.709609225,0.626002438,0.485491093,0.448306336,0.429627251,0.376956372,0.352638746,0.328856298,0.303935837,0.287692628,0.271312169,0.256099329,0.25176806,0.247248419,0.234859455,0.230680733,0.224785178,0.216647211,0.211827449,0.206455681,0.202719529,0.201109102,0.198895142,0.195418594,3.6542618,-0.33746254
100_798,Conc,100,LL2112_NC_conc.csv,post_iqr,26.70526019,-0.227746293,-5.158415697,-16.47873984,1.744045316,10.83443131,-4.521610152,0.701070768,4.797045214,2.573075192,-0.681094459,-2.554960757,2.696653835,-2.459283233,3.455409808,-5.011107624,0.446615149,0.35736212,-1.089586871,0.120692064,-1.184413907,-0.410394119,2.364090268,-2.547994098,-0.308046536,0.035520936,0.746062353,-1.492020928,-2.288277145,1.377022175,40.70366019,3.58978344,2.257757855,1.125741172,0.835700009,0.76100776,0.709609225,0.626002438,0.485491093,0.448306336,0.429627251,0.376956372,0.352638746,0.328856298,0.303935837,0.287692628,0.271312169,0.256099329,0.25176806,0.247248419,0.234859455,0.230680733,0.224785178,0.216647211,0.211827449,0.206455681,0.202719529,0.201109102,0.198895142,0.195418594,3.0065086,1.0320036
100_799,Conc,100,LL2112_NC_conc.csv,post_iqr,29.3331396,7.026440563,2.5263117,-3.757014478,3.479086022,5.420872173,-1.482559903,0.379027532,0.089693794,2.738421368,-1.028451115,-1.926503655,1.607534487,1.102579481,3.580384778,0.868355764,0.60012237,0.093682975,-2.070932998,0.235638023,4.063142921,-0.962318409,-1.782218938,1.646113365,-3.902737937,-1.105779862,1.977131774,0.931588247,-2.483085037,-3.675306854,40.70366019,3.58978344,2.257757855,1.125741172,0.835700009,0.76100776,0.709609225,0.626002438,0.485491093,0.448306336,0.429627251,0.376956372,0.352638746,0.328856298,0.303935837,0.287692628,0.271312169,0.256099329,0.25176806,0.247248419,0.234859455,0.230680733,0.224785178,0.216647211,0.211827449,0.206455681,0.202719529,0.201109102,0.198895142,0.195418594,2.9604988,0.10084989
100_800,Conc,100,LL2112_NC_conc.csv,post_iqr,26.17385891,16.27860327,-4.15506263,2.181670086,0.383522045,-1.510711255,17.18470164,-6.912279352,4.150003908,3.291205653,10.3945515,3.718766622,7.013924964,1.441306816,-1.423021164,-2.565886338,1.202499446,2.120542236,2.370969886,2.505838198,0.122232842,-0.574152418,2.864449327,-1.425497173,1.531158573,1.485048709,-2.635254135,-0.397165362,-0.482187049,-2.053856613,40.70366019,3.58978344,2.257757855,1.125741172,0.835700009,0.76100776,0.709609225,0.626002438,0.485491093,0.448306336,0.429627251,0.376956372,0.352638746,0.328856298,0.303935837,0.287692628,0.271312169,0.256099329,0.25176806,0.247248419,0.234859455,0.230680733,0.224785178,0.216647211,0.211827449,0.206455681,0.202719529,0.201109102,0.198895142,0.195418594,1.1576567,-0.85084975
100_801,Conc,100,LL2112_NC_conc.csv,post_iqr,16.09173465,3.196443225,16.95088395,-3.868278879,-4.61039928,-4.842824438,2.88599257,0.994852436,2.977815208,5.146768844,1.031428795,-0.433319076,-4.669750131,-1.6687688,2.993367219,1.236364933,1.389196256,0.530614017,-0.082760282,1.425370146,-1.615543384,-0.622389109,-0.138017179,-1.598753165,-0.529887578,0.317641655,1.995673,1.115586485,0.289018453,1.203239612,40.70366019,3.58978344,2.257757855,1.125741172,0.835700009,0.76100776,0.709609225,0.626002438,0.485491093,0.448306336,0.429627251,0.376956372,0.352638746,0.328856298,0.303935837,0.287692628,0.271312169,0.256099329,0.25176806,0.247248419,0.234859455,0.230680733,0.224785178,0.216647211,0.211827449,0.206455681,0.202719529,0.201109102,0.198895142,0.195418594,9.477972,3.8050172
100_802,Conc,100,LL2112_NC_conc.csv,post_iqr,20.60112368,9.444129108,-1.072347795,-3.712810844,5.224291297,2.065141128,-3.713893342,2.440184081,-0.077481962,-5.443608755,3.853526372,3.477438497,-0.344789321,-2.370212711,1.54343365,-6.43993658,0.190972662,-4.037461045,4.547320823,3.630159392,-3.506890349,-2.723385162,3.315656487,-1.145909367,1.768659895,2.224666989,0.659538922,-3.501365498,-2.869487747,0.746804602,40.70366019,3.58978344,2.257757855,1.125741172,0.835700009,0.76100776,0.709609225,0.626002438,0.485491093,0.448306336,0.429627251,0.376956372,0.352638746,0.328856298,0.303935837,0.287692628,0.271312169,0.256099329,0.25176806,0.247248419,0.234859455,0.230680733,0.224785178,0.216647211,0.211827449,0.206455681,0.202719529,0.201109102,0.198895142,0.195418594,2.74677,-1.2769594
100_803,Conc,100,LL2112_NC_conc.csv,post_iqr,-62.6226865,12.47092277,-8.142857648,2.276755094,0.148220184,12.25975846,13.29208829,10.39546671,-4.32225424,2.557663166,9.831346132,0.499286991,-2.991965494,6.250905697,-1.625960484,-8.796233817,-8.782904684,-1.039694176,5.851973021,9.628916373,-8.976667141,6.704656898,-6.624352021,3.886078847,1.313923449,-2.695569936,5.762190003,-4.423767049,3.731707422,-2.566010224,40.70366019,3.58978344,2.257757855,1.125741172,0.835700009,0.76100776,0.709609225,0.626002438,0.485491093,0.448306336,0.429627251,0.376956372,0.352638746,0.328856298,0.303935837,0.287692628,0.271312169,0.256099329,0.25176806,0.247248419,0.234859455,0.230680733,0.224785178,0.216647211,0.211827449,0.206455681,0.202719529,0.201109102,0.198895142,0.195418594,11.430787,4.2845173
100_804,Conc,100,LL2112_NC_conc.csv,post_iqr,-60.41269516,7.139228204,-3.675577708,4.672225692,8.483405863,-11.70200609,12.03849642,8.67775818,3.15592738,0.509427628,7.398396432,-5.692907342,7.499404544,4.673836143,0.285139233,-3.143412427,-6.883790147,-4.220613375,-3.338332346,1.945029371,-1.179745264,-8.352653488,2.921104099,3.799514636,5.28224389,-2.071025611,1.402278075,2.634746941,-9.033352828,-0.528947876,40.70366019,3.58978344,2.257757855,1.125741172,0.835700009,0.76100776,0.709609225,0.626002438,0.485491093,0.448306336,0.429627251,0.376956372,0.352638746,0.328856298,0.303935837,0.287692628,0.271312169,0.256099329,0.25176806,0.247248419,0.234859455,0.230680733,0.224785178,0.216647211,0.211827449,0.206455681,0.202719529,0.201109102,0.198895142,0.195418594,10.244075,4.859358
100_805,Conc,100,LL2112_NC_conc.csv,post_iqr,-46.66565601,4.022257735,9.16558608,1.475807644,-9.481268687,2.231435101,5.522902316,-0.16684342,-1.973917218,7.05462286,2.873198416,2.398781422,-7.120886816,-6.941758437,1.66360435,-0.669532424,2.639317323,-4.649079753,1.712192241,0.053531032,1.995257222,2.404546455,-3.650219193,1.025303508,2.67688455,-0.996313157,2.362715166,-2.568683083,2.770529132,5.42542528,40.70366019,3.58978344,2.257757855,1.125741172,0.835700009,0.76100776,0.709609225,0.626002438,0.485491093,0.448306336,0.429627251,0.376956372,0.352638746,0.328856298,0.303935837,0.287692628,0.271312169,0.256099329,0.25176806,0.247248419,0.234859455,0.230680733,0.224785178,0.216647211,0.211827449,0.206455681,0.202719529,0.201109102,0.198895142,0.195418594,10.978388,4.235361
100_806,Conc,100,LL2112_NC_conc.csv,post_iqr,-74.47466297,-1.423791203,-6.163512624,-0.311287767,-0.243271856,6.757949499,-7.368999778,-7.074652757,6.818624609,3.029486589,-3.123180701,1.776272138,-2.797538445,-3.87580815,3.150301314,-3.671985497,0.902922772,-8.221921516,-0.636765696,-8.239287116,-0.497638113,1.633708123,8.401264098,-6.804445235,-4.599432184,-3.098332006,1.609739487,-2.400616983,-4.803271468,1.773472327,40.70366019,3.58978344,2.257757855,1.125741172,0.835700009,0.76100776,0.709609225,0.626002438,0.485491093,0.448306336,0.429627251,0.376956372,0.352638746,0.328856298,0.303935837,0.287692628,0.271312169,0.256099329,0.25176806,0.247248419,0.234859455,0.230680733,0.224785178,0.216647211,0.211827449,0.206455681,0.202719529,0.201109102,0.198895142,0.195418594,12.313455,5.0760584
100_807,Conc,100,LL2112_NC_conc.csv,post_iqr,-83.14517645,-7.720372975,15.81226235,2.385791234,1.949057416,-0.422460634,-2.445128003,-4.067588331,6.091248838,3.413585325,-2.323432147,0.911165045,-1.881081931,-9.342822498,2.623111545,-3.14215506,5.956232444,-3.293006387,2.989021769,1.279481001,0.630454782,-5.432147342,2.877598587,-1.011949857,0.242820506,-0.679489506,-4.720821428,-4.076358003,-1.104606253,-4.220807563,40.70366019,3.58978344,2.257757855,1.125741172,0.835700009,0.76100776,0.709609225,0.626002438,0.485491093,0.448306336,0.429627251,0.376956372,0.352638746,0.328856298,0.303935837,0.287692628,0.271312169,0.256099329,0.25176806,0.247248419,0.234859455,0.230680733,0.224785178,0.216647211,0.211827449,0.206455681,0.202719529,0.201109102,0.198895142,0.195418594,11.846261,6.117188
100_808,Conc,100,LL2112_NC_conc.csv,post_iqr,25.08735516,10.26798492,7.724647538,8.67428977,-6.345192403,-5.924896996,0.049880302,-0.952070823,0.645557232,-4.940650915,4.307553465,2.093581319,-1.996081921,0.719114175,-0.063243442,2.101361898,0.587654942,-3.004674743,2.211794541,-1.031762623,-1.576584898,-1.136599555,-0.064460433,0.182272643,-1.325113077,1.870894423,-0.03083039,-1.404768273,0.940278211,1.131616248,40.70366019,3.58978344,2.257757855,1.125741172,0.835700009,0.76100776,0.709609225,0.626002438,0.485491093,0.448306336,0.429627251,0.376956372,0.352638746,0.328856298,0.303935837,0.287692628,0.271312169,0.256099329,0.25176806,0.247248419,0.234859455,0.230680733,0.224785178,0.216647211,0.211827449,0.206455681,0.202719529,0.201109102,0.198895142,0.195418594,1.8630623,-2.0319567
100_809,Conc,100,LL2112_NC_conc.csv,post_iqr,29.07879297,5.973868765,2.98937058,-0.477706831,-0.529081361,5.447733242,-2.770500992,-0.243063031,-0.364364814,-3.660269146,3.645126905,-1.13258378,4.124610915,-2.176339221,0.060209515,-2.274197029,-1.93226921,-0.126931232,0.024879664,0.991002206,1.064319273,-0.686474956,0.67286548,-0.781434068,0.070129543,2.423105701,-0.651943006,0.406318853,-1.420327686,-1.011145171,40.70366019,3.58978344,2.257757855,1.125741172,0.835700009,0.76100776,0.709609225,0.626002438,0.485491093,0.448306336,0.429627251,0.376956372,0.352638746,0.328856298,0.303935837,0.287692628,0.271312169,0.256099329,0.25176806,0.247248419,0.234859455,0.230680733,0.224785178,0.216647211,0.211827449,0.206455681,0.202719529,0.201109102,0.198895142,0.195418594,2.8005672,-0.15179667
100_810,Conc,100,LL2112_NC_conc.csv,post_iqr,-51.96883632,0.245464179,10.78237003,-13.92118448,4.66084283,-0.235615301,12.94074289,6.646217605,-1.599576282,-5.639528738,10.44068952,-11.52191199,4.048807961,2.279165032,4.63367697,9.393259997,7.029267696,-0.159666461,-3.515574076,-0.203355621,-0.723421742,1.325280134,4.69816447,1.21070191,-1.083357855,0.062610688,1.962865013,-0.865154762,3.322047981,-0.977344362,40.70366019,3.58978344,2.257757855,1.125741172,0.835700009,0.76100776,0.709609225,0.626002438,0.485491093,0.448306336,0.429627251,0.376956372,0.352638746,0.328856298,0.303935837,0.287692628,0.271312169,0.256099329,0.25176806,0.247248419,0.234859455,0.230680733,0.224785178,0.216647211,0.211827449,0.206455681,0.202719529,0.201109102,0.198895142,0.195418594,10.302577,4.586105
100_811,Conc,100,LL2112_NC_conc.csv,post_iqr,24.93477143,-1.838217932,-6.016047778,-13.15656763,2.51540153,6.17689228,-3.074860151,0.829360829,3.071066449,1.974059918,0.486287677,3.412562471,-1.029042187,0.124726146,3.319129778,-1.627044243,-0.326903124,-4.388132186,-1.68220608,-1.515988802,1.767277922,-2.623737895,3.486400912,-1.162952896,1.944418065,0.334149107,3.439595997,1.775803407,-1.296622505,1.676616313,40.70366019,3.58978344,2.257757855,1.125741172,0.835700009,0.76100776,0.709609225,0.626002438,0.485491093,0.448306336,0.429627251,0.376956372,0.352638746,0.328856298,0.303935837,0.287692628,0.271312169,0.256099329,0.25176806,0.247248419,0.234859455,0.230680733,0.224785178,0.216647211,0.211827449,0.206455681,0.202719529,0.201109102,0.198895142,0.195418594,3.111295,0.7488039
100_812,Conc,100,LL2112_NC_conc.csv,post_iqr,27.49213751,7.846048493,4.374088354,-6.264562795,-9.34921064,1.041954024,1.803071117,-1.172774411,2.208823132,-3.274783773,2.795301314,-1.661099136,0.24402082,0.44688503,1.802332106,0.348169552,-1.30098248,-0.83874666,-0.668128252,-2.03928199,2.601679796,-2.324270157,0.689976513,-0.560371991,-1.09995139,-0.099751085,3.382764622,-2.379256422,1.445968855,-0.021833992,40.70366019,3.58978344,2.257757855,1.125741172,0.835700009,0.76100776,0.709609225,0.626002438,0.485491093,0.448306336,0.429627251,0.376956372,0.352638746,0.328856298,0.303935837,0.287692628,0.271312169,0.256099329,0.25176806,0.247248419,0.234859455,0.230680733,0.224785178,0.216647211,0.211827449,0.206455681,0.202719529,0.201109102,0.198895142,0.195418594,2.6992886,0.4693558
100_813,Conc,100,LL2112_NC_conc.csv,post_iqr,-26.07395477,26.71872821,-59.98104085,7.892527069,-16.75823791,2.446763533,1.489592313,21.15255144,13.68852799,6.902404775,2.425941344,-8.986460827,-13.44269079,5.36059498,16.16123585,-0.646852632,8.454230058,9.497359546,12.63303812,-15.93003924,8.074099055,-11.17000929,-11.06819941,-3.774926126,2.983891889,-3.19961908,7.594478257,-0.85550511,1.870214576,1.387586431,40.70366019,3.58978344,2.257757855,1.125741172,0.835700009,0.76100776,0.709609225,0.626002438,0.485491093,0.448306336,0.429627251,0.376956372,0.352638746,0.328856298,0.303935837,0.287692628,0.271312169,0.256099329,0.25176806,0.247248419,0.234859455,0.230680733,0.224785178,0.216647211,0.211827449,0.206455681,0.202719529,0.201109102,0.198895142,0.195418594,3.6372225,-2.1020033
100_814,Conc,100,LL2112_NC_conc.csv,post_iqr,30.40212149,4.326518855,-2.493408807,-9.088125785,3.316704065,3.287825008,-4.753385127,0.742635969,-1.467756094,-1.589227637,-0.00150998,-1.44669712,-1.018880355,2.834794762,1.047660833,-1.69155106,-0.095680295,0.242591258,-0.503848418,2.57471628,-1.306168787,-1.22277559,4.460611288,1.090700659,1.36389065,1.853242441,-1.471464292,-0.746565172,0.323459359,-0.534115984,40.70366019,3.58978344,2.257757855,1.125741172,0.835700009,0.76100776,0.709609225,0.626002438,0.485491093,0.448306336,0.429627251,0.376956372,0.352638746,0.328856298,0.303935837,0.287692628,0.271312169,0.256099329,0.25176806,0.247248419,0.234859455,0.230680733,0.224785178,0.216647211,0.211827449,0.206455681,0.202719529,0.201109102,0.198895142,0.195418594,2.920819,0.320793
100_815,Conc,100,LL2112_NC_conc.csv,post_iqr,-63.62687197,5.015037601,9.601469767,-1.965331861,-5.12792404,-6.466545657,5.854416333,7.936180294,0.348750372,9.062052166,-0.311924642,1.515331749,-6.143849597,5.78889825,-1.495787395,-10.52601666,1.693038881,-2.015046587,-3.905852622,-5.375719586,-4.917042995,6.34293588,-6.557974555,0.915590823,-3.845834843,7.707999035,-2.021452496,-0.132810379,5.028444264,-0.708717517,40.70366019,3.58978344,2.257757855,1.125741172,0.835700009,0.76100776,0.709609225,0.626002438,0.485491093,0.448306336,0.429627251,0.376956372,0.352638746,0.328856298,0.303935837,0.287692628,0.271312169,0.256099329,0.25176806,0.247248419,0.234859455,0.230680733,0.224785178,0.216647211,0.211827449,0.206455681,0.202719529,0.201109102,0.198895142,0.195418594,11.169603,4.952434
100_816,Conc,100,LL2112_NC_conc.csv,post_iqr,-59.44101312,-3.927777178,9.981317951,0.632143121,8.100369093,-9.105007913,-3.305674054,2.470686139,6.864237558,-3.232952852,7.344086429,5.004460676,-3.071277863,-10.83405618,-0.490299614,2.437074424,-4.301334012,-2.399553028,-8.70497227,3.393239844,1.946672026,-9.550873061,1.319213428,3.726363077,10.16853372,-2.821647141,-1.566875498,-4.711857419,4.379315832,-2.468979154,40.70366019,3.58978344,2.257757855,1.125741172,0.835700009,0.76100776,0.709609225,0.626002438,0.485491093,0.448306336,0.429627251,0.376956372,0.352638746,0.328856298,0.303935837,0.287692628,0.271312169,0.256099329,0.25176806,0.247248419,0.234859455,0.230680733,0.224785178,0.216647211,0.211827449,0.206455681,0.202719529,0.201109102,0.198895142,0.195418594,10.863196,5.258879
100_817,Conc,100,LL2112_NC_conc.csv,post_iqr,-33.23779421,-8.600338001,-9.99923077,-12.03797327,1.624453942,13.85630667,10.4257781,18.73338295,21.67930295,-19.87911234,-5.953876217,20.16124429,-5.330230646,3.140479115,-4.400803899,1.118965733,-1.459834726,12.90135454,-9.797650589,1.339659062,0.835048176,4.226677906,-3.804074498,5.981390112,5.493750073,-0.21600062,0.452632794,-1.031712769,0.346251155,6.880400725,40.70366019,3.58978344,2.257757855,1.125741172,0.835700009,0.76100776,0.709609225,0.626002438,0.485491093,0.448306336,0.429627251,0.376956372,0.352638746,0.328856298,0.303935837,0.287692628,0.271312169,0.256099329,0.25176806,0.247248419,0.234859455,0.230680733,0.224785178,0.216647211,0.211827449,0.206455681,0.202719529,0.201109102,0.198895142,0.195418594,9.972944,3.8514733
100_818,Conc,100,LL2112_NC_conc.csv,post_iqr,28.46569597,8.593444533,6.772503805,0.135981367,-8.361179841,-4.925089961,1.468806008,-3.184395457,2.651884642,1.514277898,-0.556994022,-1.411819927,-3.926153135,2.804312891,0.740542133,2.094271528,-1.561625805,-1.873117327,-0.580659383,-0.863387918,1.166640635,-2.255296138,-0.400079574,0.413131054,-1.814288111,1.900378134,0.975966027,-0.727028652,0.199111038,1.098776692,40.70366019,3.58978344,2.257757855,1.125741172,0.835700009,0.76100776,0.709609225,0.626002438,0.485491093,0.448306336,0.429627251,0.376956372,0.352638746,0.328856298,0.303935837,0.287692628,0.271312169,0.256099329,0.25176806,0.247248419,0.234859455,0.230680733,0.224785178,0.216647211,0.211827449,0.206455681,0.202719529,0.201109102,0.198895142,0.195418594,1.7477466,-0.8162941
100_819,Conc,100,LL2112_NC_conc.csv,post_iqr,26.74383636,-0.745307968,-6.208578095,-12.13018705,1.626191942,5.605035837,-3.201000204,0.151958814,1.135109548,1.463113785,1.021442701,1.027040142,-0.375136815,1.121501969,3.911708982,-3.182682216,0.461459016,-0.584123433,-2.385939633,1.568249172,0.440037046,0.620704466,-0.021147059,0.177261748,-0.022353888,-0.592920895,-2.722239029,-1.388465901,-3.077988526,-0.517224369,40.70366019,3.58978344,2.257757855,1.125741172,0.835700009,0.76100776,0.709609225,0.626002438,0.485491093,0.448306336,0.429627251,0.376956372,0.352638746,0.328856298,0.303935837,0.287692628,0.271312169,0.256099329,0.25176806,0.247248419,0.234859455,0.230680733,0.224785178,0.216647211,0.211827449,0.206455681,0.202719529,0.201109102,0.198895142,0.195418594,3.4199762,0.9169554
100_820,Conc,100,LL2112_NC_conc.csv,post_iqr,25.55651971,11.24979375,3.862136175,5.463251875,-2.510572463,2.191156468,-3.542235613,-1.401245195,2.201040314,-1.729684507,4.114628333,-0.527012759,2.243684876,-1.336523838,0.139776263,-1.301113179,1.528908933,0.062018661,1.530952003,-0.850454705,-2.046384308,0.036002108,-0.554613358,1.608074104,-1.097243282,-1.848612748,-0.013114036,1.337372414,-0.015782057,-1.39484292,40.70366019,3.58978344,2.257757855,1.125741172,0.835700009,0.76100776,0.709609225,0.626002438,0.485491093,0.448306336,0.429627251,0.376956372,0.352638746,0.328856298,0.303935837,0.287692628,0.271312169,0.256099329,0.25176806,0.247248419,0.234859455,0.230680733,0.224785178,0.216647211,0.211827449,0.206455681,0.202719529,0.201109102,0.198895142,0.195418594,1.9167193,-1.6921183
100_821,Conc,100,LL2112_NC_conc.csv,post_iqr,20.82260974,5.42255368,4.918299454,-7.001816469,-10.00622917,0.815349573,2.815842492,0.588304952,6.141742594,5.159519319,-0.912702411,-4.925185222,6.07872399,-1.924188898,1.607482195,-3.86284594,2.555395907,-1.619091804,-5.195034782,-0.858797263,1.680118099,2.415005058,-1.956559289,-5.378042658,1.446041087,-4.036816845,2.103991498,2.016064522,2.918093436,2.14247419,40.70366019,3.58978344,2.257757855,1.125741172,0.835700009,0.76100776,0.709609225,0.626002438,0.485491093,0.448306336,0.429627251,0.376956372,0.352638746,0.328856298,0.303935837,0.287692628,0.271312169,0.256099329,0.25176806,0.247248419,0.234859455,0.230680733,0.224785178,0.216647211,0.211827449,0.206455681,0.202719529,0.201109102,0.198895142,0.195418594,3.3153057,0.60947657
100_822,Conc,100,LL2112_NC_conc.csv,post_iqr,27.14765493,7.222056103,1.343477374,-4.328162436,3.623152461,3.241592177,-4.166696002,0.735260607,0.520391998,-0.117765353,-1.762059658,0.902504627,-1.888155099,-0.689090833,2.268822925,2.046522831,-1.609011269,-3.641377971,-1.310801607,0.605848387,-0.762308303,-2.98260719,-0.947074551,1.326204486,-3.464234597,1.94980502,-2.302376038,-3.36311445,0.652721286,-2.53814719,40.70366019,3.58978344,2.257757855,1.125741172,0.835700009,0.76100776,0.709609225,0.626002438,0.485491093,0.448306336,0.429627251,0.376956372,0.352638746,0.328856298,0.303935837,0.287692628,0.271312169,0.256099329,0.25176806,0.247248419,0.234859455,0.230680733,0.224785178,0.216647211,0.211827449,0.206455681,0.202719529,0.201109102,0.198895142,0.195418594,3.2953005,-0.16361862
100_823,Conc,100,LL2112_NC_conc.csv,post_iqr,-27.90684121,-5.510322647,26.00118452,-7.031368755,1.686327734,-12.92532463,9.032967247,16.91305232,10.69838468,-1.120451944,-5.419994354,-1.158236241,-2.973361005,4.69262376,2.257001049,-11.22296438,-2.846680532,-3.330143648,7.36611443,6.980999375,1.66588046,6.315571685,-3.098050597,-2.33584995,-2.121482016,-0.384946831,1.412058457,-3.374125558,-1.084692851,0.073338736,40.70366019,3.58978344,2.257757855,1.125741172,0.835700009,0.76100776,0.709609225,0.626002438,0.485491093,0.448306336,0.429627251,0.376956372,0.352638746,0.328856298,0.303935837,0.287692628,0.271312169,0.256099329,0.25176806,0.247248419,0.234859455,0.230680733,0.224785178,0.216647211,0.211827449,0.206455681,0.202719529,0.201109102,0.198895142,0.195418594,9.787364,4.365988
100_824,Conc,100,LL2112_NC_conc.csv,post_iqr,25.85269856,6.218876588,1.029436024,0.217268117,3.444342274,1.107351834,-5.579286512,-0.25117512,1.746015981,2.370567686,-0.479319047,-0.7773248,-3.813146969,1.910812735,-0.373469116,1.787742684,-0.981290336,-1.381722544,2.794997843,0.296900246,-4.756011484,1.333709879,3.168580985,0.179740291,1.333755084,0.456699307,0.209161054,-1.852963925,1.970100175,0.334064541,40.70366019,3.58978344,2.257757855,1.125741172,0.835700009,0.76100776,0.709609225,0.626002438,0.485491093,0.448306336,0.429627251,0.376956372,0.352638746,0.328856298,0.303935837,0.287692628,0.271312169,0.256099329,0.25176806,0.247248419,0.234859455,0.230680733,0.224785178,0.216647211,0.211827449,0.206455681,0.202719529,0.201109102,0.198895142,0.195418594,3.1570847,-1.3723321
100_825,Conc,100,LL2112_NC_conc.csv,post_iqr,-78.54158642,3.950260022,-2.444256974,7.883642697,0.936438613,2.212562967,8.76275264,-6.063173326,5.528074892,5.642369851,6.794260826,8.847500245,6.791203635,-4.321305041,-6.740477908,-2.718904743,-1.573888356,-5.811666395,2.873609313,0.686455105,-4.267379074,-7.366437996,2.251254272,-5.693903172,9.163818329,-0.762349422,-4.018231789,2.608308996,10.37781739,-3.783700086,40.70366019,3.58978344,2.257757855,1.125741172,0.835700009,0.76100776,0.709609225,0.626002438,0.485491093,0.448306336,0.429627251,0.376956372,0.352638746,0.328856298,0.303935837,0.287692628,0.271312169,0.256099329,0.25176806,0.247248419,0.234859455,0.230680733,0.224785178,0.216647211,0.211827449,0.206455681,0.202719529,0.201109102,0.198895142,0.195418594,12.035027,5.6951804
100_826,Conc,100,LL2112_NC_conc.csv,post_iqr,24.09885675,5.851973348,-2.329192098,3.144876637,7.322589618,0.005980523,-6.153940441,1.772710384,1.312278696,-2.10228997,4.682193,2.620096652,-2.758342782,2.411654744,3.196745886,0.841474064,-2.093919388,1.393228019,1.333372234,-0.794238604,-2.204632358,-0.96780791,-0.42868397,-1.864091863,-0.414870226,0.258786236,3.109778533,-0.739799378,-1.179530926,-2.083062662,40.70366019,3.58978344,2.257757855,1.125741172,0.835700009,0.76100776,0.709609225,0.626002438,0.485491093,0.448306336,0.429627251,0.376956372,0.352638746,0.328856298,0.303935837,0.287692628,0.271312169,0.256099329,0.25176806,0.247248419,0.234859455,0.230680733,0.224785178,0.216647211,0.211827449,0.206455681,0.202719529,0.201109102,0.198895142,0.195418594,3.0876899,-1.5574207
100_827,Conc,100,LL2112_NC_conc.csv,post_iqr,26.19898998,13.26854776,2.949781897,11.14918791,-2.085987188,-2.501262683,14.0946164,-7.201423677,5.47391985,2.299650979,9.531863957,2.406128423,7.063990636,0.55353653,-2.139174637,1.771798642,0.759115828,0.77607064,1.670167712,1.68614749,-0.823237721,1.017914982,2.266873045,-0.639867634,-1.069658409,0.942382892,-1.546382176,-1.007105378,0.719168029,-0.684239168,40.70366019,3.58978344,2.257757855,1.125741172,0.835700009,0.76100776,0.709609225,0.626002438,0.485491093,0.448306336,0.429627251,0.376956372,0.352638746,0.328856298,0.303935837,0.287692628,0.271312169,0.256099329,0.25176806,0.247248419,0.234859455,0.230680733,0.224785178,0.216647211,0.211827449,0.206455681,0.202719529,0.201109102,0.198895142,0.195418594,1.2140133,-1.0806408
100_828,Conc,100,LL2112_NC_conc.csv,post_iqr,24.71409406,15.43638805,-1.320047455,1.469007011,3.627776926,2.584816713,-5.292475745,0.822020403,-0.361538637,-2.700004891,6.012056299,3.350336932,2.881116032,-4.277799281,5.025064733,-3.190635093,4.237852739,1.648456539,-0.215786984,1.230603939,-0.536419042,-1.522348191,0.234014808,0.274687313,-0.607803737,0.727361585,1.12990557,1.97990094,-0.468696819,0.168196625,40.70366019,3.58978344,2.257757855,1.125741172,0.835700009,0.76100776,0.709609225,0.626002438,0.485491093,0.448306336,0.429627251,0.376956372,0.352638746,0.328856298,0.303935837,0.287692628,0.271312169,0.256099329,0.25176806,0.247248419,0.234859455,0.230680733,0.224785178,0.216647211,0.211827449,0.206455681,0.202719529,0.201109102,0.198895142,0.195418594,2.6849146,-1.548541
100_829,Conc,100,LL2112_NC_conc.csv,post_iqr,-83.51410967,10.92396872,-17.2036585,13.9822814,-10.71477079,-0.512145316,-3.729796503,-1.700096024,-1.489107233,5.316835328,3.187497179,-3.678500446,-5.908603675,8.85665955,0.467871729,-6.175881941,-7.042927022,3.379188363,-4.791029515,15.67944723,-4.732302468,2.319836745,2.757973204,1.942296319,2.161092535,2.152972763,5.744471439,-6.242027952,1.828890415,-0.179582182,40.70366019,3.58978344,2.257757855,1.125741172,0.835700009,0.76100776,0.709609225,0.626002438,0.485491093,0.448306336,0.429627251,0.376956372,0.352638746,0.328856298,0.303935837,0.287692628,0.271312169,0.256099329,0.25176806,0.247248419,0.234859455,0.230680733,0.224785178,0.216647211,0.211827449,0.206455681,0.202719529,0.201109102,0.198895142,0.195418594,12.294563,5.73517
100_831,Conc,100,LL2112_NC_conc.csv,post_iqr,19.62409135,9.594204068,-9.620265248,3.043712989,4.853684546,0.364458712,-5.222198938,2.680013433,-0.517863598,3.032608573,-1.110971827,1.084736647,-3.284918155,-2.458843271,2.451695227,0.756072527,0.893768425,-1.715995343,0.116651887,0.109789127,-2.185712939,0.119132747,0.421489647,-1.489780894,-4.939297873,-0.285502797,2.157349289,-2.271408661,1.358336202,-3.91734096,40.70366019,3.58978344,2.257757855,1.125741172,0.835700009,0.76100776,0.709609225,0.626002438,0.485491093,0.448306336,0.429627251,0.376956372,0.352638746,0.328856298,0.303935837,0.287692628,0.271312169,0.256099329,0.25176806,0.247248419,0.234859455,0.230680733,0.224785178,0.216647211,0.211827449,0.206455681,0.202719529,0.201109102,0.198895142,0.195418594,3.3232386,-1.5966972
100_832,Conc,100,LL2112_NC_conc.csv,post_iqr,26.04350567,3.16100435,5.828451364,1.721349527,-6.804846902,-1.97263634,-0.255065052,-0.678293728,2.975056743,-0.445863745,1.014530324,-0.414394003,-1.935526179,2.583892442,2.744352985,1.835516482,-0.57992509,-1.767689161,2.480158504,-0.78499284,3.047517328,-0.072473543,2.214999987,0.684656634,-0.514371118,0.932420244,1.112621568,-1.125679293,-0.311818275,0.571987564,40.70366019,3.58978344,2.257757855,1.125741172,0.835700009,0.76100776,0.709609225,0.626002438,0.485491093,0.448306336,0.429627251,0.376956372,0.352638746,0.328856298,0.303935837,0.287692628,0.271312169,0.256099329,0.25176806,0.247248419,0.234859455,0.230680733,0.224785178,0.216647211,0.211827449,0.206455681,0.202719529,0.201109102,0.198895142,0.195418594,3.0046377,-0.73172385
100_833,Conc,100,LL2112_NC_conc.csv,post_iqr,24.9663857,3.312408154,-4.859462681,-11.02288534,-7.288973874,-7.379453265,0.585067284,-1.725584011,4.819815264,7.604116694,-2.932909367,0.961162733,-4.458414619,0.0746022,2.568379838,2.591948612,-0.538811559,-2.212428126,-6.496449675,-0.212554971,-2.344515315,-2.607199998,-0.173348129,0.173913929,-3.498091335,3.418440372,2.116725233,-0.419339945,0.354931368,0.177151107,40.70366019,3.58978344,2.257757855,1.125741172,0.835700009,0.76100776,0.709609225,0.626002438,0.485491093,0.448306336,0.429627251,0.376956372,0.352638746,0.328856298,0.303935837,0.287692628,0.271312169,0.256099329,0.25176806,0.247248419,0.234859455,0.230680733,0.224785178,0.216647211,0.211827449,0.206455681,0.202719529,0.201109102,0.198895142,0.195418594,3.6718397,-0.074329
100_835,Conc,100,LL2112_NC_conc.csv,post_iqr,-67.76398692,5.051070165,15.64620404,9.855467712,0.006453155,-9.064723842,4.819353167,9.435816335,4.965535587,-2.551527767,2.228303419,-3.152488754,0.41569698,-0.291441093,7.046850429,-8.044235964,-0.034583466,1.400185477,-3.565189678,-0.622912042,7.972113689,8.692609429,4.566598836,9.131194364,3.852150425,-1.664181797,-2.91373929,-3.468680363,2.205670735,-1.491180964,40.70366019,3.58978344,2.257757855,1.125741172,0.835700009,0.76100776,0.709609225,0.626002438,0.485491093,0.448306336,0.429627251,0.376956372,0.352638746,0.328856298,0.303935837,0.287692628,0.271312169,0.256099329,0.25176806,0.247248419,0.234859455,0.230680733,0.224785178,0.216647211,0.211827449,0.206455681,0.202719529,0.201109102,0.198895142,0.195418594,10.94178,5.358303
100_836,Conc,100,LL2112_NC_conc.csv,post_iqr,27.60740133,3.209624246,3.496342758,-2.989622132,1.12547243,4.530419476,-6.62917816,-1.819409948,4.358852395,0.405141484,1.634024514,-2.312490313,1.990614262,0.586230579,-4.400135195,-1.787692803,-0.037818511,1.06501821,-3.870280285,-2.646016664,2.828341359,-0.618892837,-2.482061404,0.602847074,0.278878461,-0.606691432,0.56716625,1.773860993,0.156238104,-0.777207925,40.70366019,3.58978344,2.257757855,1.125741172,0.835700009,0.76100776,0.709609225,0.626002438,0.485491093,0.448306336,0.429627251,0.376956372,0.352638746,0.328856298,0.303935837,0.287692628,0.271312169,0.256099329,0.25176806,0.247248419,0.234859455,0.230680733,0.224785178,0.216647211,0.211827449,0.206455681,0.202719529,0.201109102,0.198895142,0.195418594,3.177979,-0.013092434
100_837,Conc,100,LL2112_NC_conc.csv,post_iqr,26.56257843,8.000867592,3.094523499,3.605792944,4.588093903,-0.127040502,-6.650094156,0.612965588,0.937118796,1.272536382,3.604198792,-0.819244735,-4.692648851,3.006146899,-1.506906227,0.783027017,-0.355427105,-4.377283419,0.797880717,-2.308922798,-2.438159549,-0.347572129,0.558165518,0.167356562,0.385681014,3.217641096,-3.392725572,0.176753989,-1.412759474,1.011734724,40.70366019,3.58978344,2.257757855,1.125741172,0.835700009,0.76100776,0.709609225,0.626002438,0.485491093,0.448306336,0.429627251,0.376956372,0.352638746,0.328856298,0.303935837,0.287692628,0.271312169,0.256099329,0.25176806,0.247248419,0.234859455,0.230680733,0.224785178,0.216647211,0.211827449,0.206455681,0.202719529,0.201109102,0.198895142,0.195418594,2.7909784,-2.0545013
100_838,Conc,100,LL2112_NC_conc.csv,post_iqr,-76.06877596,-1.305224465,-3.185728479,1.404438726,-5.353186137,-2.725948144,-1.695956087,-4.173591063,3.406163016,0.665535105,-0.35334771,5.892134839,-2.482880033,-4.099700483,0.157617784,-7.823310664,4.472832778,-8.442395511,-5.034041612,-4.736536691,6.576984349,-1.982275035,9.896054809,-0.340019145,-5.321829237,-5.089143177,5.491583363,4.887405252,-3.830328871,-4.371784836,40.70366019,3.58978344,2.257757855,1.125741172,0.835700009,0.76100776,0.709609225,0.626002438,0.485491093,0.448306336,0.429627251,0.376956372,0.352638746,0.328856298,0.303935837,0.287692628,0.271312169,0.256099329,0.25176806,0.247248419,0.234859455,0.230680733,0.224785178,0.216647211,0.211827449,0.206455681,0.202719529,0.201109102,0.198895142,0.195418594,12.297731,5.1528153
100_839,Conc,100,LL2112_NC_conc.csv,post_iqr,23.91880705,13.41141234,0.84797136,0.775958443,3.884689179,-1.412718507,-3.50192189,4.263868983,-1.059170819,-4.156214569,3.584159216,2.011455037,1.915263816,1.626996194,0.017935925,-4.050698194,-0.093502644,-1.391809965,0.421543403,2.350641948,0.273282121,1.922999334,1.042783339,0.425940286,2.075193751,3.242198181,2.221925167,0.392724374,-1.634226438,0.361954916,40.70366019,3.58978344,2.257757855,1.125741172,0.835700009,0.76100776,0.709609225,0.626002438,0.485491093,0.448306336,0.429627251,0.376956372,0.352638746,0.328856298,0.303935837,0.287692628,0.271312169,0.256099329,0.25176806,0.247248419,0.234859455,0.230680733,0.224785178,0.216647211,0.211827449,0.206455681,0.202719529,0.201109102,0.198895142,0.195418594,2.7913885,-2.1653316
100_840,Conc,100,LL2112_NC_conc.csv,post_iqr,28.65588321,7.231792701,2.094212123,-0.108507572,-1.582035137,-3.547108027,11.94189838,-6.852050194,5.037824314,6.155534878,2.259530752,-2.245262864,1.623245756,4.008630097,-1.681306074,4.157327113,-1.1588339,-0.004793871,0.664088917,-1.507215114,-0.583038171,-1.100614587,-1.953359841,0.874276067,-0.112273546,2.778439261,-0.747138373,-0.305866526,-1.296116029,-0.444953194,40.70366019,3.58978344,2.257757855,1.125741172,0.835700009,0.76100776,0.709609225,0.626002438,0.485491093,0.448306336,0.429627251,0.376956372,0.352638746,0.328856298,0.303935837,0.287692628,0.271312169,0.256099329,0.25176806,0.247248419,0.234859455,0.230680733,0.224785178,0.216647211,0.211827449,0.206455681,0.202719529,0.201109102,0.198895142,0.195418594,1.2681686,-0.6062133
100_841,Conc,100,LL2112_NC_conc.csv,post_iqr,28.83407096,10.88346935,6.804548379,1.807817364,-1.065940557,5.250726449,-3.337001744,0.94353641,1.828836707,2.443670731,-0.521629812,-4.252527542,1.735843754,-3.060812377,2.862604831,2.221227641,0.199560711,-0.349620425,0.091308243,-0.768335598,2.692415348,2.137495561,-1.010917449,0.369592808,-0.764680679,-0.675073173,0.962027101,0.6649332,-0.814280563,-4.239363776,40.70366019,3.58978344,2.257757855,1.125741172,0.835700009,0.76100776,0.709609225,0.626002438,0.485491093,0.448306336,0.429627251,0.376956372,0.352638746,0.328856298,0.303935837,0.287692628,0.271312169,0.256099329,0.25176806,0.247248419,0.234859455,0.230680733,0.224785178,0.216647211,0.211827449,0.206455681,0.202719529,0.201109102,0.198895142,0.195418594,3.0517356,-1.3541045
100_842,Conc,100,LL2112_NC_conc.csv,post_iqr,19.40633146,11.36651197,-16.17956517,-11.01596542,-11.5735223,-7.279873477,3.679331713,1.131683967,2.954451322,5.039002846,1.095060607,-3.912768124,-0.84550866,-4.67335979,5.365899516,1.397318568,-2.394062821,-4.875922243,-2.437494138,-2.235885508,1.253646627,2.543336213,4.103147645,-0.052806092,-1.171903138,6.311515906,-0.005610621,2.515778063,-1.808554975,-3.28671634,40.70366019,3.58978344,2.257757855,1.125741172,0.835700009,0.76100776,0.709609225,0.626002438,0.485491093,0.448306336,0.429627251,0.376956372,0.352638746,0.328856298,0.303935837,0.287692628,0.271312169,0.256099329,0.25176806,0.247248419,0.234859455,0.230680733,0.224785178,0.216647211,0.211827449,0.206455681,0.202719529,0.201109102,0.198895142,0.195418594,3.8303998,0.33740425
100_843,Conc,100,LL2112_NC_conc.csv,post_iqr,27.82708185,1.084959212,-1.751832252,-13.52131374,-5.708369708,7.587309515,0.336921906,0.071658077,2.05487298,1.908387912,0.228948429,-3.421630943,2.048436528,-3.772900763,5.066176422,-2.987035347,-1.519235383,-1.377606395,-1.448594632,4.849914363,-0.11055148,-3.422825977,1.57052569,1.998563996,-0.320178607,3.326947034,-1.53966222,-1.023452566,0.861446827,0.541109758,40.70366019,3.58978344,2.257757855,1.125741172,0.835700009,0.76100776,0.709609225,0.626002438,0.485491093,0.448306336,0.429627251,0.376956372,0.352638746,0.328856298,0.303935837,0.287692628,0.271312169,0.256099329,0.25176806,0.247248419,0.234859455,0.230680733,0.224785178,0.216647211,0.211827449,0.206455681,0.202719529,0.201109102,0.198895142,0.195418594,3.0316954,0.8651715
100_844,Conc,100,LL2112_NC_conc.csv,post_iqr,-51.94525797,-0.78871083,3.653195262,-14.36472112,-0.168563579,-2.91656785,0.274626493,4.573248035,-11.71890692,0.059558452,1.773770186,-8.599112988,-1.759880894,0.582009226,5.386091972,4.500019788,7.276935546,1.573798623,-3.348705883,-2.41568054,-2.601876792,2.936353097,1.614304972,3.402119789,-7.544122609,-5.490244933,-6.88675558,3.649905636,-1.755476348,3.101843932,40.70366019,3.58978344,2.257757855,1.125741172,0.835700009,0.76100776,0.709609225,0.626002438,0.485491093,0.448306336,0.429627251,0.376956372,0.352638746,0.328856298,0.303935837,0.287692628,0.271312169,0.256099329,0.25176806,0.247248419,0.234859455,0.230680733,0.224785178,0.216647211,0.211827449,0.206455681,0.202719529,0.201109102,0.198895142,0.195418594,10.49031,4.619967
100_845,Conc,100,LL2112_NC_conc.csv,post_iqr,27.45390533,11.88850177,-3.263545931,0.578959044,-0.069451017,-5.011116717,12.88823585,-6.032574367,5.006952644,7.330151025,4.577328933,7.134468739,8.100368134,2.542849235,-5.804900678,2.170746457,-0.973486339,2.34647676,2.005770227,1.461790473,-4.931090151,-3.22675485,1.957181164,-0.035159722,-2.817694581,-2.165577244,-2.041424444,-2.685118271,-1.391127928,-0.340086649,40.70366019,3.58978344,2.257757855,1.125741172,0.835700009,0.76100776,0.709609225,0.626002438,0.485491093,0.448306336,0.429627251,0.376956372,0.352638746,0.328856298,0.303935837,0.287692628,0.271312169,0.256099329,0.25176806,0.247248419,0.234859455,0.230680733,0.224785178,0.216647211,0.211827449,0.206455681,0.202719529,0.201109102,0.198895142,0.195418594,1.4685727,-0.54420155
100_846,Conc,100,LL2112_NC_conc.csv,post_iqr,26.62242674,15.30220545,-2.484239951,0.80882669,8.561092311,5.032995084,1.883002886,-4.610571731,-0.533989194,-0.312651683,2.665211709,-0.017846394,3.505750593,-2.222949194,3.40566277,-0.638274433,-0.358878621,1.494930438,-1.746606345,-0.992201604,0.478281169,1.387070202,-5.788119752,1.871550223,-1.343826496,-1.830322508,3.871333623,-2.303439753,-1.685719502,-4.205371798,40.70366019,3.58978344,2.257757855,1.125741172,0.835700009,0.76100776,0.709609225,0.626002438,0.485491093,0.448306336,0.429627251,0.376956372,0.352638746,0.328856298,0.303935837,0.287692628,0.271312169,0.256099329,0.25176806,0.247248419,0.234859455,0.230680733,0.224785178,0.216647211,0.211827449,0.206455681,0.202719529,0.201109102,0.198895142,0.195418594,1.4962678,-0.6412793
100_847,Conc,100,LL2112_NC_conc.csv,post_iqr,26.85110401,5.207155803,4.406779194,-3.693804243,-9.887685853,-4.863486233,1.409981537,-2.622583614,3.506463684,2.926408228,0.295821989,-1.868944725,0.628686168,-1.318598662,0.882709412,0.725800664,0.282414079,-1.042332583,-0.351919712,0.713286862,-0.706809325,0.510903581,-1.921444565,2.161062923,-0.662638922,1.356794562,-0.010613176,-0.840965118,1.554355748,-0.297121884,40.70366019,3.58978344,2.257757855,1.125741172,0.835700009,0.76100776,0.709609225,0.626002438,0.485491093,0.448306336,0.429627251,0.376956372,0.352638746,0.328856298,0.303935837,0.287692628,0.271312169,0.256099329,0.25176806,0.247248419,0.234859455,0.230680733,0.224785178,0.216647211,0.211827449,0.206455681,0.202719529,0.201109102,0.198895142,0.195418594,3.3978012,-0.018706504
100_848,Conc,100,LL2112_NC_conc.csv,post_iqr,-84.27016822,-1.39965751,8.453728205,7.397991254,3.296321352,0.19250825,-4.914655557,0.476547093,3.83160563,-1.402612243,-3.102748798,-3.040735594,5.380560389,-5.936904262,2.366205403,1.72972972,1.020934009,-1.089653237,-2.299449919,0.730722224,-5.8274388,-0.617647706,1.006888287,1.620104939,3.535651777,4.435316314,-0.415461328,-7.270420474,5.393575122,-6.062892623,40.70366019,3.58978344,2.257757855,1.125741172,0.835700009,0.76100776,0.709609225,0.626002438,0.485491093,0.448306336,0.429627251,0.376956372,0.352638746,0.328856298,0.303935837,0.287692628,0.271312169,0.256099329,0.25176806,0.247248419,0.234859455,0.230680733,0.224785178,0.216647211,0.211827449,0.206455681,0.202719529,0.201109102,0.198895142,0.195418594,12.1530285,5.9067564
100_849,Conc,100,LL2112_NC_conc.csv,post_iqr,27.14538702,13.97466977,5.778281429,2.916592993,-3.493222904,-2.578202477,-4.597230715,0.439502974,1.637537671,-0.377321638,2.150245301,-1.768495182,-1.637858922,-1.161150946,2.012588766,2.089559744,1.062246056,2.418623407,0.674408731,-1.208224316,0.363578064,2.17021251,-1.776353417,1.484003379,-2.855166547,-2.72704147,0.470924768,1.722430736,-0.099500885,-0.113109813,40.70366019,3.58978344,2.257757855,1.125741172,0.835700009,0.76100776,0.709609225,0.626002438,0.485491093,0.448306336,0.429627251,0.376956372,0.352638746,0.328856298,0.303935837,0.287692628,0.271312169,0.256099329,0.25176806,0.247248419,0.234859455,0.230680733,0.224785178,0.216647211,0.211827449,0.206455681,0.202719529,0.201109102,0.198895142,0.195418594,1.675903,-1.6849016
100_850,Conc,100,LL2112_NC_conc.csv,post_iqr,29.2974311,7.521453991,1.960490247,-5.106109626,5.130279099,6.960761807,1.914038557,-2.683073515,1.266295832,-2.277703457,-3.691073292,-2.530592441,-2.164381687,-0.098953874,1.631513712,-1.097503537,-0.71223865,0.804674416,-0.835760975,0.515238427,-1.825793492,-1.557951233,1.201685504,-1.853986498,-0.892467448,1.561366561,1.29364632,-2.383448449,-1.288480838,0.140944707,40.70366019,3.58978344,2.257757855,1.125741172,0.835700009,0.76100776,0.709609225,0.626002438,0.485491093,0.448306336,0.429627251,0.376956372,0.352638746,0.328856298,0.303935837,0.287692628,0.271312169,0.256099329,0.25176806,0.247248419,0.234859455,0.230680733,0.224785178,0.216647211,0.211827449,0.206455681,0.202719529,0.201109102,0.198895142,0.195418594,2.415875,0.12857512
100_851,Conc,100,LL2112_NC_conc.csv,post_iqr,27.42642185,5.832163906,-8.957470856,-12.27241033,5.248381921,0.111027483,12.46649484,-6.451818088,4.620171402,8.376784341,2.120323503,6.652623407,5.110032248,2.372920159,-2.177184128,-0.274017591,-0.165840107,-0.547960548,2.948345144,-1.737569433,0.521973534,-2.142181162,3.56222517,-0.580746902,1.339841108,-5.015069395,-5.633312819,2.285408358,-0.32210352,-0.584646087,40.70366019,3.58978344,2.257757855,1.125741172,0.835700009,0.76100776,0.709609225,0.626002438,0.485491093,0.448306336,0.429627251,0.376956372,0.352638746,0.328856298,0.303935837,0.287692628,0.271312169,0.256099329,0.25176806,0.247248419,0.234859455,0.230680733,0.224785178,0.216647211,0.211827449,0.206455681,0.202719529,0.201109102,0.198895142,0.195418594,2.695076,0.8470383
100_852,Conc,100,LL2112_NC_conc.csv,post_iqr,29.91483529,6.936262979,7.288366229,10.7730051,1.36985204,0.633384736,-5.421158895,1.719242415,0.743651738,-0.141275812,0.573314819,0.191258762,0.737360115,1.9711681,0.334192879,2.897603932,-0.87602639,4.015238546,-1.391315776,-0.409565717,-0.437366471,-0.583919058,-3.795842554,1.765987028,-1.998133135,1.08446578,1.065322906,-0.112128244,-2.119252518,-1.920817622,40.70366019,3.58978344,2.257757855,1.125741172,0.835700009,0.76100776,0.709609225,0.626002438,0.485491093,0.448306336,0.429627251,0.376956372,0.352638746,0.328856298,0.303935837,0.287692628,0.271312169,0.256099329,0.25176806,0.247248419,0.234859455,0.230680733,0.224785178,0.216647211,0.211827449,0.206455681,0.202719529,0.201109102,0.198895142,0.195418594,2.6585677,-2.0443332
100_853,Conc,100,LL2112_NC_conc.csv,post_iqr,-71.86968471,-2.008944163,-18.1576709,-12.52191107,-6.868159854,11.31215709,-4.574019236,-2.872484031,-1.230135058,1.243010765,3.246187444,1.275997768,-6.322774538,8.951358444,5.252717633,6.260813009,-7.968715497,0.300235659,5.001490483,4.137508539,1.016678945,-4.981025288,-6.997442221,8.70147052,-3.750427892,-0.159332167,2.952059855,-4.325726356,6.584637631,-2.349822413,40.70366019,3.58978344,2.257757855,1.125741172,0.835700009,0.76100776,0.709609225,0.626002438,0.485491093,0.448306336,0.429627251,0.376956372,0.352638746,0.328856298,0.303935837,0.287692628,0.271312169,0.256099329,0.25176806,0.247248419,0.234859455,0.230680733,0.224785178,0.216647211,0.211827449,0.206455681,0.202719529,0.201109102,0.198895142,0.195418594,11.91168,4.4599986
100_854,Conc,100,LL2112_NC_conc.csv,post_iqr,-69.64977378,1.580363649,0.058444742,2.289023406,-1.629339859,-4.773889419,-2.08882837,0.788735069,7.307810104,3.408457681,0.24642521,-9.629121608,3.017784367,-0.452733605,-0.433820469,3.290136089,3.069566281,2.712776008,-2.627569672,-1.292834934,5.26264248,0.353879756,5.778854517,13.15839946,-2.473801835,3.563234536,-0.594161726,-3.868636858,-0.689473446,-0.999765003,40.70366019,3.58978344,2.257757855,1.125741172,0.835700009,0.76100776,0.709609225,0.626002438,0.485491093,0.448306336,0.429627251,0.376956372,0.352638746,0.328856298,0.303935837,0.287692628,0.271312169,0.256099329,0.25176806,0.247248419,0.234859455,0.230680733,0.224785178,0.216647211,0.211827449,0.206455681,0.202719529,0.201109102,0.198895142,0.195418594,11.640545,5.2103806
100_855,Conc,100,LL2112_NC_conc.csv,post_iqr,28.17628755,3.44024559,0.520287372,-8.597138041,-5.042913802,0.24876656,-1.951491786,-1.216194851,2.806063567,2.127555985,-1.553508644,-4.053794339,-3.604759857,-0.14759545,1.830440769,-2.293395756,2.610516986,3.183157503,-3.723430183,0.490060021,-1.328927522,1.42314497,3.634494999,1.662399357,-2.110160988,-3.776801763,-0.58819434,0.310513083,-0.295166857,0.629114762,40.70366019,3.58978344,2.257757855,1.125741172,0.835700009,0.76100776,0.709609225,0.626002438,0.485491093,0.448306336,0.429627251,0.376956372,0.352638746,0.328856298,0.303935837,0.287692628,0.271312169,0.256099329,0.25176806,0.247248419,0.234859455,0.230680733,0.224785178,0.216647211,0.211827449,0.206455681,0.202719529,0.201109102,0.198895142,0.195418594,3.6751015,0.8084501
100_856,Conc,100,LL2112_NC_conc.csv,post_iqr,27.43324011,7.329598639,4.835753203,-4.019929339,-0.365714793,3.377307993,-4.086673215,0.198134385,1.655855238,1.429449789,-0.107761518,-1.399603841,-0.795948303,-1.482612611,7.129178143,2.235601046,-0.93790894,3.29535014,1.243012256,0.84357391,2.671119194,-0.498959804,-1.03941514,0.147075903,-3.274605216,-2.771174384,-0.442097708,-0.282732775,-0.013147024,1.427914968,40.70366019,3.58978344,2.257757855,1.125741172,0.835700009,0.76100776,0.709609225,0.626002438,0.485491093,0.448306336,0.429627251,0.376956372,0.352638746,0.328856298,0.303935837,0.287692628,0.271312169,0.256099329,0.25176806,0.247248419,0.234859455,0.230680733,0.224785178,0.216647211,0.211827449,0.206455681,0.202719529,0.201109102,0.198895142,0.195418594,3.0901551,0.094190694
100_857,Conc,100,LL2112_NC_conc.csv,post_iqr,-78.50736304,-1.018790972,9.395109675,2.540892182,-1.163618976,-11.50947956,-3.942955154,-0.443025096,5.256445226,-2.146831982,4.925526793,-1.450810989,2.465844562,-5.601467827,1.770174419,0.490622147,4.422605161,-4.377849652,-4.484425156,3.462784956,2.764651831,-4.712128133,-0.259437278,0.642995251,4.767936156,-1.115266439,0.6005207,-0.122889381,5.003109848,-5.732552502,40.70366019,3.58978344,2.257757855,1.125741172,0.835700009,0.76100776,0.709609225,0.626002438,0.485491093,0.448306336,0.429627251,0.376956372,0.352638746,0.328856298,0.303935837,0.287692628,0.271312169,0.256099329,0.25176806,0.247248419,0.234859455,0.230680733,0.224785178,0.216647211,0.211827449,0.206455681,0.202719529,0.201109102,0.198895142,0.195418594,11.923954,6.054944
100_859,Conc,100,LL2112_NC_conc.csv,post_iqr,-74.13829727,5.72981858,-14.31009161,-3.655050507,1.590894031,8.26980969,-6.117619365,-0.697899178,-4.488827614,-9.61793663,7.683975841,2.125685193,3.829691104,9.665686719,0.552753915,-4.880034608,6.248461006,1.040855047,-4.641552985,0.977415004,4.691824906,3.862525423,6.197142528,-1.80351216,1.817291094,-1.184219824,4.861611962,-3.182988461,-3.110120905,-1.76934915,40.70366019,3.58978344,2.257757855,1.125741172,0.835700009,0.76100776,0.709609225,0.626002438,0.485491093,0.448306336,0.429627251,0.376956372,0.352638746,0.328856298,0.303935837,0.287692628,0.271312169,0.256099329,0.25176806,0.247248419,0.234859455,0.230680733,0.224785178,0.216647211,0.211827449,0.206455681,0.202719529,0.201109102,0.198895142,0.195418594,12.135316,4.559028
100_860,Conc,100,LL2112_NC_conc.csv,post_iqr,-82.05812542,-3.393895526,-4.032520754,-3.205830257,-18.30587382,12.45775379,-2.292622992,-3.489109144,1.300819481,-0.007739806,0.332813898,-0.796592029,-2.325980274,3.849396034,-6.483357144,-1.795612479,-5.004361437,-2.49457586,3.861513366,3.197947364,-2.390341138,4.174875918,-2.417478485,4.042006424,-2.480022164,2.053588459,-11.01591136,-2.612623849,-8.229255251,-4.05547305,40.70366019,3.58978344,2.257757855,1.125741172,0.835700009,0.76100776,0.709609225,0.626002438,0.485491093,0.448306336,0.429627251,0.376956372,0.352638746,0.328856298,0.303935837,0.287692628,0.271312169,0.256099329,0.25176806,0.247248419,0.234859455,0.230680733,0.224785178,0.216647211,0.211827449,0.206455681,0.202719529,0.201109102,0.198895142,0.195418594,12.147149,4.7182384
100_861,Conc,100,LL2112_NC_conc.csv,post_iqr,28.65491186,10.44406595,2.521497745,-5.160079909,0.799857764,8.867106375,-3.596058367,0.042222114,-0.601226419,0.367237471,3.447875171,-1.839824731,4.917991687,-0.048849313,2.541790066,0.409723195,-0.429370518,1.120074335,-2.974337371,-0.918171714,1.565874511,3.220580812,3.108096956,-0.727441925,-1.889321769,-0.792505521,2.285223865,-1.209268425,0.425007264,-2.616774654,40.70366019,3.58978344,2.257757855,1.125741172,0.835700009,0.76100776,0.709609225,0.626002438,0.485491093,0.448306336,0.429627251,0.376956372,0.352638746,0.328856298,0.303935837,0.287692628,0.271312169,0.256099329,0.25176806,0.247248419,0.234859455,0.230680733,0.224785178,0.216647211,0.211827449,0.206455681,0.202719529,0.201109102,0.198895142,0.195418594,2.5985959,0.046657786
100_862,Conc,100,LL2112_NC_conc.csv,post_iqr,30.44807134,20.64743819,-28.17910945,11.22183005,-2.466053094,-5.249925635,0.31559185,-7.34296239,3.127250867,-2.491948107,0.658687096,-8.352202783,-0.151548575,4.078371476,-0.01278781,7.384070105,6.212418161,-2.184012809,-4.817062969,-1.145158112,4.422899732,-7.654751129,2.069425292,0.649378475,-1.349360117,5.871830218,-3.341160601,-3.580723946,-2.937059032,3.429978504,40.70366019,3.58978344,2.257757855,1.125741172,0.835700009,0.76100776,0.709609225,0.626002438,0.485491093,0.448306336,0.429627251,0.376956372,0.352638746,0.328856298,0.303935837,0.287692628,0.271312169,0.256099329,0.25176806,0.247248419,0.234859455,0.230680733,0.224785178,0.216647211,0.211827449,0.206455681,0.202719529,0.201109102,0.198895142,0.195418594,2.1707284,-1.4876021
100_863,Conc,100,LL2112_NC_conc.csv,post_iqr,32.31402162,2.483277641,8.546167946,-4.188370413,2.679070287,7.993181409,-0.437238417,-3.0740614,2.208321467,-1.356464251,1.040436217,-2.083705047,0.895190197,1.117765702,0.901410017,-1.397231007,-2.610907845,1.868305076,-0.045626354,-0.260562683,3.892337711,-0.017055845,-0.473043106,-0.456913631,2.058617096,1.106921948,1.01967434,0.657218121,-1.990171835,-1.434230933,40.70366019,3.58978344,2.257757855,1.125741172,0.835700009,0.76100776,0.709609225,0.626002438,0.485491093,0.448306336,0.429627251,0.376956372,0.352638746,0.328856298,0.303935837,0.287692628,0.271312169,0.256099329,0.25176806,0.247248419,0.234859455,0.230680733,0.224785178,0.216647211,0.211827449,0.206455681,0.202719529,0.201109102,0.198895142,0.195418594,2.7005496,0.101708695
100_864,Conc,100,LL2112_NC_conc.csv,post_iqr,-63.08819136,-3.682761082,10.64537516,-10.64461225,-6.519181488,10.84052435,3.120149279,2.42123387,-8.209398257,0.81123021,5.717603876,3.01572697,-8.321833147,2.021076906,-1.256561759,2.959886694,3.282445981,7.81943594,0.881342175,-2.498950824,-2.154943038,5.802467371,2.04088276,5.258296689,3.218836936,-0.801131487,-0.942249385,-0.716890595,-2.904186241,-4.527115462,40.70366019,3.58978344,2.257757855,1.125741172,0.835700009,0.76100776,0.709609225,0.626002438,0.485491093,0.448306336,0.429627251,0.376956372,0.352638746,0.328856298,0.303935837,0.287692628,0.271312169,0.256099329,0.25176806,0.247248419,0.234859455,0.230680733,0.224785178,0.216647211,0.211827449,0.206455681,0.202719529,0.201109102,0.198895142,0.195418594,11.579954,4.565932
100_865,Conc,100,LL2112_NC_conc.csv,post_iqr,28.76422968,11.40610107,-1.116868493,-5.524102877,3.023377703,4.060531169,-5.478707361,-0.127748124,-0.604893265,3.352787177,-0.53316148,-3.166572646,0.758340201,-1.60347411,-1.980273848,-1.095977896,1.751229166,0.360820173,-3.455920269,0.873952264,-3.950468587,1.25900835,-0.401682806,-1.455722983,0.869906487,1.259554267,-1.205986783,-1.798126858,-2.171314899,-1.832252353,40.70366019,3.58978344,2.257757855,1.125741172,0.835700009,0.76100776,0.709609225,0.626002438,0.485491093,0.448306336,0.429627251,0.376956372,0.352638746,0.328856298,0.303935837,0.287692628,0.271312169,0.256099329,0.25176806,0.247248419,0.234859455,0.230680733,0.224785178,0.216647211,0.211827449,0.206455681,0.202719529,0.201109102,0.198895142,0.195418594,3.3628771,-0.2518168
100_866,Conc,100,LL2112_NC_conc.csv,post_iqr,25.85177307,14.19527509,5.952226509,6.193857399,-4.753514661,-4.960832766,-1.236554928,-1.780063627,1.596598832,-2.713283021,6.342247963,2.675797399,-1.562987005,0.443528191,3.139344607,-1.468181331,0.757850543,-2.332328127,-0.102428806,-0.487426458,-0.374927658,-1.836523383,-0.246052294,-0.302680954,-1.489733763,-1.931549569,-2.135925291,1.297326232,-0.012283131,0.552110197,40.70366019,3.58978344,2.257757855,1.125741172,0.835700009,0.76100776,0.709609225,0.626002438,0.485491093,0.448306336,0.429627251,0.376956372,0.352638746,0.328856298,0.303935837,0.287692628,0.271312169,0.256099329,0.25176806,0.247248419,0.234859455,0.230680733,0.224785178,0.216647211,0.211827449,0.206455681,0.202719529,0.201109102,0.198895142,0.195418594,1.8906692,-1.6944832
100_868,Conc,100,LL2112_NC_conc.csv,post_iqr,24.04285049,11.87253581,5.073164034,4.275257925,-8.168432633,-3.49919132,-0.893716112,-1.891722769,2.144075111,0.736856435,2.33844844,-2.060575177,-2.264774185,-2.630646308,-0.882396741,-3.373254272,3.279001668,-0.688048687,-2.113649965,0.192065896,-7.315699718,0.041145003,0.687226656,0.895565587,0.61855221,-1.790434781,-2.994897707,0.564219897,1.91622709,3.519746708,40.70366019,3.58978344,2.257757855,1.125741172,0.835700009,0.76100776,0.709609225,0.626002438,0.485491093,0.448306336,0.429627251,0.376956372,0.352638746,0.328856298,0.303935837,0.287692628,0.271312169,0.256099329,0.25176806,0.247248419,0.234859455,0.230680733,0.224785178,0.216647211,0.211827449,0.206455681,0.202719529,0.201109102,0.198895142,0.195418594,1.6201718,-1.3152577
100_869,Conc,100,LL2112_NC_conc.csv,post_iqr,27.01935507,14.91167374,6.585126779,10.32356907,-5.344385064,-2.017749551,-3.771073004,0.058393975,-0.885728699,-4.093448047,4.205122869,-2.25088302,-0.066470886,1.225481656,-2.696423328,-1.856096858,2.762539246,1.406678519,1.297092484,-2.950901747,-0.993719985,2.004051829,2.08303522,0.772072644,-0.599366141,-2.684638782,-0.573062846,1.875238857,-1.011384258,1.688983521,40.70366019,3.58978344,2.257757855,1.125741172,0.835700009,0.76100776,0.709609225,0.626002438,0.485491093,0.448306336,0.429627251,0.376956372,0.352638746,0.328856298,0.303935837,0.287692628,0.271312169,0.256099329,0.25176806,0.247248419,0.234859455,0.230680733,0.224785178,0.216647211,0.211827449,0.206455681,0.202719529,0.201109102,0.198895142,0.195418594,2.07556,-2.132921
100_870,Conc,100,LL2112_NC_conc.csv,post_iqr,26.64102495,9.975914851,0.42794297,-5.887495989,1.637389211,4.242295381,-3.398512272,2.240198454,-0.566377981,-2.366681083,3.792604321,3.040137182,1.633778668,1.119146679,2.55747809,-2.981375149,0.225929341,-3.773449754,1.530299489,3.517514547,-0.009284411,-0.535534953,0.154465413,2.307510814,0.677439555,2.319882685,0.622922785,2.483470818,3.453852013,1.923180352,40.70366019,3.58978344,2.257757855,1.125741172,0.835700009,0.76100776,0.709609225,0.626002438,0.485491093,0.448306336,0.429627251,0.376956372,0.352638746,0.328856298,0.303935837,0.287692628,0.271312169,0.256099329,0.25176806,0.247248419,0.234859455,0.230680733,0.224785178,0.216647211,0.211827449,0.206455681,0.202719529,0.201109102,0.198895142,0.195418594,2.6399114,-1.3381078
100_871,Conc,100,LL2112_NC_conc.csv,post_iqr,23.97282299,11.84622562,3.928778091,9.24582015,-7.415734411,-7.50003673,-1.225440752,-0.693097178,0.976969274,-5.014946435,8.042626352,1.065369747,-0.933521573,0.379893024,-1.678250667,-0.916556168,2.882714358,-0.133224172,2.318721501,-1.655111218,-1.831704615,-0.070351979,2.935976893,0.016810083,0.020015859,-0.485412357,-2.196790645,-1.198846492,-1.11212967,1.237327435,40.70366019,3.58978344,2.257757855,1.125741172,0.835700009,0.76100776,0.709609225,0.626002438,0.485491093,0.448306336,0.429627251,0.376956372,0.352638746,0.328856298,0.303935837,0.287692628,0.271312169,0.256099329,0.25176806,0.247248419,0.234859455,0.230680733,0.224785178,0.216647211,0.211827449,0.206455681,0.202719529,0.201109102,0.198895142,0.195418594,1.9660069,-2.069028
100_872,Conc,100,LL2112_NC_conc.csv,post_iqr,27.2205739,11.78130476,2.502243707,1.141631242,2.065021609,2.093435311,-6.678775457,0.516142803,1.408925426,0.806269557,3.851800831,0.688762338,-1.187194329,-0.858609515,-1.458711724,-1.6583028,-2.078042852,-2.923423943,-0.814353255,-0.95011139,-2.124515855,-0.308622681,-3.149288846,2.970085037,-0.934356152,1.350840918,-2.444294725,-0.454733575,-1.904043638,1.443958378,40.70366019,3.58978344,2.257757855,1.125741172,0.835700009,0.76100776,0.709609225,0.626002438,0.485491093,0.448306336,0.429627251,0.376956372,0.352638746,0.328856298,0.303935837,0.287692628,0.271312169,0.256099329,0.25176806,0.247248419,0.234859455,0.230680733,0.224785178,0.216647211,0.211827449,0.206455681,0.202719529,0.201109102,0.198895142,0.195418594,2.772207,-1.9518887
100_873,Conc,100,LL2112_NC_conc.csv,post_iqr,-71.42550995,-8.043612892,8.629050704,-21.50709038,1.977715335,6.612182516,-3.727210199,-1.874972414,-2.595701469,1.708763876,5.347094652,0.507701057,-7.762828519,2.397005784,-3.143625755,1.37953427,-0.262600396,6.146054757,6.241028399,1.528935896,-2.130297915,0.360554526,-6.532570186,1.10562925,1.404085903,-2.628543653,-3.862332526,-0.644671983,-2.708201395,-7.828400097,40.70366019,3.58978344,2.257757855,1.125741172,0.835700009,0.76100776,0.709609225,0.626002438,0.485491093,0.448306336,0.429627251,0.376956372,0.352638746,0.328856298,0.303935837,0.287692628,0.271312169,0.256099329,0.25176806,0.247248419,0.234859455,0.230680733,0.224785178,0.216647211,0.211827449,0.206455681,0.202719529,0.201109102,0.198895142,0.195418594,11.568807,4.569921
100_874,Conc,100,LL2112_NC_conc.csv,post_iqr,26.66591323,3.747274944,2.229297758,-8.215050048,-9.28800835,-3.580828067,0.991652915,-1.468755974,1.017855549,1.112315464,0.691569192,3.216903318,1.076330614,-2.514123848,2.329504227,-0.904347182,2.547504417,-2.213815454,-1.101041817,-0.249721035,1.83161263,-2.244144634,-1.180574181,0.153637936,-0.255246972,-1.609690383,0.757648612,-0.437948517,-1.596720826,-2.2399065,40.70366019,3.58978344,2.257757855,1.125741172,0.835700009,0.76100776,0.709609225,0.626002438,0.485491093,0.448306336,0.429627251,0.376956372,0.352638746,0.328856298,0.303935837,0.287692628,0.271312169,0.256099329,0.25176806,0.247248419,0.234859455,0.230680733,0.224785178,0.216647211,0.211827449,0.206455681,0.202719529,0.201109102,0.198895142,0.195418594,3.1677756,0.46068054
100_875,Conc,100,LL2112_NC_conc.csv,post_iqr,-81.88446282,-5.888173467,-10.9123159,-10.26983664,-9.395453876,8.768835855,2.747167418,-12.75086073,3.806412539,-7.367197229,-2.799878253,2.809738989,-3.413896473,5.764004944,1.335773026,1.253823778,-5.482241908,-4.956284046,4.168766703,0.899049932,-1.820976087,-2.848746297,-0.921517372,1.003091391,0.868240002,4.664006227,-8.709108137,-7.271232898,8.052517615,-0.695558735,40.70366019,3.58978344,2.257757855,1.125741172,0.835700009,0.76100776,0.709609225,0.626002438,0.485491093,0.448306336,0.429627251,0.376956372,0.352638746,0.328856298,0.303935837,0.287692628,0.271312169,0.256099329,0.25176806,0.247248419,0.234859455,0.230680733,0.224785178,0.216647211,0.211827449,0.206455681,0.202719529,0.201109102,0.198895142,0.195418594,12.30101,4.530372
100_876,Conc,100,LL2112_NC_conc.csv,post_iqr,21.65641851,14.92672634,-5.838813552,-0.207087489,2.748890762,-6.477010079,-2.442425074,2.855767239,-1.188635706,-0.488418213,4.567602087,5.696963327,-6.551961162,-2.780035963,5.306176958,-4.550422648,1.853218454,-1.520434585,-1.360536952,5.920667944,-0.447304214,1.544780241,-0.191461185,-1.94934086,-2.193862532,0.520369398,1.007232084,3.220093502,5.289859859,-1.825375726,40.70366019,3.58978344,2.257757855,1.125741172,0.835700009,0.76100776,0.709609225,0.626002438,0.485491093,0.448306336,0.429627251,0.376956372,0.352638746,0.328856298,0.303935837,0.287692628,0.271312169,0.256099329,0.25176806,0.247248419,0.234859455,0.230680733,0.224785178,0.216647211,0.211827449,0.206455681,0.202719529,0.201109102,0.198895142,0.195418594,2.7044575,-1.7174764
100_877,Conc,100,LL2112_NC_conc.csv,post_iqr,-77.6858246,5.223927011,-18.05582443,3.467782026,-13.22723641,2.398981611,-2.253142043,-6.749915865,1.310494988,-10.55813756,10.19752292,7.478091858,-3.640313113,-0.685715269,3.248473773,-0.503545166,-7.187569239,-9.158845654,-1.541229309,11.00770615,-4.835903979,2.052510532,5.930895193,4.630027577,7.479808136,-3.613001957,10.58435704,3.901207069,-5.118277577,-3.46238603,40.70366019,3.58978344,2.257757855,1.125741172,0.835700009,0.76100776,0.709609225,0.626002438,0.485491093,0.448306336,0.429627251,0.376956372,0.352638746,0.328856298,0.303935837,0.287692628,0.271312169,0.256099329,0.25176806,0.247248419,0.234859455,0.230680733,0.224785178,0.216647211,0.211827449,0.206455681,0.202719529,0.201109102,0.198895142,0.195418594,12.272623,5.0888143
100_879,Conc,100,LL2112_NC_conc.csv,post_iqr,24.07421002,5.544993237,8.675002397,2.031092051,-9.078999291,-3.52305147,0.664145962,-1.276008301,3.445473467,2.040635587,0.836167531,2.227391325,-1.301400778,-1.445385557,1.015785181,0.100394704,-0.491518014,-4.855858543,-0.261429727,-0.383702952,-2.689676996,-0.084575058,-0.437259108,0.520990158,1.535627283,-0.075617095,2.231433265,-0.404594043,0.541392021,0.540125028,40.70366019,3.58978344,2.257757855,1.125741172,0.835700009,0.76100776,0.709609225,0.626002438,0.485491093,0.448306336,0.429627251,0.376956372,0.352638746,0.328856298,0.303935837,0.287692628,0.271312169,0.256099329,0.25176806,0.247248419,0.234859455,0.230680733,0.224785178,0.216647211,0.211827449,0.206455681,0.202719529,0.201109102,0.198895142,0.195418594,3.1034048,-0.89363694
100_880,Conc,100,LL2112_NC_conc.csv,post_iqr,23.8554127,5.756244224,1.691919345,-0.077898168,2.609137315,3.830462439,-6.913054039,2.430816535,3.879275509,4.639805043,-0.387236014,-2.912091591,-4.819490941,1.847053741,-6.702534214,3.277538235,3.277958155,-7.16377607,-0.427651984,-1.439920423,1.790107514,1.760299825,-0.71227847,1.015250716,0.793428671,-0.392120325,2.310450869,-0.366369155,-0.29690559,0.945330904,40.70366019,3.58978344,2.257757855,1.125741172,0.835700009,0.76100776,0.709609225,0.626002438,0.485491093,0.448306336,0.429627251,0.376956372,0.352638746,0.328856298,0.303935837,0.287692628,0.271312169,0.256099329,0.25176806,0.247248419,0.234859455,0.230680733,0.224785178,0.216647211,0.211827449,0.206455681,0.202719529,0.201109102,0.198895142,0.195418594,3.7795613,-0.63386226
100_881,Conc,100,LL2112_NC_conc.csv,post_iqr,21.95797369,-1.894667722,0.882317875,-2.985814679,3.240072935,2.064728137,-6.148319879,1.249971857,1.866886594,3.217546445,-4.911444573,2.729630275,-3.946848757,0.247326238,0.702236093,3.492482929,-4.801212692,-3.118326026,4.072385082,0.939553991,-0.101034866,-1.333454687,2.294712941,-0.584642157,0.092529364,2.045858054,2.929924121,-3.577471129,0.257285511,-1.132535758,40.70366019,3.58978344,2.257757855,1.125741172,0.835700009,0.76100776,0.709609225,0.626002438,0.485491093,0.448306336,0.429627251,0.376956372,0.352638746,0.328856298,0.303935837,0.287692628,0.271312169,0.256099329,0.25176806,0.247248419,0.234859455,0.230680733,0.224785178,0.216647211,0.211827449,0.206455681,0.202719529,0.201109102,0.198895142,0.195418594,3.7510443,-0.4300218
100_883,Conc,100,LL2112_NC_conc.csv,post_iqr,16.48501837,18.88433715,-4.820302787,6.117914327,-6.676876452,-11.35238024,1.712908738,1.649749118,-1.87369145,2.498180527,0.114832205,0.777487388,0.871153657,2.188272337,0.118214993,3.3350019,3.729160392,-0.301623974,-0.283183181,-3.439615828,-7.681430064,2.217728591,-0.358215869,-1.989926596,-0.141337067,0.238826919,1.029198993,0.28286864,-2.038913354,0.82219205,40.70366019,3.58978344,2.257757855,1.125741172,0.835700009,0.76100776,0.709609225,0.626002438,0.485491093,0.448306336,0.429627251,0.376956372,0.352638746,0.328856298,0.303935837,0.287692628,0.271312169,0.256099329,0.25176806,0.247248419,0.234859455,0.230680733,0.224785178,0.216647211,0.211827449,0.206455681,0.202719529,0.201109102,0.198895142,0.195418594,1.5009952,-1.6469359
100_884,Conc,100,LL2112_NC_conc.csv,post_iqr,27.40622093,6.896263982,3.165661986,-3.516946697,-0.688483695,7.056504989,-5.319648109,0.131944429,2.038888059,1.616263091,4.192285075,-1.212932686,3.429689289,-2.918288279,-0.793131016,-2.354161782,0.476912034,3.904939544,-0.272882026,1.111058286,-1.632031534,-0.923890407,-0.483587269,-1.64808803,-0.425387907,0.895625432,-2.92838532,0.016840015,-2.399532076,-0.384993392,40.70366019,3.58978344,2.257757855,1.125741172,0.835700009,0.76100776,0.709609225,0.626002438,0.485491093,0.448306336,0.429627251,0.376956372,0.352638746,0.328856298,0.303935837,0.287692628,0.271312169,0.256099329,0.25176806,0.247248419,0.234859455,0.230680733,0.224785178,0.216647211,0.211827449,0.206455681,0.202719529,0.201109102,0.198895142,0.195418594,3.1173067,0.2038381
100_885,Conc,100,LL2112_NC_conc.csv,post_iqr,-55.08445286,-8.151183072,13.34061134,-21.83660384,2.434854901,-12.49921324,6.258603961,9.166043631,-1.816725666,-11.29047681,10.95080037,-5.177664128,-4.475845303,4.638379751,-5.27006436,4.736719314,-2.436239367,-1.301376793,1.955434535,-0.099777032,-6.295451136,-4.966791345,-2.955060025,0.867969712,-4.478199048,2.29952109,1.434070746,1.112216963,1.62338276,-3.630884627,40.70366019,3.58978344,2.257757855,1.125741172,0.835700009,0.76100776,0.709609225,0.626002438,0.485491093,0.448306336,0.429627251,0.376956372,0.352638746,0.328856298,0.303935837,0.287692628,0.271312169,0.256099329,0.25176806,0.247248419,0.234859455,0.230680733,0.224785178,0.216647211,0.211827449,0.206455681,0.202719529,0.201109102,0.198895142,0.195418594,10.346216,4.700336
100_886,Conc,100,LL2112_NC_conc.csv,post_iqr,29.20940407,-1.714257422,9.547678216,-3.076085844,-0.877774463,3.800585414,-3.847435549,1.348273094,4.094178744,1.460438402,-0.976561545,-1.592989206,-0.766385051,2.478010856,0.896940992,-1.145397777,-2.449919797,-0.442538417,1.277756888,0.316853679,2.331746169,-1.47964634,0.664103141,0.466987493,1.122842982,0.179391034,-0.894374841,0.160227221,-0.428913746,1.013495281,40.70366019,3.58978344,2.257757855,1.125741172,0.835700009,0.76100776,0.709609225,0.626002438,0.485491093,0.448306336,0.429627251,0.376956372,0.352638746,0.328856298,0.303935837,0.287692628,0.271312169,0.256099329,0.25176806,0.247248419,0.234859455,0.230680733,0.224785178,0.216647211,0.211827449,0.206455681,0.202719529,0.201109102,0.198895142,0.195418594,3.5039246,0.08311087
100_887,Conc,100,LL2112_NC_conc.csv,post_iqr,26.47532453,7.4293932,9.217243958,2.045997442,-7.078752128,-0.691858312,-3.456497863,-2.100717272,4.794592847,-0.199376855,2.751717489,-2.115586995,-0.598713213,-0.89002618,-1.371532786,1.514008559,0.562652788,3.217693121,-1.252498806,-1.476445109,-2.077115335,-1.667480245,-1.110723188,0.086132749,-2.896861284,-2.837111764,0.772054204,1.390769879,0.404665377,0.232997277,40.70366019,3.58978344,2.257757855,1.125741172,0.835700009,0.76100776,0.709609225,0.626002438,0.485491093,0.448306336,0.429627251,0.376956372,0.352638746,0.328856298,0.303935837,0.287692628,0.271312169,0.256099329,0.25176806,0.247248419,0.234859455,0.230680733,0.224785178,0.216647211,0.211827449,0.206455681,0.202719529,0.201109102,0.198895142,0.195418594,1.6816752,-1.1428504
100_888,Conc,100,LL2112_NC_conc.csv,post_iqr,-52.54999935,-2.436839289,0.165392222,-11.83191393,1.979372797,7.673184138,0.674598563,3.08988454,-5.254351033,-1.579894016,5.209471568,-8.195097506,3.476597085,3.944197714,4.174948499,6.33646876,-0.215954929,-2.117505057,0.44846487,-5.404264513,-1.016233234,-0.477471299,3.166395767,-1.875363404,-0.503022642,3.086807612,-6.123817261,3.293994475,2.895068077,-3.927272596,40.70366019,3.58978344,2.257757855,1.125741172,0.835700009,0.76100776,0.709609225,0.626002438,0.485491093,0.448306336,0.429627251,0.376956372,0.352638746,0.328856298,0.303935837,0.287692628,0.271312169,0.256099329,0.25176806,0.247248419,0.234859455,0.230680733,0.224785178,0.216647211,0.211827449,0.206455681,0.202719529,0.201109102,0.198895142,0.195418594,10.830097,4.265959
100_889,Conc,100,LL2112_NC_conc.csv,post_iqr,28.75010439,-4.131668846,5.824768181,-0.132144139,2.499491558,0.194170166,-6.582490651,-1.171386727,0.266741032,-1.405609777,-1.189723556,5.392063482,-1.683112764,0.667687701,-0.392797557,0.451718711,-4.842185218,-0.280327395,2.269289459,-0.329035969,0.467553588,-3.31281791,1.550313609,1.830613666,-0.766929619,0.274642412,-0.492344486,-0.667073163,0.307044941,-0.010287576,40.70366019,3.58978344,2.257757855,1.125741172,0.835700009,0.76100776,0.709609225,0.626002438,0.485491093,0.448306336,0.429627251,0.376956372,0.352638746,0.328856298,0.303935837,0.287692628,0.271312169,0.256099329,0.25176806,0.247248419,0.234859455,0.230680733,0.224785178,0.216647211,0.211827449,0.206455681,0.202719529,0.201109102,0.198895142,0.195418594,3.887334,-0.24085444
100_892,Conc,100,LL2112_NC_conc.csv,post_iqr,18.9968949,19.28096942,-12.24488285,4.513769886,1.63890675,-6.411521331,15.32282785,-6.679974532,2.239227982,5.528544448,7.31403364,5.138960736,10.56264023,4.114249347,-0.659086761,8.533016453,-1.149448837,2.97305028,1.776459764,0.718885904,3.928827031,5.82043685,-0.593048922,5.269614691,-0.072650088,3.063871858,0.31903607,0.931670822,1.099971364,-3.855332264,40.70366019,3.58978344,2.257757855,1.125741172,0.835700009,0.76100776,0.709609225,0.626002438,0.485491093,0.448306336,0.429627251,0.376956372,0.352638746,0.328856298,0.303935837,0.287692628,0.271312169,0.256099329,0.25176806,0.247248419,0.234859455,0.230680733,0.224785178,0.216647211,0.211827449,0.206455681,0.202719529,0.201109102,0.198895142,0.195418594,1.08948,-0.84311134
100_893,Conc,100,LL2112_NC_conc.csv,post_iqr,-68.09752606,-5.331440299,3.859926675,-8.224353784,2.043372507,-16.85388096,-3.092236972,-0.163537596,8.054693965,-3.307745216,4.453420963,-7.783503233,0.900141377,1.262079422,3.054911202,7.044516956,0.334639012,-5.311160738,0.387105643,9.576326557,0.340954045,-5.854608976,-1.856166151,-3.149470344,2.243918087,0.446242211,-3.054730496,4.499087191,-7.098971928,-0.789612441,40.70366019,3.58978344,2.257757855,1.125741172,0.835700009,0.76100776,0.709609225,0.626002438,0.485491093,0.448306336,0.429627251,0.376956372,0.352638746,0.328856298,0.303935837,0.287692628,0.271312169,0.256099329,0.25176806,0.247248419,0.234859455,0.230680733,0.224785178,0.216647211,0.211827449,0.206455681,0.202719529,0.201109102,0.198895142,0.195418594,10.716181,5.744695
100_894,Conc,100,LL2112_NC_conc.csv,post_iqr,22.97902515,12.21769833,-6.980231059,-3.300486207,7.828955507,2.861222339,5.368632768,0.651407113,1.123802641,7.78627064,3.554706751,6.759750845,8.361704412,3.235748436,1.290076465,2.434317121,-0.220161691,1.633949163,4.566182039,0.018030316,3.065319867,1.211490256,1.64875465,-2.112126165,-4.206288215,-4.102605579,1.979057521,-0.58810363,-0.444180416,-0.335736435,40.70366019,3.58978344,2.257757855,1.125741172,0.835700009,0.76100776,0.709609225,0.626002438,0.485491093,0.448306336,0.429627251,0.376956372,0.352638746,0.328856298,0.303935837,0.287692628,0.271312169,0.256099329,0.25176806,0.247248419,0.234859455,0.230680733,0.224785178,0.216647211,0.211827449,0.206455681,0.202719529,0.201109102,0.198895142,0.195418594,2.5116897,-0.015782708
100_895,Conc,100,LL2112_NC_conc.csv,post_iqr,23.5008068,9.645804955,-7.511792267,-5.56551115,2.751812226,0.406718344,-3.585535009,2.910994138,0.087870259,0.575537209,0.276073761,3.592302959,-0.565982067,-3.676659999,7.256507167,-1.762777375,1.618661286,0.15998375,-3.869191841,4.704873633,-2.503260618,-3.022642157,1.323854046,0.957136102,-2.265809023,0.366848794,-2.544034014,-3.739396786,-3.144234009,3.434523877,40.70366019,3.58978344,2.257757855,1.125741172,0.835700009,0.76100776,0.709609225,0.626002438,0.485491093,0.448306336,0.429627251,0.376956372,0.352638746,0.328856298,0.303935837,0.287692628,0.271312169,0.256099329,0.25176806,0.247248419,0.234859455,0.230680733,0.224785178,0.216647211,0.211827449,0.206455681,0.202719529,0.201109102,0.198895142,0.195418594,3.0302396,-0.7877752
100_896,Conc,100,LL2112_NC_conc.csv,post_iqr,24.69338946,2.782119709,-8.192994137,-10.13495849,-5.375258332,-6.078377985,-2.352544679,-1.554876664,0.252309592,-2.787825125,4.456559042,2.441350869,-3.927240076,4.110742022,0.563561639,-1.385208982,3.570698304,0.59954484,-1.554186498,-2.704911504,-0.065433246,1.388013051,4.360289888,2.039732156,-1.239858628,-1.489795012,0.835554234,-1.36751416,-0.720322672,0.947663377,40.70366019,3.58978344,2.257757855,1.125741172,0.835700009,0.76100776,0.709609225,0.626002438,0.485491093,0.448306336,0.429627251,0.376956372,0.352638746,0.328856298,0.303935837,0.287692628,0.271312169,0.256099329,0.25176806,0.247248419,0.234859455,0.230680733,0.224785178,0.216647211,0.211827449,0.206455681,0.202719529,0.201109102,0.198895142,0.195418594,3.5475578,0.9055799
100_897,Conc,100,LL2112_NC_conc.csv,post_iqr,24.38540422,9.072942795,-3.590453354,-2.850241961,5.172459991,-0.586952847,-5.419356268,1.621947063,-3.342584273,-1.348730679,2.459729754,2.659835799,0.283893348,-0.881763013,2.63786414,-0.539059864,2.074243003,1.132752339,0.420549177,1.520164209,-1.25283366,2.017969812,-2.039669362,-0.181230036,-1.081325945,0.940913178,1.248338435,-3.536312676,-4.737072225,-0.728962018,40.70366019,3.58978344,2.257757855,1.125741172,0.835700009,0.76100776,0.709609225,0.626002438,0.485491093,0.448306336,0.429627251,0.376956372,0.352638746,0.328856298,0.303935837,0.287692628,0.271312169,0.256099329,0.25176806,0.247248419,0.234859455,0.230680733,0.224785178,0.216647211,0.211827449,0.206455681,0.202719529,0.201109102,0.198895142,0.195418594,3.235765,-1.275431
100_899,Conc,100,LL2112_NC_conc.csv,post_iqr,29.06077492,2.840494078,4.205953772,-8.16619251,-10.67005589,-0.830128747,1.252769695,-1.40951183,2.266359785,4.035040014,-0.872123029,-0.879031558,-0.146147384,0.202450237,0.594884241,-0.642780296,0.252798895,-2.695351203,-0.832619361,0.013502457,-2.513977357,-1.310789525,-2.124065994,-2.093418408,0.404027008,3.484147115,-0.981852093,-1.710385565,0.22843875,0.852921779,40.70366019,3.58978344,2.257757855,1.125741172,0.835700009,0.76100776,0.709609225,0.626002438,0.485491093,0.448306336,0.429627251,0.376956372,0.352638746,0.328856298,0.303935837,0.287692628,0.271312169,0.256099329,0.25176806,0.247248419,0.234859455,0.230680733,0.224785178,0.216647211,0.211827449,0.206455681,0.202719529,0.201109102,0.198895142,0.195418594,3.5608418,0.3018944
100_900,Conc,100,LL2112_NC_conc.csv,post_iqr,27.96526028,8.3374549,1.348984672,0.463376729,2.063209593,2.697475346,-3.921744232,0.959521175,2.25606877,2.765432934,-1.858965397,-0.789902032,-1.871536384,1.789225101,-1.046170094,1.694428556,0.705952811,-2.464267179,-1.277839457,-0.548658278,-2.498629175,-1.193392829,1.241983365,-2.197884388,-2.236823589,1.128298734,-0.09161683,-0.800453119,-0.41349972,1.020788522,40.70366019,3.58978344,2.257757855,1.125741172,0.835700009,0.76100776,0.709609225,0.626002438,0.485491093,0.448306336,0.429627251,0.376956372,0.352638746,0.328856298,0.303935837,0.287692628,0.271312169,0.256099329,0.25176806,0.247248419,0.234859455,0.230680733,0.224785178,0.216647211,0.211827449,0.206455681,0.202719529,0.201109102,0.198895142,0.195418594,3.347684,-1.153455
100_901,Conc,100,LL2112_NC_conc.csv,post_iqr,-90.46846091,1.700227829,-6.987117515,4.945589334,12.60585477,-1.074214153,0.793340818,-13.85939206,6.657778487,3.873151208,1.744184377,1.005087235,6.794218267,5.428813498,-4.94236611,-0.184606255,-1.220533943,-4.381926892,-3.050907615,-4.075192169,11.25547943,4.694668612,-6.03301574,-2.505971852,-5.316613601,-3.549412213,-8.912828045,-4.814737693,5.975193257,10.95032241,40.70366019,3.58978344,2.257757855,1.125741172,0.835700009,0.76100776,0.709609225,0.626002438,0.485491093,0.448306336,0.429627251,0.376956372,0.352638746,0.328856298,0.303935837,0.287692628,0.271312169,0.256099329,0.25176806,0.247248419,0.234859455,0.230680733,0.224785178,0.216647211,0.211827449,0.206455681,0.202719529,0.201109102,0.198895142,0.195418594,11.739723,6.028467
100_902,Conc,100,LL2112_NC_conc.csv,post_iqr,25.35796557,15.48258269,-3.646117009,-0.304407409,2.309025658,-5.091989466,15.11366403,-8.535292795,8.314406203,10.88700277,3.713437829,2.620890245,4.351505907,2.004982824,-4.291407206,3.147957454,2.440987198,0.761272514,1.221008584,-0.708343279,-5.893183917,2.434276538,-0.779144409,-1.350581599,1.867432993,1.088598884,-2.734541802,-0.374459594,-0.595973588,-0.967507326,40.70366019,3.58978344,2.257757855,1.125741172,0.835700009,0.76100776,0.709609225,0.626002438,0.485491093,0.448306336,0.429627251,0.376956372,0.352638746,0.328856298,0.303935837,0.287692628,0.271312169,0.256099329,0.25176806,0.247248419,0.234859455,0.230680733,0.224785178,0.216647211,0.211827449,0.206455681,0.202719529,0.201109102,0.198895142,0.195418594,1.2536615,-0.6256022
100_903,Conc,100,LL2112_NC_conc.csv,post_iqr,17.20953167,5.867309044,5.167269231,-4.73584548,-6.082043608,-3.732361418,1.736439186,-2.280028465,2.056821924,0.723853449,4.55191893,3.970407934,1.131217458,-5.961409385,-2.230922767,-2.315073518,3.040415762,-0.360031759,-2.594011809,0.137841987,-4.4003322,-0.024065595,0.100000252,-1.295103655,2.777496961,-0.308097443,-1.280484089,5.000641101,-2.239477468,2.250875651,40.70366019,3.58978344,2.257757855,1.125741172,0.835700009,0.76100776,0.709609225,0.626002438,0.485491093,0.448306336,0.429627251,0.376956372,0.352638746,0.328856298,0.303935837,0.287692628,0.271312169,0.256099329,0.25176806,0.247248419,0.234859455,0.230680733,0.224785178,0.216647211,0.211827449,0.206455681,0.202719529,0.201109102,0.198895142,0.195418594,2.6792505,-0.28252888
100_904,Conc,100,LL2112_NC_conc.csv,post_iqr,27.4509658,9.739295092,2.964267904,-1.128562502,0.888912593,3.886428062,-5.649924908,0.35233569,2.100325797,1.278472022,0.325010236,-0.559283961,0.566415414,0.221010835,3.225509591,-1.063003441,-1.798045922,0.964131448,-0.200700654,-1.680004882,-2.136369386,3.169876639,0.343049196,-0.989179354,-2.853403315,0.624989468,0.846650599,-1.511393334,0.22005161,0.67422817,40.70366019,3.58978344,2.257757855,1.125741172,0.835700009,0.76100776,0.709609225,0.626002438,0.485491093,0.448306336,0.429627251,0.376956372,0.352638746,0.328856298,0.303935837,0.287692628,0.271312169,0.256099329,0.25176806,0.247248419,0.234859455,0.230680733,0.224785178,0.216647211,0.211827449,0.206455681,0.202719529,0.201109102,0.198895142,0.195418594,3.1189709,-1.192876
100_905,Conc,100,LL2112_NC_conc.csv,post_iqr,-57.68427907,-0.860196606,5.555868233,-9.721146178,14.8944009,-1.001379121,12.20977925,7.758296176,1.846760753,2.070506925,8.912301178,-8.993173386,12.362262,4.769013451,-0.1038225,11.7325935,1.141773433,2.237387148,-0.730561386,-1.173927615,3.649917495,3.637355559,1.188524915,4.182548574,0.321339654,2.229708614,-2.796162431,5.708256532,-2.621331129,-4.102553723,40.70366019,3.58978344,2.257757855,1.125741172,0.835700009,0.76100776,0.709609225,0.626002438,0.485491093,0.448306336,0.429627251,0.376956372,0.352638746,0.328856298,0.303935837,0.287692628,0.271312169,0.256099329,0.25176806,0.247248419,0.234859455,0.230680733,0.224785178,0.216647211,0.211827449,0.206455681,0.202719529,0.201109102,0.198895142,0.195418594,10.337369,4.7238097
100_906,Conc,100,LL2112_NC_conc.csv,post_iqr,-83.85314306,-2.477045324,-18.2030358,-3.415674139,-9.728962562,8.616295769,-6.631167683,-7.360436055,0.694572152,-3.397740203,7.182805474,-6.52897659,-2.525881864,10.37739347,-2.130549221,2.224898437,-1.605899186,2.675255528,-0.953669017,-0.45263512,-5.420769383,-2.514609815,11.91277873,5.96925222,-10.7186607,-6.702463928,2.207128453,-6.588844015,2.28839384,-9.405789124,40.70366019,3.58978344,2.257757855,1.125741172,0.835700009,0.76100776,0.709609225,0.626002438,0.485491093,0.448306336,0.429627251,0.376956372,0.352638746,0.328856298,0.303935837,0.287692628,0.271312169,0.256099329,0.25176806,0.247248419,0.234859455,0.230680733,0.224785178,0.216647211,0.211827449,0.206455681,0.202719529,0.201109102,0.198895142,0.195418594,12.078696,4.5909095
100_907,Conc,100,LL2112_NC_conc.csv,post_iqr,24.89785195,-3.073058021,10.01715553,1.876257646,-10.52124785,-2.764868086,-1.111044397,0.011161783,2.940269822,2.506439392,-0.036606594,-0.076537909,1.458148967,-1.537905811,-3.30192811,0.847637362,-1.238399427,0.253201711,-1.168851014,-0.082320881,-0.942458054,-0.259387716,-1.517085895,1.630761351,-1.138494811,-0.208694366,-0.104858091,-1.453601845,-1.413267358,0.111507133,40.70366019,3.58978344,2.257757855,1.125741172,0.835700009,0.76100776,0.709609225,0.626002438,0.485491093,0.448306336,0.429627251,0.376956372,0.352638746,0.328856298,0.303935837,0.287692628,0.271312169,0.256099329,0.25176806,0.247248419,0.234859455,0.230680733,0.224785178,0.216647211,0.211827449,0.206455681,0.202719529,0.201109102,0.198895142,0.195418594,3.5022485,-0.22100075
100_908,Conc,100,LL2112_NC_conc.csv,post_iqr,26.90634867,4.760621795,5.578627151,2.240488131,1.110987672,3.983463152,-5.251272697,0.680362508,3.514439214,3.928337431,-1.132221319,-2.23756547,-2.031036693,2.229154281,-0.872582807,2.838233104,-1.554624679,-0.361291556,1.832168229,-2.042988704,-1.462490806,2.203502924,-2.62257599,-0.334576784,-2.024001225,0.146170133,-1.245350206,-1.420774307,-0.328295846,-0.870300394,40.70366019,3.58978344,2.257757855,1.125741172,0.835700009,0.76100776,0.709609225,0.626002438,0.485491093,0.448306336,0.429627251,0.376956372,0.352638746,0.328856298,0.303935837,0.287692628,0.271312169,0.256099329,0.25176806,0.247248419,0.234859455,0.230680733,0.224785178,0.216647211,0.211827449,0.206455681,0.202719529,0.201109102,0.198895142,0.195418594,3.646068,-0.9678627
100_909,Conc,100,LL2112_NC_conc.csv,post_iqr,-70.63729116,-13.52664056,1.181149692,-21.68085118,3.991330962,-10.52602607,-10.10441604,-9.248947161,7.935025267,-7.446801834,5.877626751,2.502116696,-2.514772116,-2.228486266,-1.22736587,-1.543946479,-1.562356252,1.147920251,6.660914071,-6.128048349,4.599240765,-2.639397252,-11.13926967,3.919474719,5.984805562,-3.315791937,5.997748559,8.194773575,1.162028923,-1.691110297,40.70366019,3.58978344,2.257757855,1.125741172,0.835700009,0.76100776,0.709609225,0.626002438,0.485491093,0.448306336,0.429627251,0.376956372,0.352638746,0.328856298,0.303935837,0.287692628,0.271312169,0.256099329,0.25176806,0.247248419,0.234859455,0.230680733,0.224785178,0.216647211,0.211827449,0.206455681,0.202719529,0.201109102,0.198895142,0.195418594,10.877138,5.9924817
100_910,Conc,100,LL2112_NC_conc.csv,post_iqr,-71.64882144,1.326948816,10.3125134,8.013324411,21.05405131,-11.27355206,8.268366257,7.507329177,5.518861791,6.123599624,2.25006782,3.870624188,9.635975606,-3.106296135,-0.976211921,-4.030227638,3.080983975,1.845173237,-3.767657151,-0.744846609,3.597731005,-1.940258437,-1.530105026,10.40143504,6.384785474,-1.63976431,0.209855278,-6.97834603,-5.387951732,1.860215521,40.70366019,3.58978344,2.257757855,1.125741172,0.835700009,0.76100776,0.709609225,0.626002438,0.485491093,0.448306336,0.429627251,0.376956372,0.352638746,0.328856298,0.303935837,0.287692628,0.271312169,0.256099329,0.25176806,0.247248419,0.234859455,0.230680733,0.224785178,0.216647211,0.211827449,0.206455681,0.202719529,0.201109102,0.198895142,0.195418594,10.798998,5.4701233
100_911,Conc,100,LL2112_NC_conc.csv,post_iqr,-51.68407259,3.68577797,-21.46886531,11.61945075,1.346021314,6.328762859,-3.500278385,18.1259979,21.85758361,-15.83768174,-10.84542997,19.88201679,-2.557333688,4.258715365,0.649121387,2.547144285,-5.336166791,10.92503895,-15.46868281,-5.70975361,-10.47428626,-4.690283807,9.836587324,-3.320232486,5.031168604,-8.030288844,-0.742545371,7.049481818,2.475948981,-7.10156612,40.70366019,3.58978344,2.257757855,1.125741172,0.835700009,0.76100776,0.709609225,0.626002438,0.485491093,0.448306336,0.429627251,0.376956372,0.352638746,0.328856298,0.303935837,0.287692628,0.271312169,0.256099329,0.25176806,0.247248419,0.234859455,0.230680733,0.224785178,0.216647211,0.211827449,0.206455681,0.202719529,0.201109102,0.198895142,0.195418594,10.085789,3.9089937
100_913,Conc,100,LL2112_NC_conc.csv,post_iqr,-75.20805866,-4.218230967,10.25232384,-4.539375202,6.228565163,-2.447518568,-0.285618993,1.542569259,-4.441193528,3.876346847,3.052352622,0.269155443,-11.21934792,9.056949353,-4.867489582,-2.98902109,-1.352064604,-0.715469832,0.309557206,-1.198554067,-1.388018427,-1.939724277,3.552999282,-6.94937806,-1.178778382,2.352763515,-1.158730099,3.835845998,1.249558333,1.464623989,40.70366019,3.58978344,2.257757855,1.125741172,0.835700009,0.76100776,0.709609225,0.626002438,0.485491093,0.448306336,0.429627251,0.376956372,0.352638746,0.328856298,0.303935837,0.287692628,0.271312169,0.256099329,0.25176806,0.247248419,0.234859455,0.230680733,0.224785178,0.216647211,0.211827449,0.206455681,0.202719529,0.201109102,0.198895142,0.195418594,11.221753,5.5933557
100_914,Conc,100,LL2112_NC_conc.csv,post_iqr,29.88614322,9.713164478,4.062699604,-5.759744871,-6.818807744,1.440864184,-1.531742967,-0.630437262,2.45174081,-3.271484402,4.335811491,1.270508581,0.255326003,-1.755190853,4.731401698,-3.908451521,1.487418097,0.162434837,0.891068633,-0.63378856,3.690688371,1.132314901,1.935361875,1.641240554,0.250990108,-2.247990972,-0.057717726,4.201928906,0.508591839,0.788806971,40.70366019,3.58978344,2.257757855,1.125741172,0.835700009,0.76100776,0.709609225,0.626002438,0.485491093,0.448306336,0.429627251,0.376956372,0.352638746,0.328856298,0.303935837,0.287692628,0.271312169,0.256099329,0.25176806,0.247248419,0.234859455,0.230680733,0.224785178,0.216647211,0.211827449,0.206455681,0.202719529,0.201109102,0.198895142,0.195418594,3.1587937,0.6030054
100_915,Conc,100,LL2112_NC_conc.csv,post_iqr,-56.24092808,3.520242123,8.763289856,-0.069414843,8.713909295,-3.604621375,-2.960739464,4.750233192,0.935743856,-0.168339683,9.782270563,-1.731403655,2.413274521,-4.694712724,-2.226535646,2.003682436,1.407956737,-6.955273427,-5.231247244,-1.2939907,-4.965697821,-12.68748038,-1.40648531,1.151163633,7.618872512,-1.693283932,0.148430871,4.625485701,-2.016927651,4.803005823,40.70366019,3.58978344,2.257757855,1.125741172,0.835700009,0.76100776,0.709609225,0.626002438,0.485491093,0.448306336,0.429627251,0.376956372,0.352638746,0.328856298,0.303935837,0.287692628,0.271312169,0.256099329,0.25176806,0.247248419,0.234859455,0.230680733,0.224785178,0.216647211,0.211827449,0.206455681,0.202719529,0.201109102,0.198895142,0.195418594,10.809711,5.2195973
100_916,Conc,100,LL2112_NC_conc.csv,post_iqr,28.49042168,7.434496556,6.685260038,-2.932863767,-5.393498924,-2.034318321,-3.931103687,-1.43793932,3.225319016,4.667291171,-2.364803922,-2.522514445,-5.480438995,2.518893721,-0.700172534,1.689168048,0.218929083,-1.016366308,0.277517115,-0.652830294,-0.188340979,2.320002893,1.55310708,2.326280445,-0.915875498,-1.431800496,-1.141835805,1.766800907,0.717375424,1.081452578,40.70366019,3.58978344,2.257757855,1.125741172,0.835700009,0.76100776,0.709609225,0.626002438,0.485491093,0.448306336,0.429627251,0.376956372,0.352638746,0.328856298,0.303935837,0.287692628,0.271312169,0.256099329,0.25176806,0.247248419,0.234859455,0.230680733,0.224785178,0.216647211,0.211827449,0.206455681,0.202719529,0.201109102,0.198895142,0.195418594,3.923685,0.086543
100_917,Conc,100,LL2112_NC_conc.csv,post_iqr,24.39872185,10.84134487,1.493982802,0.368847422,-9.549070693,-5.171040377,2.792209529,-1.715884792,-1.982986915,-6.60006409,10.05180745,5.129271261,3.019633516,-2.511993919,2.313293156,-5.369614278,0.970532578,-1.381254483,2.072698173,0.085824011,-2.701099574,-2.106486391,-2.719427304,-0.807899003,1.053773305,0.564520317,0.63644864,-1.812418743,1.384258089,2.609033634,40.70366019,3.58978344,2.257757855,1.125741172,0.835700009,0.76100776,0.709609225,0.626002438,0.485491093,0.448306336,0.429627251,0.376956372,0.352638746,0.328856298,0.303935837,0.287692628,0.271312169,0.256099329,0.25176806,0.247248419,0.234859455,0.230680733,0.224785178,0.216647211,0.211827449,0.206455681,0.202719529,0.201109102,0.198895142,0.195418594,1.6296626,-1.4080713
100_918,Conc,100,LL2112_NC_conc.csv,post_iqr,27.80146834,11.06486295,1.414023963,0.695170492,2.305906607,5.348296602,0.018898526,-3.316971659,4.492687594,5.170404308,1.501146498,0.101517424,5.66399545,-4.022097784,-0.423204845,-1.768284651,0.562850626,4.390268159,-0.226225856,0.926899221,-1.857707456,0.986831214,-3.739252078,-0.57847487,-1.635338862,-1.829550499,-0.990095183,0.200746003,-1.655390323,1.790530926,40.70366019,3.58978344,2.257757855,1.125741172,0.835700009,0.76100776,0.709609225,0.626002438,0.485491093,0.448306336,0.429627251,0.376956372,0.352638746,0.328856298,0.303935837,0.287692628,0.271312169,0.256099329,0.25176806,0.247248419,0.234859455,0.230680733,0.224785178,0.216647211,0.211827449,0.206455681,0.202719529,0.201109102,0.198895142,0.195418594,1.7562697,-0.7139477
100_919,Conc,100,LL2112_NC_conc.csv,post_iqr,-80.05738254,16.51313707,-12.79755161,32.87173919,-16.9577586,19.54315959,6.539930311,23.62865532,11.88598412,7.349819443,-9.027515039,-19.25165316,7.305714608,-11.10461121,-4.371251127,2.033249223,7.931619158,-0.516020318,4.830632941,5.894254936,-4.179062417,-14.84973017,9.529111715,7.353229345,-6.191671876,5.21370216,4.718339901,4.201417803,-7.597884541,0.011145379,40.70366019,3.58978344,2.257757855,1.125741172,0.835700009,0.76100776,0.709609225,0.626002438,0.485491093,0.448306336,0.429627251,0.376956372,0.352638746,0.328856298,0.303935837,0.287692628,0.271312169,0.256099329,0.25176806,0.247248419,0.234859455,0.230680733,0.224785178,0.216647211,0.211827449,0.206455681,0.202719529,0.201109102,0.198895142,0.195418594,12.051422,4.9887805
100_920,Conc,100,LL2112_NC_conc.csv,post_iqr,30.05513478,5.011053326,4.409020353,-4.45930263,5.29147696,7.277477748,4.406351456,-5.335437567,4.151862038,-0.339408428,-1.550016417,0.530431464,0.477095486,2.546583917,2.097009935,-0.844477058,-3.866113511,-0.984549036,2.66701634,0.268463339,2.316283808,0.498970172,1.249003423,0.18852438,-1.310207339,1.053758445,0.079107419,-0.902957613,-0.743576924,0.185047752,40.70366019,3.58978344,2.257757855,1.125741172,0.835700009,0.76100776,0.709609225,0.626002438,0.485491093,0.448306336,0.429627251,0.376956372,0.352638746,0.328856298,0.303935837,0.287692628,0.271312169,0.256099329,0.25176806,0.247248419,0.234859455,0.230680733,0.224785178,0.216647211,0.211827449,0.206455681,0.202719529,0.201109102,0.198895142,0.195418594,2.657517,0.37008572
100_921,Conc,100,LL2112_NC_conc.csv,post_iqr,27.49361813,10.84996164,7.675281801,4.639530234,-6.613219672,-1.914195735,-2.957037904,-0.720360168,3.296118071,2.190839041,0.634080099,-4.663515999,-0.163410109,0.84548963,-0.059448942,2.713432657,0.45232056,1.328335748,-0.081597175,-0.809672437,-1.289686937,0.440135017,-0.558168829,2.788807081,-0.658722225,-2.997173946,-0.341109724,0.063483013,0.64016099,1.470005626,40.70366019,3.58978344,2.257757855,1.125741172,0.835700009,0.76100776,0.709609225,0.626002438,0.485491093,0.448306336,0.429627251,0.376956372,0.352638746,0.328856298,0.303935837,0.287692628,0.271312169,0.256099329,0.25176806,0.247248419,0.234859455,0.230680733,0.224785178,0.216647211,0.211827449,0.206455681,0.202719529,0.201109102,0.198895142,0.195418594,1.5314264,-1.5361302
100_922,Conc,100,LL2112_NC_conc.csv,post_iqr,26.44448337,8.980233416,7.153303594,5.835967214,-1.509813107,2.353273617,-4.615505181,0.766955781,0.0406721,0.730788049,-1.53371008,-3.744761452,0.154887694,-0.430901284,-0.01735813,5.739289763,-0.70465378,-0.010159225,1.010656221,0.360235465,2.50439854,0.13084925,-0.495976082,2.326287743,-3.317464947,1.199257369,-2.039720127,-1.773592687,0.274146833,-3.380876197,40.70366019,3.58978344,2.257757855,1.125741172,0.835700009,0.76100776,0.709609225,0.626002438,0.485491093,0.448306336,0.429627251,0.376956372,0.352638746,0.328856298,0.303935837,0.287692628,0.271312169,0.256099329,0.25176806,0.247248419,0.234859455,0.230680733,0.224785178,0.216647211,0.211827449,0.206455681,0.202719529,0.201109102,0.198895142,0.195418594,3.0295746,-1.8953973
100_923,Conc,100,LL2112_NC_conc.csv,post_iqr,29.11239201,-3.503610004,8.162366866,-1.53313772,-9.402309823,-5.871353117,-0.317597617,-2.887738199,3.85844331,-0.002577428,0.061662095,1.248139585,-2.692851919,1.931498902,0.282493745,3.305150187,-4.021883511,-0.648879478,-0.469421408,-0.568571816,-0.268672878,-4.929320834,-1.032498087,1.00967246,-1.458011854,1.266344386,1.755286848,-2.237591108,-1.334705491,0.90758315,40.70366019,3.58978344,2.257757855,1.125741172,0.835700009,0.76100776,0.709609225,0.626002438,0.485491093,0.448306336,0.429627251,0.376956372,0.352638746,0.328856298,0.303935837,0.287692628,0.271312169,0.256099329,0.25176806,0.247248419,0.234859455,0.230680733,0.224785178,0.216647211,0.211827449,0.206455681,0.202719529,0.201109102,0.198895142,0.195418594,3.6981635,-0.12264949
100_924,Conc,100,LL2112_NC_conc.csv,post_iqr,28.41106382,8.341179807,4.184676365,-1.981754477,1.802811713,2.778914041,-4.786237919,1.241750321,-0.130493599,2.785806333,-2.533373907,-0.687890942,0.801826351,-1.075198559,1.060380979,2.666699037,-1.111059353,0.430895212,0.224688554,2.429501267,-1.921837592,0.153273799,-2.223867626,0.394890715,-1.965657822,2.727468058,1.060958414,-0.249443564,-1.175782122,-1.561726039,40.70366019,3.58978344,2.257757855,1.125741172,0.835700009,0.76100776,0.709609225,0.626002438,0.485491093,0.448306336,0.429627251,0.376956372,0.352638746,0.328856298,0.303935837,0.287692628,0.271312169,0.256099329,0.25176806,0.247248419,0.234859455,0.230680733,0.224785178,0.216647211,0.211827449,0.206455681,0.202719529,0.201109102,0.198895142,0.195418594,3.8051767,-0.724733
100_925,Conc,100,LL2112_NC_conc.csv,post_iqr,-51.47117661,6.349902928,13.896618,-0.860854519,14.57798485,-19.1432466,16.40660984,9.557697133,5.282077404,-3.665965295,11.72112955,0.696093975,3.982617935,4.86496487,5.878071549,2.954111675,-0.392241501,-2.377177131,0.749112115,7.559666626,1.118356342,-4.05888826,-5.265410058,0.045586083,0.300652322,-2.022937231,1.530882939,7.836760082,-11.21743535,-7.539510026,40.70366019,3.58978344,2.257757855,1.125741172,0.835700009,0.76100776,0.709609225,0.626002438,0.485491093,0.448306336,0.429627251,0.376956372,0.352638746,0.328856298,0.303935837,0.287692628,0.271312169,0.256099329,0.25176806,0.247248419,0.234859455,0.230680733,0.224785178,0.216647211,0.211827449,0.206455681,0.202719529,0.201109102,0.198895142,0.195418594,10.083487,4.708586
100_926,Conc,100,LL2112_NC_conc.csv,post_iqr,-60.87876933,-1.469478284,13.86303398,-3.997374546,7.605797173,-4.778539346,-2.609074957,0.994977363,-2.851333088,5.494453435,0.335316255,-5.228778882,0.437641423,-10.64752224,2.304502886,4.979635855,1.485065543,2.07965178,-5.154390015,0.51290121,-4.958661234,-0.819985173,-3.913427718,-0.77154153,-4.320869036,-9.584838158,-0.955365225,1.373646441,2.585639246,-2.718656581,40.70366019,3.58978344,2.257757855,1.125741172,0.835700009,0.76100776,0.709609225,0.626002438,0.485491093,0.448306336,0.429627251,0.376956372,0.352638746,0.328856298,0.303935837,0.287692628,0.271312169,0.256099329,0.25176806,0.247248419,0.234859455,0.230680733,0.224785178,0.216647211,0.211827449,0.206455681,0.202719529,0.201109102,0.198895142,0.195418594,10.640189,5.2066126
100_927,Conc,100,LL2112_NC_conc.csv,post_iqr,24.60517127,17.60503561,8.97094648,9.776347709,-7.056918782,-5.099501383,-1.760281061,0.567082047,0.248422519,-3.551945961,2.626986536,0.673756349,-1.119490163,1.746271101,0.050882764,1.747415107,-0.404492373,-2.579534455,1.19389113,-2.201885127,0.044765328,-0.341678595,1.464490501,-4.676790353,1.553866209,0.526459565,1.00959563,-0.26995634,2.170460015,0.042976,40.70366019,3.58978344,2.257757855,1.125741172,0.835700009,0.76100776,0.709609225,0.626002438,0.485491093,0.448306336,0.429627251,0.376956372,0.352638746,0.328856298,0.303935837,0.287692628,0.271312169,0.256099329,0.25176806,0.247248419,0.234859455,0.230680733,0.224785178,0.216647211,0.211827449,0.206455681,0.202719529,0.201109102,0.198895142,0.195418594,1.964429,-2.1671371
100_929,Conc,100,LL2112_NC_conc.csv,post_iqr,-14.85703236,13.04234859,-52.14553187,-8.672952372,4.139066316,-5.898997923,8.902431698,-1.384755892,15.39436476,-0.986265632,6.20558138,-5.037660424,-18.27920613,-6.958515373,-24.4264345,6.830273681,15.43597528,3.664607528,-11.69170333,36.05082419,20.47043562,-9.139825685,3.617186097,-17.87440431,-8.382618569,1.776937118,-1.103801032,-10.4020135,-0.65814214,-12.93125896,40.70366019,3.58978344,2.257757855,1.125741172,0.835700009,0.76100776,0.709609225,0.626002438,0.485491093,0.448306336,0.429627251,0.376956372,0.352638746,0.328856298,0.303935837,0.287692628,0.271312169,0.256099329,0.25176806,0.247248419,0.234859455,0.230680733,0.224785178,0.216647211,0.211827449,0.206455681,0.202719529,0.201109102,0.198895142,0.195418594,3.785907,-1.4462703
100_930,Conc,100,LL2112_NC_conc.csv,post_iqr,30.92960101,-1.054656929,8.609604916,-8.166223909,-1.624778636,5.747155492,-2.843787315,-0.349214633,2.955850632,2.809948173,-1.690691986,-2.269235171,1.178160073,0.279336863,2.754562328,0.087127666,-0.315945743,0.417036459,0.786955043,-0.637767823,2.111238841,-1.316181566,0.061346905,-0.341874434,0.9926381,-0.051599993,0.338168361,-0.068503821,-0.361461686,-0.986286567,40.70366019,3.58978344,2.257757855,1.125741172,0.835700009,0.76100776,0.709609225,0.626002438,0.485491093,0.448306336,0.429627251,0.376956372,0.352638746,0.328856298,0.303935837,0.287692628,0.271312169,0.256099329,0.25176806,0.247248419,0.234859455,0.230680733,0.224785178,0.216647211,0.211827449,0.206455681,0.202719529,0.201109102,0.198895142,0.195418594,3.2231812,0.63141614
100_931,Conc,100,LL2112_NC_conc.csv,post_iqr,23.80825189,19.42628532,4.546221909,15.16764718,-6.639908997,-5.699085609,-1.366032232,0.603138557,-0.434164902,-6.341442713,9.278449238,1.876559194,1.006529802,1.533969174,0.848619909,-1.095267068,2.007025715,0.14294416,1.268746799,0.539494399,-2.255116546,0.48397804,1.394515521,-0.786452708,-1.140623643,-0.936458805,-1.114960669,-0.412523425,0.478217352,1.197404896,40.70366019,3.58978344,2.257757855,1.125741172,0.835700009,0.76100776,0.709609225,0.626002438,0.485491093,0.448306336,0.429627251,0.376956372,0.352638746,0.328856298,0.303935837,0.287692628,0.271312169,0.256099329,0.25176806,0.247248419,0.234859455,0.230680733,0.224785178,0.216647211,0.211827449,0.206455681,0.202719529,0.201109102,0.198895142,0.195418594,1.8465691,-2.1569262
100_932,Conc,100,LL2112_NC_conc.csv,post_iqr,23.03192932,8.078174313,-5.300670713,-8.942175857,2.5940652,2.093226914,-5.293767006,1.715223196,-1.216322877,0.152092241,0.044998346,5.134437806,1.368679887,-2.27714309,3.051457192,0.132103114,-1.813042564,-5.094554079,-0.255330449,2.539290727,-0.847745623,-1.73447868,-4.384647412,3.553343055,2.477842355,3.462179245,-2.943812565,1.64251282,0.085561955,2.874525455,40.70366019,3.58978344,2.257757855,1.125741172,0.835700009,0.76100776,0.709609225,0.626002438,0.485491093,0.448306336,0.429627251,0.376956372,0.352638746,0.328856298,0.303935837,0.287692628,0.271312169,0.256099329,0.25176806,0.247248419,0.234859455,0.230680733,0.224785178,0.216647211,0.211827449,0.206455681,0.202719529,0.201109102,0.198895142,0.195418594,3.7358813,0.047751162
100_933,Conc,100,LL2112_NC_conc.csv,post_iqr,-71.62168001,4.086863013,-7.698892261,1.893722956,2.061748274,0.447825891,-7.64763681,-4.610572391,0.256379713,1.27278691,-3.40873851,7.492975973,-2.67455824,1.534520546,4.410610331,-4.059311463,1.290811337,-3.327013939,-5.399476681,-2.657437533,1.252971154,5.984622987,4.670027638,10.06147612,0.284978609,-3.314414698,1.737325552,-3.5313358,5.204553336,3.668822675,40.70366019,3.58978344,2.257757855,1.125741172,0.835700009,0.76100776,0.709609225,0.626002438,0.485491093,0.448306336,0.429627251,0.376956372,0.352638746,0.328856298,0.303935837,0.287692628,0.271312169,0.256099329,0.25176806,0.247248419,0.234859455,0.230680733,0.224785178,0.216647211,0.211827449,0.206455681,0.202719529,0.201109102,0.198895142,0.195418594,12.097506,5.3603754
100_935,Conc,100,LL2112_NC_conc.csv,post_iqr,17.63412946,3.573654223,-27.76468941,-19.64896913,22.51238818,-9.272785145,1.321072013,-12.43654673,0.744203166,9.77935385,7.641722703,6.214403123,-1.712735006,-4.566981673,-0.877294391,1.108203991,7.955783664,10.11081039,-3.980417908,-3.521090837,-6.18320865,-1.997265553,-3.651107207,2.857754824,3.946393262,-3.878534148,9.068651919,-10.05805236,-4.146862113,-3.241765198,40.70366019,3.58978344,2.257757855,1.125741172,0.835700009,0.76100776,0.709609225,0.626002438,0.485491093,0.448306336,0.429627251,0.376956372,0.352638746,0.328856298,0.303935837,0.287692628,0.271312169,0.256099329,0.25176806,0.247248419,0.234859455,0.230680733,0.224785178,0.216647211,0.211827449,0.206455681,0.202719529,0.201109102,0.198895142,0.195418594,2.679157,0.9333164
100_936,Conc,100,LL2112_NC_conc.csv,post_iqr,23.74341424,17.20993393,3.591987399,7.027811083,-7.825362571,-8.844583561,-0.368756395,0.023547819,-0.412050966,-1.043661368,3.286382118,1.479333553,-2.011868938,1.022584731,1.656389379,2.372107037,1.512123896,1.569674713,-0.988294541,0.710038756,-2.036096333,2.385171455,-0.778441125,1.003888143,-2.334965994,-1.054729897,1.516733633,0.170538443,3.327018341,1.867705661,40.70366019,3.58978344,2.257757855,1.125741172,0.835700009,0.76100776,0.709609225,0.626002438,0.485491093,0.448306336,0.429627251,0.376956372,0.352638746,0.328856298,0.303935837,0.287692628,0.271312169,0.256099329,0.25176806,0.247248419,0.234859455,0.230680733,0.224785178,0.216647211,0.211827449,0.206455681,0.202719529,0.201109102,0.198895142,0.195418594,1.4611602,-1.8286186
100_937,Conc,100,LL2112_NC_conc.csv,post_iqr,-86.92494189,-1.199087158,2.564301846,9.959563452,-0.879807822,4.72307233,-8.943020477,-4.54065454,8.128706581,1.58015913,-4.277703275,-0.860208792,1.731096472,1.211575335,2.44103006,-3.286177923,-6.461995492,-3.375812107,-0.833768825,-3.253520956,4.080703584,3.429845391,0.551614103,-5.953727166,-3.012666042,-0.668270773,0.222987267,-4.48580153,-0.667222038,-3.36992944,40.70366019,3.58978344,2.257757855,1.125741172,0.835700009,0.76100776,0.709609225,0.626002438,0.485491093,0.448306336,0.429627251,0.376956372,0.352638746,0.328856298,0.303935837,0.287692628,0.271312169,0.256099329,0.25176806,0.247248419,0.234859455,0.230680733,0.224785178,0.216647211,0.211827449,0.206455681,0.202719529,0.201109102,0.198895142,0.195418594,12.183722,6.097573
100_938,Conc,100,LL2112_NC_conc.csv,post_iqr,30.57492182,7.599543001,0.915330279,-4.040288618,-1.978864564,3.043697657,1.53453918,-3.584817271,0.542310193,-4.612150979,0.664576948,-3.005314145,-0.123718754,-1.259174222,0.808230621,-3.584647222,-1.510045017,1.807490905,-2.347359241,-0.013329575,3.507990284,-0.939016967,2.444607282,-2.255022816,-2.03715684,-3.52081795,2.103984121,1.660568677,1.275060996,2.438151751,40.70366019,3.58978344,2.257757855,1.125741172,0.835700009,0.76100776,0.709609225,0.626002438,0.485491093,0.448306336,0.429627251,0.376956372,0.352638746,0.328856298,0.303935837,0.287692628,0.271312169,0.256099329,0.25176806,0.247248419,0.234859455,0.230680733,0.224785178,0.216647211,0.211827449,0.206455681,0.202719529,0.201109102,0.198895142,0.195418594,1.8585851,0.17192738
100_939,Conc,100,LL2112_NC_conc.csv,post_iqr,26.58661267,15.28991589,-0.476186284,2.60329465,-0.576954977,0.175040649,-6.451202045,2.294342196,-2.192880131,-1.236901754,2.755460526,-2.291039203,2.048591794,1.4035244,1.840721153,2.614803856,-0.438394062,0.953970312,-1.633905928,2.818726227,2.410769435,2.610460397,-4.439683383,-1.905730325,-2.688267471,0.771544895,-0.143679972,0.228930876,-0.592789257,-1.914591757,40.70366019,3.58978344,2.257757855,1.125741172,0.835700009,0.76100776,0.709609225,0.626002438,0.485491093,0.448306336,0.429627251,0.376956372,0.352638746,0.328856298,0.303935837,0.287692628,0.271312169,0.256099329,0.25176806,0.247248419,0.234859455,0.230680733,0.224785178,0.216647211,0.211827449,0.206455681,0.202719529,0.201109102,0.198895142,0.195418594,2.4892273,-2.3079312
100_940,Conc,100,LL2112_NC_conc.csv,post_iqr,22.63369777,-3.176892253,-5.981530406,-19.42391783,-10.88323717,-4.940443777,1.009772053,-0.179191344,3.719413426,4.527265822,-1.539265036,-0.770781899,0.329468374,-1.026492624,5.258224233,-3.584498469,1.087865758,-2.691942638,-4.408380856,0.66364108,-1.616444773,-0.105790818,0.075699203,-2.644275485,2.392557649,0.216256709,3.722010768,-0.2643351,-1.136908574,0.388187261,40.70366019,3.58978344,2.257757855,1.125741172,0.835700009,0.76100776,0.709609225,0.626002438,0.485491093,0.448306336,0.429627251,0.376956372,0.352638746,0.328856298,0.303935837,0.287692628,0.271312169,0.256099329,0.25176806,0.247248419,0.234859455,0.230680733,0.224785178,0.216647211,0.211827449,0.206455681,0.202719529,0.201109102,0.198895142,0.195418594,3.4161468,1.2492211
100_941,Conc,100,LL2112_NC_conc.csv,post_iqr,-51.78164966,8.712437352,8.855262756,-2.898944396,1.195289351,11.94809539,-3.756755471,9.472320032,-8.86511707,2.016278414,8.041022471,1.609279399,0.05018881,6.953924041,2.022748423,-2.984662502,4.075300334,3.54412614,-1.283442755,-2.875364636,5.842097824,3.027619921,-3.233414747,1.729764994,-6.790672165,1.901152103,-2.028664849,-4.554061053,4.423130496,4.906793495,40.70366019,3.58978344,2.257757855,1.125741172,0.835700009,0.76100776,0.709609225,0.626002438,0.485491093,0.448306336,0.429627251,0.376956372,0.352638746,0.328856298,0.303935837,0.287692628,0.271312169,0.256099329,0.25176806,0.247248419,0.234859455,0.230680733,0.224785178,0.216647211,0.211827449,0.206455681,0.202719529,0.201109102,0.198895142,0.195418594,11.0884695,4.512672
100_942,Conc,100,LL2112_NC_conc.csv,post_iqr,27.39345501,11.66469417,7.78078383,5.92780989,-7.738710355,-4.603620446,-1.395864179,-2.141517968,3.65161194,-2.473442434,6.217372377,-1.151084973,-0.511549282,-0.802919772,2.382197861,0.595808534,0.886762535,-0.439004227,0.992646045,1.169798006,-0.212160537,0.567671334,0.510732389,-2.172798428,0.951632129,-0.078730061,0.985802705,0.340820301,0.70417531,1.586867928,40.70366019,3.58978344,2.257757855,1.125741172,0.835700009,0.76100776,0.709609225,0.626002438,0.485491093,0.448306336,0.429627251,0.376956372,0.352638746,0.328856298,0.303935837,0.287692628,0.271312169,0.256099329,0.25176806,0.247248419,0.234859455,0.230680733,0.224785178,0.216647211,0.211827449,0.206455681,0.202719529,0.201109102,0.198895142,0.195418594,1.7514001,-2.0478864
100_943,Conc,100,LL2112_NC_conc.csv,post_iqr,30.84488343,0.033439342,8.678986202,-6.474889755,-8.47895911,3.962563406,-3.410822237,-1.311675785,3.641964544,4.315911496,-3.508743073,-5.238222397,0.765144807,-1.707909147,-0.727392902,-2.259163322,1.438484521,3.428340854,-1.67937436,0.92973789,-1.333996143,-0.405593034,1.77745817,-1.08585127,1.208302556,-1.586490978,-2.365139739,1.730199876,0.05363172,0.478337867,40.70366019,3.58978344,2.257757855,1.125741172,0.835700009,0.76100776,0.709609225,0.626002438,0.485491093,0.448306336,0.429627251,0.376956372,0.352638746,0.328856298,0.303935837,0.287692628,0.271312169,0.256099329,0.25176806,0.247248419,0.234859455,0.230680733,0.224785178,0.216647211,0.211827449,0.206455681,0.202719529,0.201109102,0.198895142,0.195418594,3.7161276,0.7532792
100_944,Conc,100,LL2112_NC_conc.csv,post_iqr,24.75187676,4.905811862,-1.3329044,-1.468976057,10.81305174,0.657121281,2.621069442,-3.487400932,2.38236669,0.236452051,-1.405157451,1.502753173,-4.194546433,2.747809552,2.059640841,-0.578786394,-2.266265373,1.518617295,1.673247061,-0.259104945,-3.923364728,-3.192329143,-2.080930635,0.117426537,1.326619067,2.526867088,-0.304671533,-0.487724477,-1.638143052,2.374318274,40.70366019,3.58978344,2.257757855,1.125741172,0.835700009,0.76100776,0.709609225,0.626002438,0.485491093,0.448306336,0.429627251,0.376956372,0.352638746,0.328856298,0.303935837,0.287692628,0.271312169,0.256099329,0.25176806,0.247248419,0.234859455,0.230680733,0.224785178,0.216647211,0.211827449,0.206455681,0.202719529,0.201109102,0.198895142,0.195418594,3.460765,-0.8672271
100_945,Conc,100,LL2112_NC_conc.csv,post_iqr,27.9712611,6.727311043,-2.738670892,-7.381099892,2.150023527,1.688025335,-5.822689294,1.400436541,0.061628393,-1.239500984,2.383025885,-0.778558219,1.505537854,0.396099442,2.789388104,-3.167716981,0.759997386,1.916901173,0.093614085,-0.437381401,-0.740942404,1.793675968,3.068090736,-0.773057562,0.15941644,1.050526714,-1.078634064,2.21981671,0.106882466,1.641655337,40.70366019,3.58978344,2.257757855,1.125741172,0.835700009,0.76100776,0.709609225,0.626002438,0.485491093,0.448306336,0.429627251,0.376956372,0.352638746,0.328856298,0.303935837,0.287692628,0.271312169,0.256099329,0.25176806,0.247248419,0.234859455,0.230680733,0.224785178,0.216647211,0.211827449,0.206455681,0.202719529,0.201109102,0.198895142,0.195418594,3.7243001,0.48943755
100_946,Conc,100,LL2112_NC_conc.csv,post_iqr,28.57535164,10.44480068,8.328982626,4.134072133,-6.154703287,-3.362077839,-4.056099777,0.907484933,1.528095026,1.601695594,-1.77671382,-1.867905515,-1.644518302,0.461593961,0.218161249,-0.01501225,0.357372165,-0.420983771,-0.229262164,0.574773922,0.128919585,1.588087332,-1.13550609,3.513001163,-1.216196255,-2.666583943,-3.000432931,-0.251191279,2.158686719,1.926485164,40.70366019,3.58978344,2.257757855,1.125741172,0.835700009,0.76100776,0.709609225,0.626002438,0.485491093,0.448306336,0.429627251,0.376956372,0.352638746,0.328856298,0.303935837,0.287692628,0.271312169,0.256099329,0.25176806,0.247248419,0.234859455,0.230680733,0.224785178,0.216647211,0.211827449,0.206455681,0.202719529,0.201109102,0.198895142,0.195418594,1.6165802,-1.8487597
100_947,Conc,100,LL2112_NC_conc.csv,post_iqr,7.543613905,-4.342508792,-7.641528954,-11.87381237,4.281951649,0.346421515,11.54108609,-5.878418071,5.240742582,11.53932905,1.634791847,4.140581365,7.319476514,0.327892849,-2.374161717,4.181824836,5.501016644,1.585583527,0.604371751,-1.411032035,0.03034642,-0.581091763,3.605009169,-5.958563633,-3.509454811,-5.441736454,2.701944526,0.274468632,-1.575159717,4.333311644,40.70366019,3.58978344,2.257757855,1.125741172,0.835700009,0.76100776,0.709609225,0.626002438,0.485491093,0.448306336,0.429627251,0.376956372,0.352638746,0.328856298,0.303935837,0.287692628,0.271312169,0.256099329,0.25176806,0.247248419,0.234859455,0.230680733,0.224785178,0.216647211,0.211827449,0.206455681,0.202719529,0.201109102,0.198895142,0.195418594,2.9729877,1.2117509
100_949,Conc,100,LL2112_NC_conc.csv,post_iqr,27.65839476,-5.91978524,1.233773339,-13.87237657,-7.522140995,2.35614146,0.351308831,-0.452051476,2.283371352,-0.695536628,0.360316769,-1.654315785,-2.20186369,1.472383799,5.072915906,-1.926532272,-1.218597271,-0.271526377,2.370840715,0.707242153,1.401745601,-1.131951491,6.240970225,-0.093543581,-0.024703084,-1.330236841,0.004521571,-0.01687242,-0.047907006,2.222486668,40.70366019,3.58978344,2.257757855,1.125741172,0.835700009,0.76100776,0.709609225,0.626002438,0.485491093,0.448306336,0.429627251,0.376956372,0.352638746,0.328856298,0.303935837,0.287692628,0.271312169,0.256099329,0.25176806,0.247248419,0.234859455,0.230680733,0.224785178,0.216647211,0.211827449,0.206455681,0.202719529,0.201109102,0.198895142,0.195418594,3.5314176,1.0628992
100_951,Conc,100,LL2112_NC_conc.csv,post_iqr,25.27680896,0.387878127,-4.238083898,-13.17772349,1.294643791,4.99708968,-4.941684481,2.02330205,0.416589348,5.000884008,0.475766383,-1.509196415,0.40878984,-0.365927308,2.224649022,-3.720113334,4.40826142,4.511844077,-4.254809522,1.210744768,1.15502584,1.790841135,4.703924785,-3.088734915,-0.188839141,0.8906264,3.413686008,-0.884946965,-2.528082874,0.512590153,40.70366019,3.58978344,2.257757855,1.125741172,0.835700009,0.76100776,0.709609225,0.626002438,0.485491093,0.448306336,0.429627251,0.376956372,0.352638746,0.328856298,0.303935837,0.287692628,0.271312169,0.256099329,0.25176806,0.247248419,0.234859455,0.230680733,0.224785178,0.216647211,0.211827449,0.206455681,0.202719529,0.201109102,0.198895142,0.195418594,3.4788089,1.0214446
100_952,Conc,100,LL2112_NC_conc.csv,post_iqr,26.59764064,12.97570979,6.821559994,6.29030302,-8.885711089,-8.482062422,-1.048414056,-1.17493099,0.967245123,-3.011285398,3.512633971,1.209840382,-1.999492153,-0.022573538,0.538539566,1.144067723,0.775564331,1.240218784,-0.412756932,0.15551145,-0.303496728,-0.107511205,0.954236522,-2.71849901,-0.136781398,-0.465381512,2.2558589,0.075885865,1.359288323,3.795166347,40.70366019,3.58978344,2.257757855,1.125741172,0.835700009,0.76100776,0.709609225,0.626002438,0.485491093,0.448306336,0.429627251,0.376956372,0.352638746,0.328856298,0.303935837,0.287692628,0.271312169,0.256099329,0.25176806,0.247248419,0.234859455,0.230680733,0.224785178,0.216647211,0.211827449,0.206455681,0.202719529,0.201109102,0.198895142,0.195418594,1.596691,-2.0191631
100_953,Conc,100,LL2112_NC_conc.csv,post_iqr,25.14435039,9.303702363,5.9441927,4.975506795,-3.267836293,-3.505811624,-5.485471734,2.185066958,2.996101783,-0.923723624,2.713775486,0.387770162,-3.473658737,0.804669181,1.218017266,1.830935976,1.180174886,-0.055630004,2.307774659,2.136125441,1.354338735,1.408742107,4.334874628,1.109830734,-0.601655453,-2.945106214,-1.167907277,1.976160121,-1.102107147,4.860954654,40.70366019,3.58978344,2.257757855,1.125741172,0.835700009,0.76100776,0.709609225,0.626002438,0.485491093,0.448306336,0.429627251,0.376956372,0.352638746,0.328856298,0.303935837,0.287692628,0.271312169,0.256099329,0.25176806,0.247248419,0.234859455,0.230680733,0.224785178,0.216647211,0.211827449,0.206455681,0.202719529,0.201109102,0.198895142,0.195418594,1.9871975,-1.6488295
100_954,Conc,100,LL2112_NC_conc.csv,post_iqr,26.1263241,13.34351233,1.53473656,2.393629334,3.808306591,-0.217674497,-7.55083031,1.636786215,-2.627149488,-1.429065303,1.14280936,-0.444063723,1.087007356,0.795000446,2.386892025,4.094756831,-1.477768753,-2.149761632,2.179793024,1.698599964,1.439441694,0.416175264,-2.310550059,1.553264476,1.357197511,-0.316476432,-0.464054372,-0.170674509,2.763987438,-2.281812372,40.70366019,3.58978344,2.257757855,1.125741172,0.835700009,0.76100776,0.709609225,0.626002438,0.485491093,0.448306336,0.429627251,0.376956372,0.352638746,0.328856298,0.303935837,0.287692628,0.271312169,0.256099329,0.25176806,0.247248419,0.234859455,0.230680733,0.224785178,0.216647211,0.211827449,0.206455681,0.202719529,0.201109102,0.198895142,0.195418594,2.6709006,-1.6959041
100_955,Conc,100,LL2112_NC_conc.csv,post_iqr,23.82747988,15.9454207,-0.277308953,6.918299439,3.324956469,-7.635033529,-8.399240892,-0.86045524,-2.041426739,-3.488606633,8.975457825,6.601361376,-1.515491753,1.537604091,-1.165292765,-2.501739522,1.405321762,1.13596139,1.406883566,-1.402156638,-1.352814269,0.825564332,1.264124592,2.473069126,1.556146893,-2.919492238,-2.968126636,3.667929902,0.066988591,0.104204319,40.70366019,3.58978344,2.257757855,1.125741172,0.835700009,0.76100776,0.709609225,0.626002438,0.485491093,0.448306336,0.429627251,0.376956372,0.352638746,0.328856298,0.303935837,0.287692628,0.271312169,0.256099329,0.25176806,0.247248419,0.234859455,0.230680733,0.224785178,0.216647211,0.211827449,0.206455681,0.202719529,0.201109102,0.198895142,0.195418594,2.3574195,-2.2349575
100_956,Conc,100,LL2112_NC_conc.csv,post_iqr,24.97400771,16.28974127,-5.766416269,1.132668485,13.04122837,0.855086135,9.749598106,-5.562685076,2.774382746,9.175559286,2.531617892,5.862098965,6.74647247,3.833363945,-0.555919023,4.077924796,1.03317405,2.833418456,6.051373964,0.249702388,-1.813852647,1.794338472,0.139146005,-2.196062622,0.681882904,-0.222266255,-0.119645984,-0.592116146,-1.490057299,0.345967591,40.70366019,3.58978344,2.257757855,1.125741172,0.835700009,0.76100776,0.709609225,0.626002438,0.485491093,0.448306336,0.429627251,0.376956372,0.352638746,0.328856298,0.303935837,0.287692628,0.271312169,0.256099329,0.25176806,0.247248419,0.234859455,0.230680733,0.224785178,0.216647211,0.211827449,0.206455681,0.202719529,0.201109102,0.198895142,0.195418594,1.2699193,-1.108617
100_957,Conc,100,LL2112_NC_conc.csv,post_iqr,-65.54973963,7.721248108,13.29361138,9.514425125,7.158083699,-5.359136306,-2.81743344,1.497330052,-0.575213375,5.858855046,8.098081474,-3.310717112,3.892866387,1.103549973,6.976616655,-1.136373349,2.039707913,1.967983456,-6.47340435,0.000626069,5.562805959,1.943520252,-1.045033246,5.379333142,-3.997817581,4.338951961,1.051901901,-3.08825377,6.097043657,0.559682081,40.70366019,3.58978344,2.257757855,1.125741172,0.835700009,0.76100776,0.709609225,0.626002438,0.485491093,0.448306336,0.429627251,0.376956372,0.352638746,0.328856298,0.303935837,0.287692628,0.271312169,0.256099329,0.25176806,0.247248419,0.234859455,0.230680733,0.224785178,0.216647211,0.211827449,0.206455681,0.202719529,0.201109102,0.198895142,0.195418594,11.192594,5.340433
100_958,Conc,100,LL2112_NC_conc.csv,post_iqr,26.17883706,12.39914996,-0.290019025,-0.657185407,7.0627536,1.073395443,10.92633263,-4.960242864,7.19208449,11.10855741,6.104011735,2.107582917,4.857261279,1.801779573,-3.580899463,-1.445681827,2.363744154,4.615652254,1.361765653,0.82231269,-2.950946653,2.81922807,3.53859205,-2.50349188,-0.614479464,-4.323741337,-2.053639682,3.28605971,0.724800966,0.041787675,40.70366019,3.58978344,2.257757855,1.125741172,0.835700009,0.76100776,0.709609225,0.626002438,0.485491093,0.448306336,0.429627251,0.376956372,0.352638746,0.328856298,0.303935837,0.287692628,0.271312169,0.256099329,0.25176806,0.247248419,0.234859455,0.230680733,0.224785178,0.216647211,0.211827449,0.206455681,0.202719529,0.201109102,0.198895142,0.195418594,1.3130709,-0.7330789
100_959,Conc,100,LL2112_NC_conc.csv,post_iqr,-75.18867442,-4.046650554,13.86884055,-1.61637415,5.154529994,1.989936559,-4.979026803,-1.884047173,-0.632694838,6.320076613,2.318856282,-2.47496918,-0.610413412,3.252495502,-1.166736216,2.961905356,-0.816725086,6.368229604,-2.890345275,-6.198282401,-5.788513356,0.46277775,-2.02963024,-5.355111386,-1.066442228,5.76767839,-2.188053906,5.30362745,-0.19735719,1.855853477,40.70366019,3.58978344,2.257757855,1.125741172,0.835700009,0.76100776,0.709609225,0.626002438,0.485491093,0.448306336,0.429627251,0.376956372,0.352638746,0.328856298,0.303935837,0.287692628,0.271312169,0.256099329,0.25176806,0.247248419,0.234859455,0.230680733,0.224785178,0.216647211,0.211827449,0.206455681,0.202719529,0.201109102,0.198895142,0.195418594,11.812856,5.8075395
100_960,Conc,100,LL2112_NC_conc.csv,post_iqr,-80.01347217,-3.092654502,-0.031516921,-1.890959557,-3.061152606,5.382037086,10.92616763,-10.42433388,6.526874168,5.334053536,1.012210941,6.549732083,-1.551814632,-6.244430853,0.412693263,-2.444893412,2.066441547,-4.461474398,3.523771002,-2.569216407,7.018126692,-0.370930153,-4.396051575,-4.022744338,2.471973128,2.304901061,4.022685918,10.58358864,-4.888457381,2.950936132,40.70366019,3.58978344,2.257757855,1.125741172,0.835700009,0.76100776,0.709609225,0.626002438,0.485491093,0.448306336,0.429627251,0.376956372,0.352638746,0.328856298,0.303935837,0.287692628,0.271312169,0.256099329,0.25176806,0.247248419,0.234859455,0.230680733,0.224785178,0.216647211,0.211827449,0.206455681,0.202719529,0.201109102,0.198895142,0.195418594,12.236094,4.9759398
100_961,Conc,100,LL2112_NC_conc.csv,post_iqr,28.57991225,4.399870909,12.69201632,6.977357702,0.290820264,2.633018895,-5.475561366,0.829196241,1.56714879,-1.1055156,3.111234718,0.685396248,-0.469146697,0.948468846,1.54371536,-0.08737081,-1.518598944,0.896225718,3.603594388,1.671931747,0.121962046,-0.843631095,1.619672049,-1.417508818,0.172345566,0.257250793,-1.302912117,-0.809059063,-0.16812126,-0.542847885,40.70366019,3.58978344,2.257757855,1.125741172,0.835700009,0.76100776,0.709609225,0.626002438,0.485491093,0.448306336,0.429627251,0.376956372,0.352638746,0.328856298,0.303935837,0.287692628,0.271312169,0.256099329,0.25176806,0.247248419,0.234859455,0.230680733,0.224785178,0.216647211,0.211827449,0.206455681,0.202719529,0.201109102,0.198895142,0.195418594,3.158888,-1.6616067
100_962,Conc,100,LL2112_NC_conc.csv,post_iqr,-74.59164113,1.706845947,27.36123386,4.640272424,-4.706293305,-0.66743125,3.823045011,3.948120435,-8.051471782,5.056243433,4.416892911,3.730899681,-8.11095951,-4.909979512,0.88948578,-2.020975898,8.498405445,5.799152793,4.121399666,-1.349989391,2.001971189,4.222666774,8.224752473,-2.371518863,-4.587696749,0.78459942,-0.489094417,1.20335277,1.055903867,-1.47147342,40.70366019,3.58978344,2.257757855,1.125741172,0.835700009,0.76100776,0.709609225,0.626002438,0.485491093,0.448306336,0.429627251,0.376956372,0.352638746,0.328856298,0.303935837,0.287692628,0.271312169,0.256099329,0.25176806,0.247248419,0.234859455,0.230680733,0.224785178,0.216647211,0.211827449,0.206455681,0.202719529,0.201109102,0.198895142,0.195418594,11.581237,5.3452225
100_963,Conc,100,LL2112_NC_conc.csv,post_iqr,-14.07305541,-11.34005689,12.06448548,-14.23887629,-1.010206395,11.93193776,6.824648672,10.14792572,13.19728294,-13.43854231,-4.094580013,17.03629605,-2.274565721,-0.943642624,-9.213277975,10.18950002,-0.755684076,5.801779255,-4.559914762,-3.265079536,-1.679541044,2.515029788,5.465011061,0.393799233,0.878370651,0.733778556,1.997604404,-1.004733191,-0.660821459,3.450056808,40.70366019,3.58978344,2.257757855,1.125741172,0.835700009,0.76100776,0.709609225,0.626002438,0.485491093,0.448306336,0.429627251,0.376956372,0.352638746,0.328856298,0.303935837,0.287692628,0.271312169,0.256099329,0.25176806,0.247248419,0.234859455,0.230680733,0.224785178,0.216647211,0.211827449,0.206455681,0.202719529,0.201109102,0.198895142,0.195418594,9.839593,3.757738
100_964,Conc,100,LL2112_NC_conc.csv,post_iqr,-69.64695658,6.616234612,7.390261958,9.442743864,12.06385097,3.5150817,10.19248161,-2.180385415,-5.385026293,13.49178044,3.604758491,3.670680157,-5.45322757,-0.772137493,-0.427295043,1.169909372,-5.134414377,5.244208853,-0.890842058,3.851774717,1.233278764,-0.970000884,-0.324156894,1.706255378,5.111914479,0.466146357,-0.790986413,3.785794812,2.891790307,4.773844984,40.70366019,3.58978344,2.257757855,1.125741172,0.835700009,0.76100776,0.709609225,0.626002438,0.485491093,0.448306336,0.429627251,0.376956372,0.352638746,0.328856298,0.303935837,0.287692628,0.271312169,0.256099329,0.25176806,0.247248419,0.234859455,0.230680733,0.224785178,0.216647211,0.211827449,0.206455681,0.202719529,0.201109102,0.198895142,0.195418594,11.208386,4.9087653
100_965,Conc,100,LL2112_NC_conc.csv,post_iqr,29.9587901,-6.292489139,5.354704921,-10.24887114,-6.398371315,5.781019809,-2.792687302,0.657813065,1.142168448,-1.630022246,1.506815647,-3.922612102,1.293697987,2.044851547,1.665768208,-1.167292768,-0.47929559,1.816051437,0.987301244,0.465199718,1.172200694,-1.760275324,2.074879551,0.746004811,2.171821473,-1.089125125,2.453324668,-0.428362058,1.650283204,-0.797363515,40.70366019,3.58978344,2.257757855,1.125741172,0.835700009,0.76100776,0.709609225,0.626002438,0.485491093,0.448306336,0.429627251,0.376956372,0.352638746,0.328856298,0.303935837,0.287692628,0.271312169,0.256099329,0.25176806,0.247248419,0.234859455,0.230680733,0.224785178,0.216647211,0.211827449,0.206455681,0.202719529,0.201109102,0.198895142,0.195418594,3.2949464,1.2021742
100_966,Conc,100,LL2112_NC_conc.csv,post_iqr,26.64043329,19.64218694,1.603762642,12.1384183,6.193019526,-4.127934076,-7.76507252,2.318133356,-1.380540653,-3.182128848,4.400690516,4.861972192,-1.635159478,2.734576285,0.619231055,1.151257158,0.256388433,1.182815599,-0.529708312,-2.475004863,-1.571470746,-1.655972593,0.596954337,-1.148184262,-0.07948533,-0.028928344,0.316554472,-0.072650605,1.356697331,-1.684410668,40.70366019,3.58978344,2.257757855,1.125741172,0.835700009,0.76100776,0.709609225,0.626002438,0.485491093,0.448306336,0.429627251,0.376956372,0.352638746,0.328856298,0.303935837,0.287692628,0.271312169,0.256099329,0.25176806,0.247248419,0.234859455,0.230680733,0.224785178,0.216647211,0.211827449,0.206455681,0.202719529,0.201109102,0.198895142,0.195418594,2.4842925,-2.1976333
100_967,Conc,100,LL2112_NC_conc.csv,post_iqr,24.98270887,7.666140897,5.21314559,2.600675626,-2.927611927,-3.477524708,-4.47818085,1.768530236,1.566573315,1.713462867,1.060943757,-0.059167223,-2.843448473,4.42330144,-1.397881515,0.879063927,-1.048450368,0.621505857,0.127797398,-0.966136019,-0.512356949,-0.226969275,2.15314954,2.807635805,0.088390843,-1.155223188,-0.209650269,0.91872567,1.369905533,1.821566287,40.70366019,3.58978344,2.257757855,1.125741172,0.835700009,0.76100776,0.709609225,0.626002438,0.485491093,0.448306336,0.429627251,0.376956372,0.352638746,0.328856298,0.303935837,0.287692628,0.271312169,0.256099329,0.25176806,0.247248419,0.234859455,0.230680733,0.224785178,0.216647211,0.211827449,0.206455681,0.202719529,0.201109102,0.198895142,0.195418594,2.8862972,-1.2696048
100_968,Conc,100,LL2112_NC_conc.csv,post_iqr,-28.89251939,-1.968138153,-5.015071329,0.967291264,4.03394477,3.37536746,-0.120523109,18.78822776,22.50922976,-8.439011257,-11.99648548,22.74754099,-0.825961187,-0.475776773,-7.311481815,10.11301,-3.767646082,7.533887318,-9.850672885,-2.420909186,-0.680821008,5.363700308,-1.526488245,4.542953047,3.024146932,0.74747449,-3.378891443,0.76995111,-0.594362781,9.329988127,40.70366019,3.58978344,2.257757855,1.125741172,0.835700009,0.76100776,0.709609225,0.626002438,0.485491093,0.448306336,0.429627251,0.376956372,0.352638746,0.328856298,0.303935837,0.287692628,0.271312169,0.256099329,0.25176806,0.247248419,0.234859455,0.230680733,0.224785178,0.216647211,0.211827449,0.206455681,0.202719529,0.201109102,0.198895142,0.195418594,9.944897,3.849869
100_969,Conc,100,LL2112_NC_conc.csv,post_iqr,28.67790928,5.825728124,4.41862112,-0.12929252,2.703752957,1.863667611,-6.977287009,0.454077936,0.906725811,4.753827671,1.368634232,2.630433889,-1.604357012,0.897256002,-0.17983697,-1.077395856,-0.116220799,-0.216868799,1.423067551,0.892962132,0.321055583,0.838625836,-1.917796365,-0.462171114,1.046844499,0.757689126,-0.617276318,0.515780993,0.846564744,-1.845166996,40.70366019,3.58978344,2.257757855,1.125741172,0.835700009,0.76100776,0.709609225,0.626002438,0.485491093,0.448306336,0.429627251,0.376956372,0.352638746,0.328856298,0.303935837,0.287692628,0.271312169,0.256099329,0.25176806,0.247248419,0.234859455,0.230680733,0.224785178,0.216647211,0.211827449,0.206455681,0.202719529,0.201109102,0.198895142,0.195418594,3.6527493,-1.276843
100_970,Conc,100,LL2112_NC_conc.csv,post_iqr,31.13475528,1.97728164,5.012371726,-7.942240172,-5.540861457,0.636832538,-4.012193942,-1.448469294,2.647528935,0.592188477,2.068647395,-2.871533525,1.23870371,1.630519827,-1.824163799,-2.292350723,2.399631568,1.148760635,-0.906953731,-0.326641637,-2.23924111,0.702056219,-0.340463309,2.373613646,-0.53174468,-1.66247799,-0.49658044,0.696772176,-0.000936306,-0.299663486,40.70366019,3.58978344,2.257757855,1.125741172,0.835700009,0.76100776,0.709609225,0.626002438,0.485491093,0.448306336,0.429627251,0.376956372,0.352638746,0.328856298,0.303935837,0.287692628,0.271312169,0.256099329,0.25176806,0.247248419,0.234859455,0.230680733,0.224785178,0.216647211,0.211827449,0.206455681,0.202719529,0.201109102,0.198895142,0.195418594,3.5595198,0.6640279
100_971,Conc,100,LL2112_NC_conc.csv,post_iqr,28.765575,3.445535219,6.067128639,-3.211437937,-9.877562788,-4.816781756,0.823030846,-0.13428365,3.78554949,3.261094443,1.162369714,-0.323471729,-1.906395858,3.418423985,2.652975692,3.037299433,-3.892416086,-1.657636897,2.136568137,-2.149853404,1.530221892,-0.608207874,-2.119596401,-1.637042966,0.858930124,3.56220259,0.790435217,0.099375378,2.001836044,0.993593853,40.70366019,3.58978344,2.257757855,1.125741172,0.835700009,0.76100776,0.709609225,0.626002438,0.485491093,0.448306336,0.429627251,0.376956372,0.352638746,0.328856298,0.303935837,0.287692628,0.271312169,0.256099329,0.25176806,0.247248419,0.234859455,0.230680733,0.224785178,0.216647211,0.211827449,0.206455681,0.202719529,0.201109102,0.198895142,0.195418594,3.6778867,-0.3598144
100_972,Conc,100,LL2112_NC_conc.csv,post_iqr,25.77862586,4.358013503,11.22611634,3.643840934,0.653943238,1.930885868,-5.576125189,1.887421528,3.916915933,0.997778354,1.484789544,-0.604472226,0.307047602,-0.22429283,-4.167161825,0.565874434,-3.320216889,-0.336485387,-0.380381076,-0.814352871,-1.248522955,-0.879683875,-4.259400495,1.047005825,-0.333138867,0.957625623,-0.366073345,-0.380889267,1.490991133,-1.428321004,40.70366019,3.58978344,2.257757855,1.125741172,0.835700009,0.76100776,0.709609225,0.626002438,0.485491093,0.448306336,0.429627251,0.376956372,0.352638746,0.328856298,0.303935837,0.287692628,0.271312169,0.256099329,0.25176806,0.247248419,0.234859455,0.230680733,0.224785178,0.216647211,0.211827449,0.206455681,0.202719529,0.201109102,0.198895142,0.195418594,3.5956016,-1.2582238
100_973,Conc,100,LL2112_NC_conc.csv,post_iqr,-56.56313282,3.423384826,11.6226078,1.781100331,-4.465137855,13.48372668,1.338397025,10.34445025,-4.695995668,6.776853873,3.83145999,4.368101583,-3.348221146,-0.60958169,-1.656198694,-0.414990572,0.730261452,1.230568885,0.577731002,3.760906732,4.086511478,7.823923695,-8.995623574,-1.222322933,-0.927352541,2.117929887,-0.896594048,-2.474212909,0.771702657,0.214087014,40.70366019,3.58978344,2.257757855,1.125741172,0.835700009,0.76100776,0.709609225,0.626002438,0.485491093,0.448306336,0.429627251,0.376956372,0.352638746,0.328856298,0.303935837,0.287692628,0.271312169,0.256099329,0.25176806,0.247248419,0.234859455,0.230680733,0.224785178,0.216647211,0.211827449,0.206455681,0.202719529,0.201109102,0.198895142,0.195418594,11.256755,4.5012727
100_974,Conc,100,LL2112_NC_conc.csv,post_iqr,-79.93220611,3.297010185,3.670292448,4.16327211,-9.159857133,10.39725709,-2.848633017,1.901808245,-7.469552959,-5.54585702,7.184600415,4.478348567,-0.917708911,3.873044192,-4.250549633,-4.831539759,0.727430057,-2.290634144,3.443913366,0.950121856,2.178715828,1.567044459,-1.997003867,3.619870563,3.855278579,-1.711351384,-3.429341404,-2.336239113,2.422231757,-2.274820374,40.70366019,3.58978344,2.257757855,1.125741172,0.835700009,0.76100776,0.709609225,0.626002438,0.485491093,0.448306336,0.429627251,0.376956372,0.352638746,0.328856298,0.303935837,0.287692628,0.271312169,0.256099329,0.25176806,0.247248419,0.234859455,0.230680733,0.224785178,0.216647211,0.211827449,0.206455681,0.202719529,0.201109102,0.198895142,0.195418594,11.918808,5.0678387
100_975,Conc,100,LL2112_NC_conc.csv,post_iqr,28.87495869,14.61708631,5.691256481,2.581014551,-7.411147363,-3.664044434,-4.393599579,-1.812717892,1.990817515,2.863208353,4.01319237,-0.661872503,-0.241950896,1.134705843,2.780206112,-1.234519865,-1.090433834,1.978555853,-1.880226995,-0.329130017,-1.604163702,1.447873541,-1.378818602,-0.203743052,-0.488271038,-1.605508747,-0.648291592,2.684274026,0.213443694,4.276826749,40.70366019,3.58978344,2.257757855,1.125741172,0.835700009,0.76100776,0.709609225,0.626002438,0.485491093,0.448306336,0.429627251,0.376956372,0.352638746,0.328856298,0.303935837,0.287692628,0.271312169,0.256099329,0.25176806,0.247248419,0.234859455,0.230680733,0.224785178,0.216647211,0.211827449,0.206455681,0.202719529,0.201109102,0.198895142,0.195418594,1.6147615,-1.5128396
100_976,Conc,100,LL2112_NC_conc.csv,post_iqr,-60.69449005,3.74222955,3.121785967,-2.544359827,4.359253508,10.72955863,8.918806639,-1.130301902,-6.585771351,5.722263557,2.048414344,3.890853502,-0.994910086,3.553137511,2.395373306,-1.166005304,-0.815725215,3.438758358,0.81656668,-3.442696084,5.196295505,-2.748252953,-7.869617336,-6.826938887,0.152362532,-2.066878093,-1.747751564,-2.354317144,-3.327419772,3.867821278,40.70366019,3.58978344,2.257757855,1.125741172,0.835700009,0.76100776,0.709609225,0.626002438,0.485491093,0.448306336,0.429627251,0.376956372,0.352638746,0.328856298,0.303935837,0.287692628,0.271312169,0.256099329,0.25176806,0.247248419,0.234859455,0.230680733,0.224785178,0.216647211,0.211827449,0.206455681,0.202719529,0.201109102,0.198895142,0.195418594,11.397383,4.5756273
100_977,Conc,100,LL2112_NC_conc.csv,post_iqr,26.00761282,11.32579886,10.27731133,8.695472484,-5.908861944,0.701179844,-4.529118308,1.148856205,2.293974303,1.85489862,2.350597733,-5.140396843,2.62066026,1.916445228,2.12450472,3.763850891,0.631223485,0.268726086,2.493413197,-0.327317772,4.017136873,0.556601872,-0.761455787,1.819093702,0.037806335,-3.308395223,-0.727237269,1.585149998,3.546028947,-1.734240372,40.70366019,3.58978344,2.257757855,1.125741172,0.835700009,0.76100776,0.709609225,0.626002438,0.485491093,0.448306336,0.429627251,0.376956372,0.352638746,0.328856298,0.303935837,0.287692628,0.271312169,0.256099329,0.25176806,0.247248419,0.234859455,0.230680733,0.224785178,0.216647211,0.211827449,0.206455681,0.202719529,0.201109102,0.198895142,0.195418594,2.1044223,-2.3019202
100_978,Conc,100,LL2112_NC_conc.csv,post_iqr,25.62725098,3.526635416,3.795288456,3.725509169,1.861837742,0.567439227,-6.409347519,1.829063954,-0.659362299,-0.618472891,-0.609916748,1.533976957,0.263634429,-1.106757125,-2.080226911,2.774888079,-1.606817855,2.720180785,0.24245256,-0.423813419,-2.232099791,-0.989206995,1.770124508,0.565527109,0.152209643,0.697297741,-0.455451835,-2.077483125,-1.487479066,-0.573026866,40.70366019,3.58978344,2.257757855,1.125741172,0.835700009,0.76100776,0.709609225,0.626002438,0.485491093,0.448306336,0.429627251,0.376956372,0.352638746,0.328856298,0.303935837,0.287692628,0.271312169,0.256099329,0.25176806,0.247248419,0.234859455,0.230680733,0.224785178,0.216647211,0.211827449,0.206455681,0.202719529,0.201109102,0.198895142,0.195418594,3.3382633,-1.5763464
100_979,Conc,100,LL2112_NC_conc.csv,post_iqr,26.31212307,11.56653163,7.774190171,5.778574645,-6.184305182,-3.87856029,-4.155162964,0.064553581,0.895932519,-2.503095688,4.180397006,-0.769645105,2.026114298,-0.229078367,1.893124374,1.888282918,1.150665332,0.7328509,-0.056042204,-0.463834589,0.390263031,0.502973327,-2.091089153,2.936775085,-2.197187768,-3.248851268,-0.059864616,-0.23242388,1.654302316,-0.730298737,40.70366019,3.58978344,2.257757855,1.125741172,0.835700009,0.76100776,0.709609225,0.626002438,0.485491093,0.448306336,0.429627251,0.376956372,0.352638746,0.328856298,0.303935837,0.287692628,0.271312169,0.256099329,0.25176806,0.247248419,0.234859455,0.230680733,0.224785178,0.216647211,0.211827449,0.206455681,0.202719529,0.201109102,0.198895142,0.195418594,1.7619519,-2.1739078
100_980,Conc,100,LL2112_NC_conc.csv,post_iqr,23.24663847,13.57777192,4.311296873,7.986236045,1.987184256,-3.138577572,-7.45690389,0.00291985,-2.880783537,-5.96341997,5.144886333,3.724542088,0.994995314,-2.307129107,1.915698356,-0.24267536,0.148939335,-0.001097063,3.343276163,1.968577434,-0.337911805,-2.110527123,2.605854114,-0.513302874,-1.374707359,-0.597154208,-1.224423993,0.735938528,0.374610324,0.107996264,40.70366019,3.58978344,2.257757855,1.125741172,0.835700009,0.76100776,0.709609225,0.626002438,0.485491093,0.448306336,0.429627251,0.376956372,0.352638746,0.328856298,0.303935837,0.287692628,0.271312169,0.256099329,0.25176806,0.247248419,0.234859455,0.230680733,0.224785178,0.216647211,0.211827449,0.206455681,0.202719529,0.201109102,0.198895142,0.195418594,2.7326047,-2.1941671
100_981,Conc,100,LL2112_NC_conc.csv,post_iqr,26.86020207,-0.847638731,2.448156601,-5.5483569,2.385946713,2.636975525,-5.684020619,2.492976919,2.151991778,6.097780302,-3.904992758,0.382223868,-1.805735064,1.227135964,3.853784097,3.484556894,-2.294829937,-0.110672353,1.867899925,1.04309331,1.568568298,-0.892209226,-0.812021993,-2.901708864,-0.728877514,1.283883783,0.403929115,1.116144427,-0.123640457,-0.125097068,40.70366019,3.58978344,2.257757855,1.125741172,0.835700009,0.76100776,0.709609225,0.626002438,0.485491093,0.448306336,0.429627251,0.376956372,0.352638746,0.328856298,0.303935837,0.287692628,0.271312169,0.256099329,0.25176806,0.247248419,0.234859455,0.230680733,0.224785178,0.216647211,0.211827449,0.206455681,0.202719529,0.201109102,0.198895142,0.195418594,3.978943,-0.104129635
100_982,Conc,100,LL2112_NC_conc.csv,post_iqr,-63.3860881,-6.559544621,26.15274646,2.364389964,2.100732462,-8.835727359,-1.252850965,8.693310749,6.13725822,1.53282365,2.496046392,-3.623913354,0.754071665,-5.417159462,-0.055544347,0.420309312,2.1914094,2.9783705,-0.750890429,-1.874994001,2.435961335,-2.043310871,-3.944495536,6.258906232,-1.380781386,-2.954866008,-2.309229617,-6.241223189,0.026065912,-0.427682858,40.70366019,3.58978344,2.257757855,1.125741172,0.835700009,0.76100776,0.709609225,0.626002438,0.485491093,0.448306336,0.429627251,0.376956372,0.352638746,0.328856298,0.303935837,0.287692628,0.271312169,0.256099329,0.25176806,0.247248419,0.234859455,0.230680733,0.224785178,0.216647211,0.211827449,0.206455681,0.202719529,0.201109102,0.198895142,0.195418594,11.02676,5.519757
100_983,Conc,100,LL2112_NC_conc.csv,post_iqr,-68.72585274,-14.56216869,8.065593276,-18.88532197,1.192194293,1.730056984,5.98298085,-4.778225274,1.31055898,3.656833855,6.970436711,-1.322477593,6.4774808,1.166809152,-3.211878877,5.992761251,2.055040307,4.407792649,9.656866366,-3.332631579,-3.857352263,-2.441801506,6.006333094,0.651791041,5.664805428,0.622875178,-0.630850655,0.304144694,1.259472615,-1.126599334,40.70366019,3.58978344,2.257757855,1.125741172,0.835700009,0.76100776,0.709609225,0.626002438,0.485491093,0.448306336,0.429627251,0.376956372,0.352638746,0.328856298,0.303935837,0.287692628,0.271312169,0.256099329,0.25176806,0.247248419,0.234859455,0.230680733,0.224785178,0.216647211,0.211827449,0.206455681,0.202719529,0.201109102,0.198895142,0.195418594,10.905123,4.5938454
100_984,Conc,100,LL2112_NC_conc.csv,post_iqr,-74.67723227,0.716903154,-4.293451387,9.119142614,8.839495694,-0.001761759,0.297345596,-5.012958999,1.604027847,0.4698377,-0.142645688,2.172660081,-1.594311068,0.39037554,3.256125826,0.095752046,-2.644916553,-1.924785865,-2.757818689,-9.596536829,7.116488976,-6.034562032,-4.84191299,-2.556643224,2.224259436,-8.126247733,3.382780286,4.354290913,0.558976691,-5.842866063,40.70366019,3.58978344,2.257757855,1.125741172,0.835700009,0.76100776,0.709609225,0.626002438,0.485491093,0.448306336,0.429627251,0.376956372,0.352638746,0.328856298,0.303935837,0.287692628,0.271312169,0.256099329,0.25176806,0.247248419,0.234859455,0.230680733,0.224785178,0.216647211,0.211827449,0.206455681,0.202719529,0.201109102,0.198895142,0.195418594,11.31654,5.2252607
100_985,Conc,100,LL2112_NC_conc.csv,post_iqr,26.43917122,3.140896915,1.060449387,-3.42063974,-0.617129763,-2.478242079,9.150287354,-3.342724746,2.157460688,5.898260071,4.632141115,7.406904671,7.418269826,1.925672559,-2.039606355,2.230444852,-3.101022892,-1.113952081,6.994791363,1.721743049,1.983044427,-5.060112044,0.291504283,1.287333792,0.382976167,-2.802292184,-1.75569127,-0.157703863,-0.677712188,0.822564245,40.70366019,3.58978344,2.257757855,1.125741172,0.835700009,0.76100776,0.709609225,0.626002438,0.485491093,0.448306336,0.429627251,0.376956372,0.352638746,0.328856298,0.303935837,0.287692628,0.271312169,0.256099329,0.25176806,0.247248419,0.234859455,0.230680733,0.224785178,0.216647211,0.211827449,0.206455681,0.202719529,0.201109102,0.198895142,0.195418594,3.6068544,0.11663832
100_986,Conc,100,LL2112_NC_conc.csv,post_iqr,24.54592379,13.88227279,-1.779324542,0.986194545,7.703790075,3.638271112,7.071409244,-3.706492519,-0.082168063,2.430521458,-4.236224169,1.43367646,4.472067549,0.918008175,1.59443393,4.1596174,-0.904840208,1.566310775,3.854481722,0.973802587,3.137801099,-1.72743439,-6.068713875,-0.013749226,-4.139034934,-2.715118271,-0.929324551,-1.022723606,-0.231449166,-1.800392834,40.70366019,3.58978344,2.257757855,1.125741172,0.835700009,0.76100776,0.709609225,0.626002438,0.485491093,0.448306336,0.429627251,0.376956372,0.352638746,0.328856298,0.303935837,0.287692628,0.271312169,0.256099329,0.25176806,0.247248419,0.234859455,0.230680733,0.224785178,0.216647211,0.211827449,0.206455681,0.202719529,0.201109102,0.198895142,0.195418594,1.7277792,-1.0865211
100_987,Conc,100,LL2112_NC_conc.csv,post_iqr,-79.79405998,-3.028725932,2.06756845,0.233277547,5.28015112,-5.725145459,-5.807274503,-14.65426375,2.22930268,0.141600633,0.428628832,-3.986868332,-2.701275786,2.975907422,3.020763553,0.51187514,0.656327841,2.803744583,-3.539620225,-1.060849026,5.227134251,1.808405569,3.23706762,3.693694871,2.932765965,4.898010996,4.247820052,-2.340290701,8.454832787,0.759349051,40.70366019,3.58978344,2.257757855,1.125741172,0.835700009,0.76100776,0.709609225,0.626002438,0.485491093,0.448306336,0.429627251,0.376956372,0.352638746,0.328856298,0.303935837,0.287692628,0.271312169,0.256099329,0.25176806,0.247248419,0.234859455,0.230680733,0.224785178,0.216647211,0.211827449,0.206455681,0.202719529,0.201109102,0.198895142,0.195418594,11.865461,6.1893497
100_988,Conc,100,LL2112_NC_conc.csv,post_iqr,28.5402764,11.48035783,11.00537474,7.912708003,2.152155072,-0.410847563,-7.024180107,0.296068684,0.877865737,-2.96495834,3.242937208,0.839992765,0.446816229,0.711660518,0.610978987,1.47783993,-1.8223442,2.478418123,1.630716275,1.574062185,-0.277049741,-1.479121689,-1.655881629,-1.018944019,0.913858685,0.962216492,-2.393582562,-0.270690081,1.349092599,0.012886302,40.70366019,3.58978344,2.257757855,1.125741172,0.835700009,0.76100776,0.709609225,0.626002438,0.485491093,0.448306336,0.429627251,0.376956372,0.352638746,0.328856298,0.303935837,0.287692628,0.271312169,0.256099329,0.25176806,0.247248419,0.234859455,0.230680733,0.224785178,0.216647211,0.211827449,0.206455681,0.202719529,0.201109102,0.198895142,0.195418594,2.2984498,-2.3246233
100_990,Conc,100,LL2112_NC_conc.csv,post_iqr,-65.34053899,1.349103442,3.77562709,-8.379536301,-0.573318501,7.54226854,-2.216488504,0.692197945,-5.886405483,0.455589854,4.861059972,-2.421296399,1.793350537,1.192577712,3.132098281,3.471507827,2.805964122,-3.692252461,-2.03696703,-4.093684359,2.5713943,2.312279354,0.294602103,7.01532146,1.742917848,5.802931601,-1.525666443,-6.27464105,-0.455409186,0.626109609,40.70366019,3.58978344,2.257757855,1.125741172,0.835700009,0.76100776,0.709609225,0.626002438,0.485491093,0.448306336,0.429627251,0.376956372,0.352638746,0.328856298,0.303935837,0.287692628,0.271312169,0.256099329,0.25176806,0.247248419,0.234859455,0.230680733,0.224785178,0.216647211,0.211827449,0.206455681,0.202719529,0.201109102,0.198895142,0.195418594,11.703412,4.4365897
100_991,Conc,100,LL2112_NC_conc.csv,post_iqr,-80.35032386,-3.097021031,-5.425309682,-1.875726621,-10.63561984,3.77010823,-4.521922529,-7.892846589,6.002920664,7.895983988,0.062598571,3.062865311,-4.686748701,-4.38591556,0.426026874,1.31104932,-3.398822319,0.074878564,1.839850654,5.744556182,-6.876322824,2.617543603,2.50098384,-4.93459308,4.122288159,1.479623702,-8.414648438,5.874964344,-3.030979861,-5.601295918,40.70366019,3.58978344,2.257757855,1.125741172,0.835700009,0.76100776,0.709609225,0.626002438,0.485491093,0.448306336,0.429627251,0.376956372,0.352638746,0.328856298,0.303935837,0.287692628,0.271312169,0.256099329,0.25176806,0.247248419,0.234859455,0.230680733,0.224785178,0.216647211,0.211827449,0.206455681,0.202719529,0.201109102,0.198895142,0.195418594,12.10157,5.0854297
100_992,Conc,100,LL2112_NC_conc.csv,post_iqr,-23.06783124,20.35124993,-55.50331042,-2.038915241,5.733182501,-4.931730746,0.50477037,8.276089127,4.337340682,3.951722177,5.857153825,1.822787274,-6.767621261,-1.088774538,8.744421655,9.047529582,3.309264614,11.79833308,8.16040681,0.230391988,8.970792462,-6.794400742,-1.530857566,8.058745861,-11.30599798,12.14853252,-16.51923982,0.285949904,7.2193744,20.09302909,40.70366019,3.58978344,2.257757855,1.125741172,0.835700009,0.76100776,0.709609225,0.626002438,0.485491093,0.448306336,0.429627251,0.376956372,0.352638746,0.328856298,0.303935837,0.287692628,0.271312169,0.256099329,0.25176806,0.247248419,0.234859455,0.230680733,0.224785178,0.216647211,0.211827449,0.206455681,0.202719529,0.201109102,0.198895142,0.195418594,3.7370825,-2.0066993
100_993,Conc,100,LL2112_NC_conc.csv,post_iqr,-61.02910494,2.132658211,15.20669432,-2.820810919,8.107651353,-17.96915723,-1.118864973,13.23633125,3.249260595,1.551041082,2.959358793,-8.264784882,-1.369919058,3.296303376,3.119588221,-1.875849207,-1.564522614,0.354215841,0.19141996,2.596769747,-4.170031476,-2.399833056,4.000333401,2.422123295,-3.856490766,-2.779612309,-1.601536005,4.018485032,-3.157620409,-1.066111771,40.70366019,3.58978344,2.257757855,1.125741172,0.835700009,0.76100776,0.709609225,0.626002438,0.485491093,0.448306336,0.429627251,0.376956372,0.352638746,0.328856298,0.303935837,0.287692628,0.271312169,0.256099329,0.25176806,0.247248419,0.234859455,0.230680733,0.224785178,0.216647211,0.211827449,0.206455681,0.202719529,0.201109102,0.198895142,0.195418594,10.491413,5.2984915
100_994,Conc,100,LL2112_NC_conc.csv,post_iqr,29.0716782,12.2049123,-0.580413662,1.47544048,3.329403362,-0.285347811,-5.663822624,3.107429711,-3.779204446,0.873187811,2.273530812,2.711338205,-0.197751407,0.579190455,2.070314708,-0.5036979,-1.761867849,0.201363738,-0.205259095,2.508211779,-0.034849061,0.566387255,0.918672963,0.396787144,1.797797374,2.271071433,-1.183190073,2.974849709,0.14928981,-0.11674142,40.70366019,3.58978344,2.257757855,1.125741172,0.835700009,0.76100776,0.709609225,0.626002438,0.485491093,0.448306336,0.429627251,0.376956372,0.352638746,0.328856298,0.303935837,0.287692628,0.271312169,0.256099329,0.25176806,0.247248419,0.234859455,0.230680733,0.224785178,0.216647211,0.211827449,0.206455681,0.202719529,0.201109102,0.198895142,0.195418594,2.4685585,-2.0515106
100_995,Conc,100,LL2112_NC_conc.csv,post_iqr,28.16489162,9.451494084,-2.419737851,11.61305597,5.84392932,1.169396048,5.510407009,-1.833361382,1.085370647,4.645058151,4.888408958,3.512541598,12.70676224,2.358470266,-0.777186576,6.37188703,-0.8085418,6.023558195,5.193577084,-2.057331325,4.009649061,-1.507739818,-3.265637247,2.680636815,-5.020166972,0.269388603,-0.81649459,-1.416176499,-1.307969059,-0.097850321,40.70366019,3.58978344,2.257757855,1.125741172,0.835700009,0.76100776,0.709609225,0.626002438,0.485491093,0.448306336,0.429627251,0.376956372,0.352638746,0.328856298,0.303935837,0.287692628,0.271312169,0.256099329,0.25176806,0.247248419,0.234859455,0.230680733,0.224785178,0.216647211,0.211827449,0.206455681,0.202719529,0.201109102,0.198895142,0.195418594,1.7224559,-1.5647889
100_996,Conc,100,LL2112_NC_conc.csv,post_iqr,23.47300631,9.723293327,-5.565372181,-3.299361139,2.115947326,-1.754662177,6.12928362,-2.09729835,1.451163266,6.020294663,0.075097494,4.969485623,5.002905149,2.454456747,-3.796103679,4.204465082,0.125279797,-1.36531495,3.872366623,-2.263275096,1.580623509,-3.31085135,1.846599983,-1.693041718,-1.831860692,-3.727358656,-0.578584281,0.952445235,0.257114307,0.335424561,40.70366019,3.58978344,2.257757855,1.125741172,0.835700009,0.76100776,0.709609225,0.626002438,0.485491093,0.448306336,0.429627251,0.376956372,0.352638746,0.328856298,0.303935837,0.287692628,0.271312169,0.256099329,0.25176806,0.247248419,0.234859455,0.230680733,0.224785178,0.216647211,0.211827449,0.206455681,0.202719529,0.201109102,0.198895142,0.195418594,3.0854585,-0.9435727
100_997,Conc,100,LL2112_NC_conc.csv,post_iqr,29.46121068,11.70434019,3.815318417,-2.212878305,-5.634600616,0.768107715,-4.590903576,0.804564289,1.100268014,-4.007973953,5.472269782,1.037686209,2.523247267,-0.521907809,1.098509396,-5.034416053,0.027278122,1.560036127,-0.06179749,0.04358911,3.337650425,0.296262588,0.148818075,2.669578807,-0.439479811,-2.118843649,-1.346770222,2.700588378,-1.178371876,0.295715352,40.70366019,3.58978344,2.257757855,1.125741172,0.835700009,0.76100776,0.709609225,0.626002438,0.485491093,0.448306336,0.429627251,0.376956372,0.352638746,0.328856298,0.303935837,0.287692628,0.271312169,0.256099329,0.25176806,0.247248419,0.234859455,0.230680733,0.224785178,0.216647211,0.211827449,0.206455681,0.202719529,0.201109102,0.198895142,0.195418594,2.0855973,-2.300109
100_998,Conc,100,LL2112_NC_conc.csv,post_iqr,22.18985449,18.34891134,-2.805680499,5.967146045,2.445877122,3.319266861,10.65094932,0.738147325,2.43084752,9.591993518,3.536441374,2.493346161,13.28044936,0.960147836,-2.636510002,2.313561424,1.962746761,-2.392514127,5.747575305,3.34996584,6.089478563,3.592919588,-1.061192007,-0.536212254,-4.632604751,-2.706089126,-1.151850085,2.070453188,0.468023972,-0.68090016,40.70366019,3.58978344,2.257757855,1.125741172,0.835700009,0.76100776,0.709609225,0.626002438,0.485491093,0.448306336,0.429627251,0.376956372,0.352638746,0.328856298,0.303935837,0.287692628,0.271312169,0.256099329,0.25176806,0.247248419,0.234859455,0.230680733,0.224785178,0.216647211,0.211827449,0.206455681,0.202719529,0.201109102,0.198895142,0.195418594,1.2743232,-1.04881
100_999,Conc,100,LL2112_NC_conc.csv,post_iqr,-83.10854967,6.849016762,-1.926929947,10.2400632,2.44667043,-0.696758505,7.35714423,0.983955724,4.552071642,6.475126414,-4.363650898,-1.03910796,-0.002989693,3.43229066,2.439163646,-4.087388198,-2.821173442,-1.050130595,-4.130972749,-2.730372186,1.516573008,5.198362408,4.538248706,-1.491248705,-1.876319223,5.897853639,0.285949722,-3.1153927,6.246049157,-2.202965576,40.70366019,3.58978344,2.257757855,1.125741172,0.835700009,0.76100776,0.709609225,0.626002438,0.485491093,0.448306336,0.429627251,0.376956372,0.352638746,0.328856298,0.303935837,0.287692628,0.271312169,0.256099329,0.25176806,0.247248419,0.234859455,0.230680733,0.224785178,0.216647211,0.211827449,0.206455681,0.202719529,0.201109102,0.198895142,0.195418594,11.82073,5.5657277
100_1000,Conc,100,LL2112_NC_conc.csv,post_iqr,21.50839701,3.027979398,4.578943424,-9.877402533,-1.93917698,-4.82190523,-2.260552501,4.817515753,6.60299285,4.487593614,-5.860700127,2.820374684,-2.5782853,2.643967034,4.007526188,-0.74519276,-3.297950577,-3.310361357,1.924518129,2.563801241,3.495817073,0.100635996,-1.709618163,-0.314570137,-0.546515518,1.016619641,-0.24366192,2.748631101,0.861697683,2.829914974,40.70366019,3.58978344,2.257757855,1.125741172,0.835700009,0.76100776,0.709609225,0.626002438,0.485491093,0.448306336,0.429627251,0.376956372,0.352638746,0.328856298,0.303935837,0.287692628,0.271312169,0.256099329,0.25176806,0.247248419,0.234859455,0.230680733,0.224785178,0.216647211,0.211827449,0.206455681,0.202719529,0.201109102,0.198895142,0.195418594,3.973428,0.002967012
100_1001,Conc,100,LL2112_NC_conc.csv,post_iqr,29.72398437,4.610568411,5.260752612,-5.582688004,-4.839487029,2.188693957,-2.725546379,1.079469725,1.159758624,2.232704197,-1.842549695,-1.82082353,4.382204398,1.038424307,-0.501980012,-2.353584489,-0.151486829,1.681292766,0.871993324,0.857383278,-1.942342041,-0.22531611,1.821355589,-0.478984051,0.309411935,-0.651245316,-3.043112476,-0.598387938,-1.11780741,1.097705962,40.70366019,3.58978344,2.257757855,1.125741172,0.835700009,0.76100776,0.709609225,0.626002438,0.485491093,0.448306336,0.429627251,0.376956372,0.352638746,0.328856298,0.303935837,0.287692628,0.271312169,0.256099329,0.25176806,0.247248419,0.234859455,0.230680733,0.224785178,0.216647211,0.211827449,0.206455681,0.202719529,0.201109102,0.198895142,0.195418594,3.9193835,0.44612318
100_1002,Conc,100,LL2112_NC_conc.csv,post_iqr,21.63951262,3.863535456,6.637259528,4.547203525,-0.026516184,2.712004164,-2.458036387,3.585153189,1.449907781,1.166052841,-2.108397315,1.572251033,-0.572710371,-0.110801161,3.094341716,6.508098003,-2.671578186,-0.910636722,2.295439455,1.348195524,0.721972148,-2.136778266,-0.299914659,-2.410866009,-4.373590159,-0.505458207,2.096585865,-0.469209893,0.101779106,-0.945138689,40.70366019,3.58978344,2.257757855,1.125741172,0.835700009,0.76100776,0.709609225,0.626002438,0.485491093,0.448306336,0.429627251,0.376956372,0.352638746,0.328856298,0.303935837,0.287692628,0.271312169,0.256099329,0.25176806,0.247248419,0.234859455,0.230680733,0.224785178,0.216647211,0.211827449,0.206455681,0.202719529,0.201109102,0.198895142,0.195418594,3.420641,-1.7360708
100_1003,Conc,100,LL2112_NC_conc.csv,post_iqr,-59.62354343,6.373556785,7.718794505,8.953718951,2.573454244,3.696666248,0.334045387,9.307299023,-3.426257524,2.7269513,2.362924784,9.099319421,-1.627903397,-3.570272716,1.325750241,-2.254709977,2.190681959,-1.887616861,-1.946590056,-2.45048984,-1.887878897,-0.053531263,0.191759491,-3.659840249,-2.073881926,1.018507261,-0.08687644,-2.449503757,2.768142834,-2.513812192,40.70366019,3.58978344,2.257757855,1.125741172,0.835700009,0.76100776,0.709609225,0.626002438,0.485491093,0.448306336,0.429627251,0.376956372,0.352638746,0.328856298,0.303935837,0.287692628,0.271312169,0.256099329,0.25176806,0.247248419,0.234859455,0.230680733,0.224785178,0.216647211,0.211827449,0.206455681,0.202719529,0.201109102,0.198895142,0.195418594,11.070799,4.849336
100_1004,Conc,100,LL2112_NC_conc.csv,post_iqr,-66.32445461,-2.650335893,4.666494967,-2.047852382,10.54706915,-4.796373274,7.402617243,-5.110962376,6.600564163,6.128913553,4.645093528,-5.704364194,7.343279027,5.931982576,-2.325918582,2.155124523,-6.960879274,-4.676537077,-1.210163065,-0.302037289,-2.103707179,-9.243171771,10.87744861,2.161019942,0.44300993,-3.321249162,-5.276841688,3.2881043,3.792482745,-0.103873738,40.70366019,3.58978344,2.257757855,1.125741172,0.835700009,0.76100776,0.709609225,0.626002438,0.485491093,0.448306336,0.429627251,0.376956372,0.352638746,0.328856298,0.303935837,0.287692628,0.271312169,0.256099329,0.25176806,0.247248419,0.234859455,0.230680733,0.224785178,0.216647211,0.211827449,0.206455681,0.202719529,0.201109102,0.198895142,0.195418594,10.768463,5.5642295
100_1005,Conc,100,LL2112_NC_conc.csv,post_iqr,-75.16973411,-7.518927005,8.520810488,-7.864605727,-10.93594624,7.91521338,0.706284966,-3.087506658,-0.383762273,5.259286422,1.626645724,3.267284142,-5.078818026,0.840812531,-0.749116343,-0.198645521,3.023807777,1.042452236,6.028425398,-1.390368446,-3.425450556,1.259357976,1.149319434,4.233905033,-4.980310697,4.76975461,-1.565414842,4.290645223,-2.482423418,-7.984408342,40.70366019,3.58978344,2.257757855,1.125741172,0.835700009,0.76100776,0.709609225,0.626002438,0.485491093,0.448306336,0.429627251,0.376956372,0.352638746,0.328856298,0.303935837,0.287692628,0.271312169,0.256099329,0.25176806,0.247248419,0.234859455,0.230680733,0.224785178,0.216647211,0.211827449,0.206455681,0.202719529,0.201109102,0.198895142,0.195418594,12.065381,5.03092
100_1006,Conc,100,LL2112_NC_conc.csv,post_iqr,26.28551693,8.976774682,-9.294009491,-10.36767021,9.160013156,5.718688471,10.28548935,-3.826623143,3.322995502,9.438882716,-2.168190859,3.335439212,6.943034066,1.149724137,0.461066822,0.739334846,1.038426236,-1.16196956,0.459771014,-2.015499419,3.173772174,-0.997427077,-0.428163463,-6.971009041,-1.767536443,-2.899290803,3.028568943,-1.98069935,-0.422929716,0.515870021,40.70366019,3.58978344,2.257757855,1.125741172,0.835700009,0.76100776,0.709609225,0.626002438,0.485491093,0.448306336,0.429627251,0.376956372,0.352638746,0.328856298,0.303935837,0.287692628,0.271312169,0.256099329,0.25176806,0.247248419,0.234859455,0.230680733,0.224785178,0.216647211,0.211827449,0.206455681,0.202719529,0.201109102,0.198895142,0.195418594,2.5244982,0.64151144
100_1007,Conc,100,LL2112_NC_conc.csv,post_iqr,25.49327093,-2.579064425,-3.17872635,-12.09407927,-1.712862939,7.161937988,-4.362675794,3.277493459,1.835082341,4.819279842,-2.804434617,0.020636137,2.500270349,-3.02962823,2.27491836,-2.273117284,2.854846352,1.489382519,-3.466544579,0.257995832,-0.358081158,1.224184816,4.067702195,-0.572284798,-1.187620035,0.71757202,-2.629211132,-2.361334907,-2.953313934,-1.520637304,40.70366019,3.58978344,2.257757855,1.125741172,0.835700009,0.76100776,0.709609225,0.626002438,0.485491093,0.448306336,0.429627251,0.376956372,0.352638746,0.328856298,0.303935837,0.287692628,0.271312169,0.256099329,0.25176806,0.247248419,0.234859455,0.230680733,0.224785178,0.216647211,0.211827449,0.206455681,0.202719529,0.201109102,0.198895142,0.195418594,3.602253,1.1246125
100_1009,Conc,100,LL2112_NC_conc.csv,post_iqr,18.42974929,2.718114947,-8.279815467,-0.972234209,12.5260992,4.356400356,5.491930615,-0.896017818,4.527680582,3.87942331,2.127867045,1.937199745,-5.142644391,4.178623893,-0.646784471,1.273960652,0.67416036,-6.108458588,2.727293686,-1.390642999,0.010180809,1.097192359,-0.234800162,-0.33970296,-1.035930832,2.561091279,-1.830442548,-1.068850281,-0.193545563,0.128068196,40.70366019,3.58978344,2.257757855,1.125741172,0.835700009,0.76100776,0.709609225,0.626002438,0.485491093,0.448306336,0.429627251,0.376956372,0.352638746,0.328856298,0.303935837,0.287692628,0.271312169,0.256099329,0.25176806,0.247248419,0.234859455,0.230680733,0.224785178,0.216647211,0.211827449,0.206455681,0.202719529,0.201109102,0.198895142,0.195418594,2.6066952,0.4638094
100_1010,Conc,100,LL2112_NC_conc.csv,post_iqr,30.07748956,5.351327275,6.234445406,-4.477603787,-5.919495498,1.241216491,-4.875408627,-1.348227787,2.718528706,-0.25796329,2.15325414,-2.581708289,-2.030970659,-1.798718971,-2.292897669,-4.249416165,1.537057038,2.598664202,-1.014643348,2.659780433,-3.765350752,0.822824002,1.304878686,-0.740338962,0.310446328,-2.434960352,-3.305807667,0.723363634,-0.345310027,3.372571797,40.70366019,3.58978344,2.257757855,1.125741172,0.835700009,0.76100776,0.709609225,0.626002438,0.485491093,0.448306336,0.429627251,0.376956372,0.352638746,0.328856298,0.303935837,0.287692628,0.271312169,0.256099329,0.25176806,0.247248419,0.234859455,0.230680733,0.224785178,0.216647211,0.211827449,0.206455681,0.202719529,0.201109102,0.198895142,0.195418594,3.631715,0.503709
100_1011,Conc,100,LL2112_NC_conc.csv,post_iqr,27.85238986,6.120320764,1.969311481,-4.076267064,-7.540812283,-2.131734057,-2.251834344,-1.293954428,0.446765718,-2.804696816,6.839700635,-0.244332412,2.69336241,-0.008088545,2.372857912,-3.044045156,1.307051432,-0.373557143,0.502405145,0.819263863,4.125397058,0.790750146,0.331850501,0.649775072,0.214413312,-1.459285165,-0.829778516,0.25945349,-1.184648345,2.789557174,40.70366019,3.58978344,2.257757855,1.125741172,0.835700009,0.76100776,0.709609225,0.626002438,0.485491093,0.448306336,0.429627251,0.376956372,0.352638746,0.328856298,0.303935837,0.287692628,0.271312169,0.256099329,0.25176806,0.247248419,0.234859455,0.230680733,0.224785178,0.216647211,0.211827449,0.206455681,0.202719529,0.201109102,0.198895142,0.195418594,3.3411632,0.17124254
100_1012,Conc,100,LL2112_NC_conc.csv,post_iqr,23.45110106,-1.474469313,-7.884626437,-14.76438317,1.231866165,4.961226132,-5.123519583,3.916029688,1.30271525,4.336577055,-0.500493474,-3.181143491,-1.044436587,-0.869089408,3.235032538,-1.700870773,-0.06772176,-1.727284451,0.573178684,2.198067441,-0.991027108,-2.687030039,0.634734355,2.485338136,-0.294840373,3.036638756,1.111577269,1.539479842,0.282667789,5.058924552,40.70366019,3.58978344,2.257757855,1.125741172,0.835700009,0.76100776,0.709609225,0.626002438,0.485491093,0.448306336,0.429627251,0.376956372,0.352638746,0.328856298,0.303935837,0.287692628,0.271312169,0.256099329,0.25176806,0.247248419,0.234859455,0.230680733,0.224785178,0.216647211,0.211827449,0.206455681,0.202719529,0.201109102,0.198895142,0.195418594,3.5751987,0.9387851
100_1013,Conc,100,LL2112_NC_conc.csv,post_iqr,24.88004361,8.428699602,6.412404001,1.741842695,-3.090500411,-4.068412614,-3.733105077,0.514545124,3.608018199,5.254521856,-0.819296434,-1.407126957,-2.636868136,1.219396236,0.724991027,1.387171658,-0.811985676,0.651077101,-1.860725569,0.331837167,-2.295653598,1.333356013,-0.560552877,-0.975854433,0.384013323,1.158515324,-3.260500171,2.323723482,2.742612775,1.608336641,40.70366019,3.58978344,2.257757855,1.125741172,0.835700009,0.76100776,0.709609225,0.626002438,0.485491093,0.448306336,0.429627251,0.376956372,0.352638746,0.328856298,0.303935837,0.287692628,0.271312169,0.256099329,0.25176806,0.247248419,0.234859455,0.230680733,0.224785178,0.216647211,0.211827449,0.206455681,0.202719529,0.201109102,0.198895142,0.195418594,2.8653405,-2.3655505
100_1014,Conc,100,LL2112_NC_conc.csv,post_iqr,-78.09091553,-0.88343607,-9.982072689,-10.82657336,-1.373702554,8.68530241,-6.932331811,-3.362882156,-2.99219978,-1.599343017,2.951197464,-1.088027263,-1.654431258,7.172581473,5.019856116,-1.303454136,-0.71861939,-0.831337102,2.242911032,-0.632356507,-3.262036895,8.041087197,1.86303303,1.65654332,1.246342124,1.730230791,-1.492889074,-7.283448796,11.73277774,-5.85417201,40.70366019,3.58978344,2.257757855,1.125741172,0.835700009,0.76100776,0.709609225,0.626002438,0.485491093,0.448306336,0.429627251,0.376956372,0.352638746,0.328856298,0.303935837,0.287692628,0.271312169,0.256099329,0.25176806,0.247248419,0.234859455,0.230680733,0.224785178,0.216647211,0.211827449,0.206455681,0.202719529,0.201109102,0.198895142,0.195418594,12.186599,4.613003
100_1015,Conc,100,LL2112_NC_conc.csv,post_iqr,24.74727266,6.143185045,10.55136663,0.405719691,-0.355029192,-1.182399739,-4.36794415,2.790616317,4.261201345,4.907340405,-2.182691679,-1.667902195,-2.226431469,2.305529622,-0.383930222,0.542113518,-0.418398394,1.351661741,0.360140543,0.209665879,-1.584962477,1.91136771,2.703215139,-0.184980684,0.861950565,-0.83278699,1.1091823,2.983243112,1.07784204,0.719155264,40.70366019,3.58978344,2.257757855,1.125741172,0.835700009,0.76100776,0.709609225,0.626002438,0.485491093,0.448306336,0.429627251,0.376956372,0.352638746,0.328856298,0.303935837,0.287692628,0.271312169,0.256099329,0.25176806,0.247248419,0.234859455,0.230680733,0.224785178,0.216647211,0.211827449,0.206455681,0.202719529,0.201109102,0.198895142,0.195418594,4.08571,-0.3336711
100_1016,Conc,100,LL2112_NC_conc.csv,post_iqr,23.21871446,2.64330436,-7.475855953,-7.61818692,7.135402352,4.897669175,-0.710257234,1.477254766,2.049525092,3.46949292,1.796541296,4.053998338,4.39698269,6.32E-05,6.708026108,0.326374312,-0.646253471,-3.023941332,4.228276177,0.696050501,3.162149414,-0.489492372,5.025898376,1.806385592,2.291867245,0.505747144,-0.027569473,0.235760212,-0.383119764,0.708146757,40.70366019,3.58978344,2.257757855,1.125741172,0.835700009,0.76100776,0.709609225,0.626002438,0.485491093,0.448306336,0.429627251,0.376956372,0.352638746,0.328856298,0.303935837,0.287692628,0.271312169,0.256099329,0.25176806,0.247248419,0.234859455,0.230680733,0.224785178,0.216647211,0.211827449,0.206455681,0.202719529,0.201109102,0.198895142,0.195418594,2.904391,0.50182194
100_1017,Conc,100,LL2112_NC_conc.csv,post_iqr,-3.395053041,3.415768786,19.14069664,0.689722141,2.992685773,-9.810990402,1.195762224,15.64862798,10.50039885,-1.821278157,-2.815447552,0.507015989,-2.241538654,5.339528834,1.703441608,-7.962634981,0.455196628,-1.887613825,7.640549727,4.770448551,1.919454276,4.192304016,1.757067417,-6.874098239,-2.801727496,-1.734327061,3.672830469,-0.86752538,1.66268411,2.131712746,40.70366019,3.58978344,2.257757855,1.125741172,0.835700009,0.76100776,0.709609225,0.626002438,0.485491093,0.448306336,0.429627251,0.376956372,0.352638746,0.328856298,0.303935837,0.287692628,0.271312169,0.256099329,0.25176806,0.247248419,0.234859455,0.230680733,0.224785178,0.216647211,0.211827449,0.206455681,0.202719529,0.201109102,0.198895142,0.195418594,9.519199,4.0318556
100_1018,Conc,100,LL2112_NC_conc.csv,post_iqr,25.87918341,2.087458094,-2.417580417,-8.778892253,1.413298719,3.214170766,-5.270982522,3.933760156,-0.920178811,3.068191936,0.228145811,1.614603678,-1.924047984,0.845472571,-0.990383769,-2.258005738,2.201922156,-5.544627513,2.027281079,-0.108971648,-3.003934222,1.423887161,0.76722972,0.580174067,-0.522215523,1.775663685,2.294123878,1.460153558,-2.220011485,-0.636355411,40.70366019,3.58978344,2.257757855,1.125741172,0.835700009,0.76100776,0.709609225,0.626002438,0.485491093,0.448306336,0.429627251,0.376956372,0.352638746,0.328856298,0.303935837,0.287692628,0.271312169,0.256099329,0.25176806,0.247248419,0.234859455,0.230680733,0.224785178,0.216647211,0.211827449,0.206455681,0.202719529,0.201109102,0.198895142,0.195418594,3.748663,0.73694795
100_1019,Conc,100,LL2112_NC_conc.csv,post_iqr,-76.55484222,1.271329052,-10.47957214,10.24460636,-2.791814915,3.235354762,-5.055049911,0.773662304,6.034975313,-3.046057777,-3.433583986,8.759234262,-5.313341281,1.903008129,-1.19778673,1.433006734,1.576957589,-6.718151423,-4.015278551,-0.107941495,-0.948950033,-3.386506412,4.223921554,-2.358723006,-2.976638096,0.592504923,1.689286912,5.501169004,4.753354075,-2.750998561,40.70366019,3.58978344,2.257757855,1.125741172,0.835700009,0.76100776,0.709609225,0.626002438,0.485491093,0.448306336,0.429627251,0.376956372,0.352638746,0.328856298,0.303935837,0.287692628,0.271312169,0.256099329,0.25176806,0.247248419,0.234859455,0.230680733,0.224785178,0.216647211,0.211827449,0.206455681,0.202719529,0.201109102,0.198895142,0.195418594,12.007698,5.3600845
100_1020,Conc,100,LL2112_NC_conc.csv,post_iqr,29.7627875,5.59155321,7.835703744,-3.899847004,-5.816074785,-0.258394397,-4.14155293,-1.030557049,1.777872984,-0.562700572,2.653663931,0.034038613,1.371253538,0.803766314,0.933790798,-1.591056321,-1.0121167,1.484978133,-0.394463217,0.90324683,-0.760173087,0.342235051,0.003190143,0.822652828,0.98655444,-2.292745634,-1.09464028,-1.040982875,1.962845991,-0.503277881,40.70366019,3.58978344,2.257757855,1.125741172,0.835700009,0.76100776,0.709609225,0.626002438,0.485491093,0.448306336,0.429627251,0.376956372,0.352638746,0.328856298,0.303935837,0.287692628,0.271312169,0.256099329,0.25176806,0.247248419,0.234859455,0.230680733,0.224785178,0.216647211,0.211827449,0.206455681,0.202719529,0.201109102,0.198895142,0.195418594,3.2381406,0.18932788
100_1021,Conc,100,LL2112_NC_conc.csv,post_iqr,25.18249692,4.601972699,5.824738741,-0.023073646,2.596041307,2.613517997,-6.467892906,2.790864909,2.616171538,5.913189438,-2.697905518,0.672528721,-0.464260598,1.733269937,0.913032285,3.613857438,-1.867565059,-1.320828528,3.169134169,1.196244459,1.403097195,-2.060694319,0.293616856,-1.37679736,2.575636301,2.59285661,0.652984754,0.457762316,-0.309504814,-1.934721167,40.70366019,3.58978344,2.257757855,1.125741172,0.835700009,0.76100776,0.709609225,0.626002438,0.485491093,0.448306336,0.429627251,0.376956372,0.352638746,0.328856298,0.303935837,0.287692628,0.271312169,0.256099329,0.25176806,0.247248419,0.234859455,0.230680733,0.224785178,0.216647211,0.211827449,0.206455681,0.202719529,0.201109102,0.198895142,0.195418594,3.736949,-1.0543399
100_1022,Conc,100,LL2112_NC_conc.csv,post_iqr,-50.89107754,6.759534309,7.961106399,-6.544105169,9.571584466,-21.06889976,1.345728274,19.86196376,7.102833458,-0.526614244,-3.202864902,1.496283246,5.283636957,-0.289759977,0.410491168,-18.56987678,-8.9434907,-2.083758038,-1.059450426,1.366683524,-2.09039589,7.188350485,-8.431286229,4.558302926,2.001982363,-4.986819064,-8.509715915,-2.483659987,-0.822487359,2.904268409,40.70366019,3.58978344,2.257757855,1.125741172,0.835700009,0.76100776,0.709609225,0.626002438,0.485491093,0.448306336,0.429627251,0.376956372,0.352638746,0.328856298,0.303935837,0.287692628,0.271312169,0.256099329,0.25176806,0.247248419,0.234859455,0.230680733,0.224785178,0.216647211,0.211827449,0.206455681,0.202719529,0.201109102,0.198895142,0.195418594,9.912133,4.7021933
100_1024,Conc,100,LL2112_NC_conc.csv,post_iqr,29.75945083,1.286730615,3.72416442,-8.260342265,-3.037430798,4.299583063,-0.376373864,-2.318600404,1.984236729,-1.909173478,-0.559910577,-1.104272497,0.598908722,0.902480279,2.754151891,-0.939770816,-2.33716492,1.570772411,0.353086161,0.602370039,4.696413738,-0.9447176,2.64562115,1.185010194,2.309627869,-1.723482852,-0.222372102,0.579593755,0.941547392,1.441840894,40.70366019,3.58978344,2.257757855,1.125741172,0.835700009,0.76100776,0.709609225,0.626002438,0.485491093,0.448306336,0.429627251,0.376956372,0.352638746,0.328856298,0.303935837,0.287692628,0.271312169,0.256099329,0.25176806,0.247248419,0.234859455,0.230680733,0.224785178,0.216647211,0.211827449,0.206455681,0.202719529,0.201109102,0.198895142,0.195418594,3.231918,0.67523146
100_1025,Conc,100,LL2112_NC_conc.csv,post_iqr,30.11925179,-4.366906234,5.311272983,-13.07838879,-3.877160404,3.960752467,-4.233381042,-0.263394674,1.262352454,0.977584717,-4.0314454,0.155067283,0.025038905,-0.985960762,5.773467513,-0.834788535,-3.664115529,0.84966823,2.444051822,2.694970099,5.113578068,-2.857990546,0.284698379,2.0155375,1.662158412,0.71163163,-1.843781204,1.497526132,2.347622039,-0.914672003,40.70366019,3.58978344,2.257757855,1.125741172,0.835700009,0.76100776,0.709609225,0.626002438,0.485491093,0.448306336,0.429627251,0.376956372,0.352638746,0.328856298,0.303935837,0.287692628,0.271312169,0.256099329,0.25176806,0.247248419,0.234859455,0.230680733,0.224785178,0.216647211,0.211827449,0.206455681,0.202719529,0.201109102,0.198895142,0.195418594,3.3485527,1.1568657
100_1026,Conc,100,LL2112_NC_conc.csv,post_iqr,-41.75791565,7.457895088,6.861071147,-5.152795451,0.02601218,4.188427403,2.592281575,14.65503667,-5.085862806,-0.205893077,4.136446629,0.734312824,0.691839774,2.435585727,-3.172172926,7.099168416,0.135682485,-3.875139787,-1.116985488,2.111117178,-9.761321791,3.372996335,1.128488146,5.918089838,-5.849710951,-3.043635921,6.238544372,4.483309872,8.634977874,0.813293398,40.70366019,3.58978344,2.257757855,1.125741172,0.835700009,0.76100776,0.709609225,0.626002438,0.485491093,0.448306336,0.429627251,0.376956372,0.352638746,0.328856298,0.303935837,0.287692628,0.271312169,0.256099329,0.25176806,0.247248419,0.234859455,0.230680733,0.224785178,0.216647211,0.211827449,0.206455681,0.202719529,0.201109102,0.198895142,0.195418594,10.353211,4.2600927
100_1027,Conc,100,LL2112_NC_conc.csv,post_iqr,24.01397349,14.58450622,-3.613491392,4.126812924,10.89162136,0.955109173,3.096546269,-2.987711896,1.027481413,4.444467669,-1.244141939,-0.214019857,-1.371627019,-0.56102337,-0.352503696,4.140998672,-1.665637778,1.363691326,-0.051821092,2.068849703,-3.533583574,1.898472174,-3.800816062,-0.342667031,-1.223464382,0.975223955,-0.083953577,0.281665572,0.427437261,-0.209079915,40.70366019,3.58978344,2.257757855,1.125741172,0.835700009,0.76100776,0.709609225,0.626002438,0.485491093,0.448306336,0.429627251,0.376956372,0.352638746,0.328856298,0.303935837,0.287692628,0.271312169,0.256099329,0.25176806,0.247248419,0.234859455,0.230680733,0.224785178,0.216647211,0.211827449,0.206455681,0.202719529,0.201109102,0.198895142,0.195418594,1.788644,-1.5389822
100_1028,Conc,100,LL2112_NC_conc.csv,post_iqr,27.06966699,11.72406171,2.670200988,5.572337867,4.123704889,3.400627831,8.687799294,-5.92396306,3.029615993,4.010136086,4.048252235,-0.020768063,5.680643072,2.347684435,-1.983498898,2.13197579,-0.612331697,0.804440635,3.572883575,0.477889727,0.152702519,-1.328548937,-1.395751471,1.144380154,-0.845635783,-2.884965223,-1.625735578,0.914826461,-0.114746799,-0.497026451,40.70366019,3.58978344,2.257757855,1.125741172,0.835700009,0.76100776,0.709609225,0.626002438,0.485491093,0.448306336,0.429627251,0.376956372,0.352638746,0.328856298,0.303935837,0.287692628,0.271312169,0.256099329,0.25176806,0.247248419,0.234859455,0.230680733,0.224785178,0.216647211,0.211827449,0.206455681,0.202719529,0.201109102,0.198895142,0.195418594,1.1578122,-0.9948188
100_1029,Conc,100,LL2112_NC_conc.csv,post_iqr,-46.0078153,1.424101276,3.842631641,-10.11664063,7.086744155,-4.698657646,-1.954961054,10.41975175,1.397454569,-11.44190334,5.92974659,3.364409746,-0.511231915,2.44503469,1.021026333,8.328957027,-2.401485871,-0.351190643,1.681354885,0.788380521,0.763359446,-0.132421054,-2.372839492,-5.981302781,-2.633727237,1.463968266,0.875079299,0.414866391,4.701887908,-1.100185673,40.70366019,3.58978344,2.257757855,1.125741172,0.835700009,0.76100776,0.709609225,0.626002438,0.485491093,0.448306336,0.429627251,0.376956372,0.352638746,0.328856298,0.303935837,0.287692628,0.271312169,0.256099329,0.25176806,0.247248419,0.234859455,0.230680733,0.224785178,0.216647211,0.211827449,0.206455681,0.202719529,0.201109102,0.198895142,0.195418594,10.281027,4.3377824
100_1030,Conc,100,LL2112_NC_conc.csv,post_iqr,24.91288924,2.701144305,0.51339388,-1.893127215,6.07555175,2.857283684,10.68930751,-4.163703883,7.37383167,8.46253906,1.524780573,4.336831452,4.23707871,4.234767075,-3.025051463,1.254393516,-0.939071005,-3.321647254,3.388950739,-0.117917654,1.522290249,-1.866224175,1.236833452,2.466747499,-1.023584868,-0.309437055,-0.962953328,1.190826367,1.97257936,0.259052758,40.70366019,3.58978344,2.257757855,1.125741172,0.835700009,0.76100776,0.709609225,0.626002438,0.485491093,0.448306336,0.429627251,0.376956372,0.352638746,0.328856298,0.303935837,0.287692628,0.271312169,0.256099329,0.25176806,0.247248419,0.234859455,0.230680733,0.224785178,0.216647211,0.211827449,0.206455681,0.202719529,0.201109102,0.198895142,0.195418594,3.9349434,0.031213863
100_1031,Conc,100,LL2112_NC_conc.csv,post_iqr,22.5749735,3.37653495,-0.699128283,-7.99126175,2.129805129,6.584352437,-4.751782338,3.585445737,-0.056096307,-3.813446886,4.283985242,5.177079483,4.864351762,-3.547355078,2.425818275,-5.314902054,-1.508757366,-4.11379097,2.209801441,3.642089053,0.64839839,-0.332290785,1.923154704,-1.569340641,2.761427988,3.075497393,0.422930076,0.630469995,-0.096026371,-1.227992491,40.70366019,3.58978344,2.257757855,1.125741172,0.835700009,0.76100776,0.709609225,0.626002438,0.485491093,0.448306336,0.429627251,0.376956372,0.352638746,0.328856298,0.303935837,0.287692628,0.271312169,0.256099329,0.25176806,0.247248419,0.234859455,0.230680733,0.224785178,0.216647211,0.211827449,0.206455681,0.202719529,0.201109102,0.198895142,0.195418594,4.0128207,0.31635252
100_1032,Conc,100,LL2112_NC_conc.csv,post_iqr,-75.0606186,-0.720825021,2.622485607,6.213353673,0.455481638,2.170507411,1.683996771,-7.863355205,3.677524273,5.352715586,2.380038449,-2.716347469,0.116195601,1.511696043,-3.276334378,-3.218887908,1.78833244,2.538749382,2.405628331,7.258921859,-4.892678369,7.137284175,3.337372665,0.638198418,0.170997209,-1.121767962,2.359336555,2.060726607,2.302572727,3.788041104,40.70366019,3.58978344,2.257757855,1.125741172,0.835700009,0.76100776,0.709609225,0.626002438,0.485491093,0.448306336,0.429627251,0.376956372,0.352638746,0.328856298,0.303935837,0.287692628,0.271312169,0.256099329,0.25176806,0.247248419,0.234859455,0.230680733,0.224785178,0.216647211,0.211827449,0.206455681,0.202719529,0.201109102,0.198895142,0.195418594,11.896597,5.6090145
100_1033,Conc,100,LL2112_NC_conc.csv,post_iqr,24.92007715,-4.906197516,0.457033068,-0.283910445,4.095688025,-3.893101867,-6.538926118,5.56070717,0.499829876,0.591908917,-0.700226526,4.115095207,-3.169359606,6.666314816,-0.289850486,0.955601754,-1.786159414,-2.960179943,2.571955503,-0.285491809,1.216540342,-0.620003343,2.322957302,0.432915315,0.897197306,2.72161114,0.912472532,-2.740643075,1.552800692,1.64910306,40.70366019,3.58978344,2.257757855,1.125741172,0.835700009,0.76100776,0.709609225,0.626002438,0.485491093,0.448306336,0.429627251,0.376956372,0.352638746,0.328856298,0.303935837,0.287692628,0.271312169,0.256099329,0.25176806,0.247248419,0.234859455,0.230680733,0.224785178,0.216647211,0.211827449,0.206455681,0.202719529,0.201109102,0.198895142,0.195418594,4.1129417,0.002228971
100_1034,Conc,100,LL2112_NC_conc.csv,post_iqr,-14.23674637,30.12615099,-70.31426733,6.270070537,-8.143097659,1.459968298,-2.2768929,20.80576108,2.823702594,10.02311689,-3.176177108,-15.76967959,-8.942074655,10.46848875,3.979037344,-8.447338697,24.57723256,14.80233553,14.2398172,-11.19853072,4.647952895,-16.64090966,-9.869488882,8.665675468,23.5448884,-0.39718018,-11.57750913,-8.353672454,13.71625258,1.860760313,40.70366019,3.58978344,2.257757855,1.125741172,0.835700009,0.76100776,0.709609225,0.626002438,0.485491093,0.448306336,0.429627251,0.376956372,0.352638746,0.328856298,0.303935837,0.287692628,0.271312169,0.256099329,0.25176806,0.247248419,0.234859455,0.230680733,0.224785178,0.216647211,0.211827449,0.206455681,0.202719529,0.201109102,0.198895142,0.195418594,3.593771,-2.1056898
100_1035,Conc,100,LL2112_NC_conc.csv,post_iqr,-79.57677608,1.234231726,-17.16533957,-3.279524442,-6.974065583,3.216443393,-9.681235658,-11.54922533,-1.182475186,2.111377791,-0.48331898,1.438141074,-8.687275339,5.865972461,1.425321084,7.425608283,-1.740089854,-1.320717891,0.358548329,8.447162008,-0.156173524,7.555926236,-6.235227327,4.187430646,-6.032597015,-9.801111927,5.463328141,1.480681216,-4.504942401,6.75394966,40.70366019,3.58978344,2.257757855,1.125741172,0.835700009,0.76100776,0.709609225,0.626002438,0.485491093,0.448306336,0.429627251,0.376956372,0.352638746,0.328856298,0.303935837,0.287692628,0.271312169,0.256099329,0.25176806,0.247248419,0.234859455,0.230680733,0.224785178,0.216647211,0.211827449,0.206455681,0.202719529,0.201109102,0.198895142,0.195418594,12.231462,4.4918814
100_1036,Conc,100,LL2112_NC_conc.csv,post_iqr,-76.34788156,-2.987967508,-12.73165328,-10.97053892,-1.319792964,6.743008446,0.143766045,-10.16933098,1.506496972,-8.466012992,1.271492323,-0.277427851,4.706125604,3.319264791,3.093646781,5.277422854,-5.150607891,0.084246578,4.613926605,-3.091419937,2.821503901,8.457482076,6.071155966,0.563673045,-4.999664337,-9.3905371,-6.901068727,-7.103979446,-0.603515919,1.37871804,40.70366019,3.58978344,2.257757855,1.125741172,0.835700009,0.76100776,0.709609225,0.626002438,0.485491093,0.448306336,0.429627251,0.376956372,0.352638746,0.328856298,0.303935837,0.287692628,0.271312169,0.256099329,0.25176806,0.247248419,0.234859455,0.230680733,0.224785178,0.216647211,0.211827449,0.206455681,0.202719529,0.201109102,0.198895142,0.195418594,11.981759,4.3954463
100_1037,Conc,100,LL2112_NC_conc.csv,post_iqr,-70.86139473,-4.234438997,10.30390006,-8.822814434,-12.80798997,5.149685216,2.235647294,-3.241580004,-5.036944549,2.795659368,5.907831534,3.142138139,-6.553550128,-5.011088894,-1.172269098,4.675649242,2.646806006,5.977073283,3.399078855,-2.75973244,-1.258757989,-0.861010804,1.59139349,-1.798953971,4.891597662,1.187646983,4.006906017,-4.343998732,0.28286995,3.420437398,40.70366019,3.58978344,2.257757855,1.125741172,0.835700009,0.76100776,0.709609225,0.626002438,0.485491093,0.448306336,0.429627251,0.376956372,0.352638746,0.328856298,0.303935837,0.287692628,0.271312169,0.256099329,0.25176806,0.247248419,0.234859455,0.230680733,0.224785178,0.216647211,0.211827449,0.206455681,0.202719529,0.201109102,0.198895142,0.195418594,11.829662,4.6281013
100_1038,Conc,100,LL2112_NC_conc.csv,post_iqr,23.5808958,2.423177034,-17.42154457,-17.48819647,12.04294998,3.117786936,5.642288184,-1.870445715,3.333556259,14.02708431,-2.950943238,3.654832694,3.954316758,-1.373379914,3.384765315,-3.822240344,1.346896044,0.286443212,-0.25377899,1.251801107,1.770931696,2.691724351,0.688087923,0.193571813,3.560793952,0.957064526,-0.570554353,-0.739839225,-3.891276317,0.473066063,40.70366019,3.58978344,2.257757855,1.125741172,0.835700009,0.76100776,0.709609225,0.626002438,0.485491093,0.448306336,0.429627251,0.376956372,0.352638746,0.328856298,0.303935837,0.287692628,0.271312169,0.256099329,0.25176806,0.247248419,0.234859455,0.230680733,0.224785178,0.216647211,0.211827449,0.206455681,0.202719529,0.201109102,0.198895142,0.195418594,3.0442817,1.0909752
100_1039,Conc,100,LL2112_NC_conc.csv,post_iqr,32.70512738,-1.431773644,6.534539362,-10.25314392,-2.034125611,5.960439005,-5.139754683,0.497849185,3.645697832,3.641885194,-1.89497138,-1.381987237,1.353262199,1.391415795,1.236644588,-0.72983008,-3.629783365,1.581544047,-0.667849076,2.651570406,2.252377038,-1.116222598,-1.413018006,-0.218338027,1.223758857,1.689028335,-1.35429543,0.339657022,0.363291603,0.680131309,40.70366019,3.58978344,2.257757855,1.125741172,0.835700009,0.76100776,0.709609225,0.626002438,0.485491093,0.448306336,0.429627251,0.376956372,0.352638746,0.328856298,0.303935837,0.287692628,0.271312169,0.256099329,0.25176806,0.247248419,0.234859455,0.230680733,0.224785178,0.216647211,0.211827449,0.206455681,0.202719529,0.201109102,0.198895142,0.195418594,3.6111348,0.9370809
100_1040,Conc,100,LL2112_NC_conc.csv,post_iqr,27.72109349,11.67707702,1.028051359,-4.428085338,3.710236036,3.225291255,6.302813462,-4.034353851,1.467282972,0.684277744,1.27053137,-1.779239988,0.083451361,0.701323684,2.661813298,1.19740603,-0.711482519,-0.234460459,-1.919100151,0.374262963,-2.10849928,-1.41212974,-2.973485532,2.502287171,-0.682661135,-3.684675108,-1.253104036,1.631864025,0.83521646,-4.22730156,40.70366019,3.58978344,2.257757855,1.125741172,0.835700009,0.76100776,0.709609225,0.626002438,0.485491093,0.448306336,0.429627251,0.376956372,0.352638746,0.328856298,0.303935837,0.287692628,0.271312169,0.256099329,0.25176806,0.247248419,0.234859455,0.230680733,0.224785178,0.216647211,0.211827449,0.206455681,0.202719529,0.201109102,0.198895142,0.195418594,1.5744845,-0.111370794
100_1041,Conc,100,LL2112_NC_conc.csv,post_iqr,-69.94470108,2.462657494,0.692397623,-2.551289787,7.733843609,-7.40364932,-7.598679035,4.872930316,-2.147087975,5.720712473,0.022646491,-2.738120359,1.04950808,10.34119936,4.488514075,4.026738526,-1.272533474,-4.921126707,-2.956855852,-6.533602981,4.027881199,1.200712987,-0.280412222,4.772768977,-1.116065515,1.504965156,-0.491990545,1.230899828,-0.066550416,-0.958782293,40.70366019,3.58978344,2.257757855,1.125741172,0.835700009,0.76100776,0.709609225,0.626002438,0.485491093,0.448306336,0.429627251,0.376956372,0.352638746,0.328856298,0.303935837,0.287692628,0.271312169,0.256099329,0.25176806,0.247248419,0.234859455,0.230680733,0.224785178,0.216647211,0.211827449,0.206455681,0.202719529,0.201109102,0.198895142,0.195418594,11.639001,5.5834584
100_1042,Conc,100,LL2112_NC_conc.csv,post_iqr,26.51672193,2.057945284,5.383848881,4.040270226,3.623982198,1.924752006,3.97908248,-3.802371949,4.065294602,0.881080262,1.64456225,-1.768430941,-2.425726843,3.928598303,0.459298539,3.284890682,-0.463650745,1.062936489,3.367240554,-0.608832126,1.089783404,-2.230947714,1.905644586,2.902020172,-0.043386173,-0.166750366,-0.277909301,-0.514509137,1.496119977,-0.721878555,40.70366019,3.58978344,2.257757855,1.125741172,0.835700009,0.76100776,0.709609225,0.626002438,0.485491093,0.448306336,0.429627251,0.376956372,0.352638746,0.328856298,0.303935837,0.287692628,0.271312169,0.256099329,0.25176806,0.247248419,0.234859455,0.230680733,0.224785178,0.216647211,0.211827449,0.206455681,0.202719529,0.201109102,0.198895142,0.195418594,2.615001,-1.2437243
100_1043,Conc,100,LL2112_NC_conc.csv,post_iqr,20.01983046,15.6255863,-10.97816988,4.549689676,12.47812479,-0.721931552,8.962363064,-3.632320637,-2.103407923,-0.543978028,6.317917366,11.40055161,5.446880526,4.045870379,1.154838852,-0.145061022,-0.40591665,-1.973839574,8.270762983,-0.258535031,0.740723634,-3.002546606,2.523139341,1.717963388,1.097261839,-1.144202047,-1.274804847,-0.903679895,-0.989674495,3.888974004,40.70366019,3.58978344,2.257757855,1.125741172,0.835700009,0.76100776,0.709609225,0.626002438,0.485491093,0.448306336,0.429627251,0.376956372,0.352638746,0.328856298,0.303935837,0.287692628,0.271312169,0.256099329,0.25176806,0.247248419,0.234859455,0.230680733,0.224785178,0.216647211,0.211827449,0.206455681,0.202719529,0.201109102,0.198895142,0.195418594,2.1615229,-2.0841455
100_1044,Conc,100,LL2112_NC_conc.csv,post_iqr,26.6891903,1.38341931,7.634211306,-2.457860874,-4.57943344,1.262629351,-5.195459389,-0.325598058,1.88544394,3.840149501,-4.701565058,-0.986448526,-0.474222892,1.4720275,1.442697123,2.06702842,-0.979734159,-1.430696185,1.660790029,-0.037197242,0.497232902,-2.221980863,1.350505458,1.463373818,-0.238278884,0.281690456,-1.437211378,0.148381575,-0.050194385,1.093292273,40.70366019,3.58978344,2.257757855,1.125741172,0.835700009,0.76100776,0.709609225,0.626002438,0.485491093,0.448306336,0.429627251,0.376956372,0.352638746,0.328856298,0.303935837,0.287692628,0.271312169,0.256099329,0.25176806,0.247248419,0.234859455,0.230680733,0.224785178,0.216647211,0.211827449,0.206455681,0.202719529,0.201109102,0.198895142,0.195418594,3.922257,0.573242
100_1045,Conc,100,LL2112_NC_conc.csv,post_iqr,-85.62594603,-10.38458105,23.49410254,-2.00894558,4.297077721,-4.174797738,-5.920778268,0.997284019,7.927697544,2.195819395,0.135639843,3.937527429,-1.632083284,-7.807997375,-1.299650599,-4.464099886,5.88151342,-0.677979606,5.445789963,-9.014184329,3.735526597,-3.460604883,-0.290036237,2.086784651,-2.18419025,5.546400445,-5.455869606,-6.511105503,-1.976027327,-2.145558097,40.70366019,3.58978344,2.257757855,1.125741172,0.835700009,0.76100776,0.709609225,0.626002438,0.485491093,0.448306336,0.429627251,0.376956372,0.352638746,0.328856298,0.303935837,0.287692628,0.271312169,0.256099329,0.25176806,0.247248419,0.234859455,0.230680733,0.224785178,0.216647211,0.211827449,0.206455681,0.202719529,0.201109102,0.198895142,0.195418594,11.3540125,5.827886
100_1046,Conc,100,LL2112_NC_conc.csv,post_iqr,25.37356813,5.688088789,3.686279998,3.872428332,0.182906839,-3.291540704,-6.656920185,2.16882526,1.746960897,0.833431268,1.778894146,1.411773922,-1.047349825,3.065179571,0.578430718,2.557836603,0.299086694,-0.789460997,4.295615327,-1.380034661,-0.919803713,-0.701292013,3.306664604,1.437650403,0.229651294,-1.324143718,0.799191603,0.313180205,0.862695146,-0.110296154,40.70366019,3.58978344,2.257757855,1.125741172,0.835700009,0.76100776,0.709609225,0.626002438,0.485491093,0.448306336,0.429627251,0.376956372,0.352638746,0.328856298,0.303935837,0.287692628,0.271312169,0.256099329,0.25176806,0.247248419,0.234859455,0.230680733,0.224785178,0.216647211,0.211827449,0.206455681,0.202719529,0.201109102,0.198895142,0.195418594,3.316619,-1.817287
100_1047,Conc,100,LL2112_NC_conc.csv,post_iqr,-70.9146753,6.342468026,1.038636803,2.783707288,-10.71359634,5.703993409,-4.995362671,3.096600023,-6.603242154,4.608575479,3.230871308,-3.202021764,6.547368274,-4.60172528,-0.5369361,0.643056255,-1.213071064,-4.395856872,0.729656951,1.839957637,3.200923851,4.775934535,-4.790229165,5.517004957,-3.302035052,-8.708069457,-4.374771244,-0.929766007,-0.53594831,2.234121743,40.70366019,3.58978344,2.257757855,1.125741172,0.835700009,0.76100776,0.709609225,0.626002438,0.485491093,0.448306336,0.429627251,0.376956372,0.352638746,0.328856298,0.303935837,0.287692628,0.271312169,0.256099329,0.25176806,0.247248419,0.234859455,0.230680733,0.224785178,0.216647211,0.211827449,0.206455681,0.202719529,0.201109102,0.198895142,0.195418594,11.466046,4.992334
100_1048,Conc,100,LL2112_NC_conc.csv,post_iqr,23.85430754,8.57382436,2.866764718,1.000864895,1.810635325,1.798049904,-0.069724516,-0.528258921,-0.118846755,1.284842629,-3.960448876,-1.497183824,-2.08079776,-1.531691179,7.75268225,4.048080131,0.860502468,-0.114512217,1.694877075,0.680514299,3.341247547,2.175887579,0.861242108,0.088060307,-1.483870428,0.763497748,-1.465644008,1.900639159,-1.467918891,1.832939811,40.70366019,3.58978344,2.257757855,1.125741172,0.835700009,0.76100776,0.709609225,0.626002438,0.485491093,0.448306336,0.429627251,0.376956372,0.352638746,0.328856298,0.303935837,0.287692628,0.271312169,0.256099329,0.25176806,0.247248419,0.234859455,0.230680733,0.224785178,0.216647211,0.211827449,0.206455681,0.202719529,0.201109102,0.198895142,0.195418594,1.9125985,-0.6151346
100_1049,Conc,100,LL2112_NC_conc.csv,post_iqr,-75.06850812,-4.510373362,14.93216146,5.486614387,2.136969608,-3.827058902,-5.513661248,0.709797289,9.678077718,1.637148995,-2.87220581,1.101941974,2.807385758,-2.616012698,-0.250827186,-4.877521861,2.026555837,2.262200894,1.784233434,-1.032825429,5.463390289,5.788766239,-3.350349199,0.05146112,-7.994154602,3.143409959,-4.290824788,-1.511835202,-1.410232113,1.74746012,40.70366019,3.58978344,2.257757855,1.125741172,0.835700009,0.76100776,0.709609225,0.626002438,0.485491093,0.448306336,0.429627251,0.376956372,0.352638746,0.328856298,0.303935837,0.287692628,0.271312169,0.256099329,0.25176806,0.247248419,0.234859455,0.230680733,0.224785178,0.216647211,0.211827449,0.206455681,0.202719529,0.201109102,0.198895142,0.195418594,11.531665,5.906795
100_1050,Conc,100,LL2112_NC_conc.csv,post_iqr,-70.4705456,5.612363434,-16.78040816,-0.880567399,1.647978803,3.020492311,-8.809526396,-2.405207674,-1.562785085,4.354406979,-4.856473824,-0.443946945,1.897867908,10.72687713,0.523619709,-0.374287894,-2.470269944,2.361566263,-5.789689485,1.906403277,-5.339892863,4.432163721,0.491970222,-6.425878954,-2.885849022,5.196706725,-5.731854137,-6.027185606,-4.548145279,3.247199846,40.70366019,3.58978344,2.257757855,1.125741172,0.835700009,0.76100776,0.709609225,0.626002438,0.485491093,0.448306336,0.429627251,0.376956372,0.352638746,0.328856298,0.303935837,0.287692628,0.271312169,0.256099329,0.25176806,0.247248419,0.234859455,0.230680733,0.224785178,0.216647211,0.211827449,0.206455681,0.202719529,0.201109102,0.198895142,0.195418594,12.029751,5.029339
100_1051,Conc,100,LL2112_NC_conc.csv,post_iqr,25.71347901,12.13203746,10.08481166,9.477869789,-7.429232712,-4.264161477,-4.180847737,-0.399053975,-0.074077595,-3.918700222,6.288004613,2.160444685,1.449131904,0.073580665,0.124044288,-2.398207783,-0.852338221,0.856993528,3.959602756,-0.197259736,-0.038149749,1.381316707,0.229269825,0.158652582,1.503600343,-0.901393137,-3.357168275,0.69831673,0.834243275,1.540048943,40.70366019,3.58978344,2.257757855,1.125741172,0.835700009,0.76100776,0.709609225,0.626002438,0.485491093,0.448306336,0.429627251,0.376956372,0.352638746,0.328856298,0.303935837,0.287692628,0.271312169,0.256099329,0.25176806,0.247248419,0.234859455,0.230680733,0.224785178,0.216647211,0.211827449,0.206455681,0.202719529,0.201109102,0.198895142,0.195418594,1.9967414,-2.380547
100_1052,Conc,100,LL2112_NC_conc.csv,post_iqr,15.87521589,12.63601071,-5.873114473,3.486771465,7.950001917,-4.219096275,-9.073149887,3.776735377,-0.442805168,1.377953151,2.21217265,8.944040803,-3.53111335,-3.465122169,0.592456688,2.614064562,1.149190449,0.420548443,0.359266372,-0.717313142,-4.282487272,-1.30216773,2.507722296,-1.009797928,-0.034218852,-1.220813991,4.548570093,-1.097574735,-2.758029186,-2.657314477,40.70366019,3.58978344,2.257757855,1.125741172,0.835700009,0.76100776,0.709609225,0.626002438,0.485491093,0.448306336,0.429627251,0.376956372,0.352638746,0.328856298,0.303935837,0.287692628,0.271312169,0.256099329,0.25176806,0.247248419,0.234859455,0.230680733,0.224785178,0.216647211,0.211827449,0.206455681,0.202719529,0.201109102,0.198895142,0.195418594,2.9816878,-2.2597764
100_1053,Conc,100,LL2112_NC_conc.csv,post_iqr,21.86311317,12.15269278,-9.300218353,-8.323822813,-1.817005993,-8.000343698,-7.132455656,-0.652484004,-3.473426967,-1.027636934,0.859881064,3.323131384,1.321549815,-1.428400941,1.779056603,-2.836662454,0.492674512,0.455981968,-0.806399581,-0.277637017,-0.721583737,2.229968919,-0.218763193,2.573411466,-1.191801003,-5.894711938,-3.373612271,3.795776912,3.523704053,1.952278263,40.70366019,3.58978344,2.257757855,1.125741172,0.835700009,0.76100776,0.709609225,0.626002438,0.485491093,0.448306336,0.429627251,0.376956372,0.352638746,0.328856298,0.303935837,0.287692628,0.271312169,0.256099329,0.25176806,0.247248419,0.234859455,0.230680733,0.224785178,0.216647211,0.211827449,0.206455681,0.202719529,0.201109102,0.198895142,0.195418594,3.1906817,0.26590782
100_1054,Conc,100,LL2112_NC_conc.csv,post_iqr,29.89667538,7.08626081,5.852249103,2.510454101,5.242140456,4.887335058,2.764147635,-2.762110794,2.294774701,-0.151597422,1.261751516,-0.216990834,3.093002025,0.573338582,0.637540458,0.33460017,-1.685522164,2.176773412,-0.599875155,-1.294324938,1.583835383,0.753229289,-1.529972137,-0.27310882,-0.254537088,1.619458391,2.202265174,-0.299940383,-1.29327939,-0.934030455,40.70366019,3.58978344,2.257757855,1.125741172,0.835700009,0.76100776,0.709609225,0.626002438,0.485491093,0.448306336,0.429627251,0.376956372,0.352638746,0.328856298,0.303935837,0.287692628,0.271312169,0.256099329,0.25176806,0.247248419,0.234859455,0.230680733,0.224785178,0.216647211,0.211827449,0.206455681,0.202719529,0.201109102,0.198895142,0.195418594,1.3823942,-1.0972214
100_1055,Conc,100,LL2112_NC_conc.csv,post_iqr,17.04265554,7.200175054,-7.256816327,-13.636163,0.465993381,-6.40244925,-3.070128053,-0.988701622,-2.304846997,0.383285186,2.916478513,6.810207887,-3.917000953,-0.277138708,-1.159459166,-3.270598087,5.336400186,-2.469660161,-0.500873949,1.009386146,-0.833415679,-0.457881159,2.019521237,0.612701518,-4.070665105,-5.432769492,3.114242969,3.173461149,3.950298873,-2.401778598,40.70366019,3.58978344,2.257757855,1.125741172,0.835700009,0.76100776,0.709609225,0.626002438,0.485491093,0.448306336,0.429627251,0.376956372,0.352638746,0.328856298,0.303935837,0.287692628,0.271312169,0.256099329,0.25176806,0.247248419,0.234859455,0.230680733,0.224785178,0.216647211,0.211827449,0.206455681,0.202719529,0.201109102,0.198895142,0.195418594,3.453218,0.7874593
100_1056,Conc,100,LL2112_NC_conc.csv,post_iqr,-77.40969458,1.896538115,-3.055896926,10.1399299,-4.873550126,8.034039626,-7.999528369,1.022596999,-3.37777676,9.320910055,1.401672754,2.699414994,2.554028363,-0.734799405,-0.203507408,-2.982107512,-1.037693444,-2.477222253,-0.970584565,2.281241617,0.367279582,-2.209569794,-3.175212669,0.758455876,1.339441958,-5.490870786,-0.290929595,3.517409452,-1.096361157,4.802870095,40.70366019,3.58978344,2.257757855,1.125741172,0.835700009,0.76100776,0.709609225,0.626002438,0.485491093,0.448306336,0.429627251,0.376956372,0.352638746,0.328856298,0.303935837,0.287692628,0.271312169,0.256099329,0.25176806,0.247248419,0.234859455,0.230680733,0.224785178,0.216647211,0.211827449,0.206455681,0.202719529,0.201109102,0.198895142,0.195418594,12.311509,5.256437
100_1057,Conc,100,LL2112_NC_conc.csv,post_iqr,3.422449472,-3.721226687,24.53210364,-1.500716164,-5.535694038,2.44421547,0.457527575,2.55489499,-0.108824117,2.206873801,2.961920537,0.70378599,-2.516159696,-2.048693678,0.131672374,1.662654731,0.848533916,0.121341549,4.068774693,-0.469199936,-4.028924206,-1.972676244,0.803130782,0.052561075,0.785563616,-0.21329779,-2.37483126,1.446422877,1.344543968,0.912358296,40.70366019,3.58978344,2.257757855,1.125741172,0.835700009,0.76100776,0.709609225,0.626002438,0.485491093,0.448306336,0.429627251,0.376956372,0.352638746,0.328856298,0.303935837,0.287692628,0.271312169,0.256099329,0.25176806,0.247248419,0.234859455,0.230680733,0.224785178,0.216647211,0.211827449,0.206455681,0.202719529,0.201109102,0.198895142,0.195418594,9.702875,4.000973
100_1058,Conc,100,LL2112_NC_conc.csv,post_iqr,21.7311819,20.19858792,-3.025382984,6.013814108,1.889518377,-0.884771011,6.380445368,-2.445396759,4.67165467,12.54784016,5.892723168,6.214693027,11.37621224,4.423396245,-0.022202855,8.644022097,0.336061136,-0.630838607,2.429650203,3.980495693,3.995788964,1.529719193,0.518507671,-2.512118307,-0.404310368,-0.108636127,-4.517381826,0.950588169,-0.537391599,1.337070768,40.70366019,3.58978344,2.257757855,1.125741172,0.835700009,0.76100776,0.709609225,0.626002438,0.485491093,0.448306336,0.429627251,0.376956372,0.352638746,0.328856298,0.303935837,0.287692628,0.271312169,0.256099329,0.25176806,0.247248419,0.234859455,0.230680733,0.224785178,0.216647211,0.211827449,0.206455681,0.202719529,0.201109102,0.198895142,0.195418594,1.2291791,-1.401611
100_1059,Conc,100,LL2112_NC_conc.csv,post_iqr,28.7829728,8.43210358,10.67934835,7.915439041,1.499153682,2.089372564,0.315467637,-5.243923395,3.371509196,-2.823563593,2.585315748,-3.937207717,-2.732711753,3.467426135,-0.883989771,0.498922521,-1.365414786,2.622619741,2.013611738,-0.777948141,-0.100385181,-0.156461973,1.042655408,0.879666616,0.785847663,0.068800521,-1.873131166,0.468619544,0.849890905,0.307816792,40.70366019,3.58978344,2.257757855,1.125741172,0.835700009,0.76100776,0.709609225,0.626002438,0.485491093,0.448306336,0.429627251,0.376956372,0.352638746,0.328856298,0.303935837,0.287692628,0.271312169,0.256099329,0.25176806,0.247248419,0.234859455,0.230680733,0.224785178,0.216647211,0.211827449,0.206455681,0.202719529,0.201109102,0.198895142,0.195418594,1.7634538,-1.5962161
100_1060,Conc,100,LL2112_NC_conc.csv,post_iqr,22.39721733,8.281338953,-2.083524097,-2.003194761,8.166379795,2.597882392,3.924720339,-0.886961686,1.067207225,1.206488829,-0.947309798,3.530310998,-1.702105074,1.353604359,5.225437818,-0.535717593,-1.363197875,-4.357352511,1.396498132,-0.172469497,-0.784240143,-2.494752141,3.472982334,2.500018168,2.716660438,4.338019208,-0.874973472,-0.659583946,-1.41020578,0.841498556,40.70366019,3.58978344,2.257757855,1.125741172,0.835700009,0.76100776,0.709609225,0.626002438,0.485491093,0.448306336,0.429627251,0.376956372,0.352638746,0.328856298,0.303935837,0.287692628,0.271312169,0.256099329,0.25176806,0.247248419,0.234859455,0.230680733,0.224785178,0.216647211,0.211827449,0.206455681,0.202719529,0.201109102,0.198895142,0.195418594,2.3639402,0.31077793
100_1061,Conc,100,LL2112_NC_conc.csv,post_iqr,-67.25157289,-1.476547112,-7.932179851,-3.284274815,-12.0164753,14.39719084,-5.202823598,-4.239377573,-1.107018903,4.290929329,3.196401177,0.451104818,-8.994080282,6.026105122,-0.047348279,4.30770763,2.871561968,1.98507197,4.891105214,-0.323764304,-0.722164073,3.512295774,3.650513655,1.475531127,-0.69701375,-1.874712139,6.568872097,7.046045196,-4.959444336,5.939304758,40.70366019,3.58978344,2.257757855,1.125741172,0.835700009,0.76100776,0.709609225,0.626002438,0.485491093,0.448306336,0.429627251,0.376956372,0.352638746,0.328856298,0.303935837,0.287692628,0.271312169,0.256099329,0.25176806,0.247248419,0.234859455,0.230680733,0.224785178,0.216647211,0.211827449,0.206455681,0.202719529,0.201109102,0.198895142,0.195418594,11.9369955,4.560245
100_1062,Conc,100,LL2112_NC_conc.csv,post_iqr,-52.57928714,-7.471750574,8.483062145,-21.20158183,6.147831556,-4.457948192,-1.347170243,11.80252715,1.029251939,-3.622329139,7.493034365,-8.752492022,3.035145114,5.168534997,-3.716945554,5.749678934,0.068183075,-2.017246792,-3.413267009,-2.410490317,1.404568623,4.72097455,0.881696116,1.090599492,2.758469242,7.785404824,-2.352821651,8.917920003,4.448523616,-2.533044643,40.70366019,3.58978344,2.257757855,1.125741172,0.835700009,0.76100776,0.709609225,0.626002438,0.485491093,0.448306336,0.429627251,0.376956372,0.352638746,0.328856298,0.303935837,0.287692628,0.271312169,0.256099329,0.25176806,0.247248419,0.234859455,0.230680733,0.224785178,0.216647211,0.211827449,0.206455681,0.202719529,0.201109102,0.198895142,0.195418594,10.375162,4.656012
100_1063,Conc,100,LL2112_NC_conc.csv,post_iqr,31.72196055,-2.464554814,4.649598745,-12.33747161,-4.239393602,2.124589324,-5.764591042,-0.649711722,1.00951407,5.459302092,-0.256495153,-2.078974954,1.156376159,2.484852088,-0.988608746,-3.547858551,0.562953152,5.110105688,-1.856523528,-1.193977378,-2.555669022,-0.930547714,1.210553624,-0.78809476,1.542408518,-1.805731428,-0.12077388,1.33742009,-1.157033468,-0.02260881,40.70366019,3.58978344,2.257757855,1.125741172,0.835700009,0.76100776,0.709609225,0.626002438,0.485491093,0.448306336,0.429627251,0.376956372,0.352638746,0.328856298,0.303935837,0.287692628,0.271312169,0.256099329,0.25176806,0.247248419,0.234859455,0.230680733,0.224785178,0.216647211,0.211827449,0.206455681,0.202719529,0.201109102,0.198895142,0.195418594,3.600172,1.1114756
100_1064,Conc,100,LL2112_NC_conc.csv,post_iqr,27.64778363,8.083723878,0.935323662,-7.25127716,1.004579911,-0.305100159,-7.969409566,0.536801716,-0.164006908,5.164921237,-0.366143883,2.416088703,0.175043243,-0.877512516,1.602614322,1.061308851,-1.012636871,3.884540277,-2.153939744,3.138032754,-2.635747782,-1.064406366,-2.46133776,-3.235079953,-1.773818798,-1.077016306,-1.492368686,0.800493236,-2.217846226,1.075458594,40.70366019,3.58978344,2.257757855,1.125741172,0.835700009,0.76100776,0.709609225,0.626002438,0.485491093,0.448306336,0.429627251,0.376956372,0.352638746,0.328856298,0.303935837,0.287692628,0.271312169,0.256099329,0.25176806,0.247248419,0.234859455,0.230680733,0.224785178,0.216647211,0.211827449,0.206455681,0.202719529,0.201109102,0.198895142,0.195418594,3.7829826,0.020632185
100_1065,Conc,100,LL2112_NC_conc.csv,post_iqr,-80.72456551,3.281501831,-10.13592206,7.53703866,4.438916126,8.510986238,0.998424185,-9.535483116,2.303888903,2.965377224,-3.649205409,-3.43016197,5.65011584,5.74896347,4.052853567,-2.073656646,-2.782032731,-4.890534337,3.548564278,8.159061114,-7.182954892,7.988539159,-1.883237508,-3.544824456,-0.656827454,1.337024723,5.046364402,-4.249606654,-1.18480627,4.57893093,40.70366019,3.58978344,2.257757855,1.125741172,0.835700009,0.76100776,0.709609225,0.626002438,0.485491093,0.448306336,0.429627251,0.376956372,0.352638746,0.328856298,0.303935837,0.287692628,0.271312169,0.256099329,0.25176806,0.247248419,0.234859455,0.230680733,0.224785178,0.216647211,0.211827449,0.206455681,0.202719529,0.201109102,0.198895142,0.195418594,12.050561,5.396514
100_1066,Conc,100,LL2112_NC_conc.csv,post_iqr,25.64894614,12.2174899,4.879513582,6.154550103,0.230458046,-4.480102968,-6.894787294,0.659909332,-2.397430468,-3.597058885,4.216130338,6.630167236,-0.226302657,3.120908173,-0.140161192,-0.401090017,1.041398623,0.350666537,2.565298219,-1.426524529,-1.119722695,-1.8342142,4.067279848,2.250820841,-0.606179445,-1.75553291,2.391499672,-0.45767784,-1.244363502,-0.708835096,40.70366019,3.58978344,2.257757855,1.125741172,0.835700009,0.76100776,0.709609225,0.626002438,0.485491093,0.448306336,0.429627251,0.376956372,0.352638746,0.328856298,0.303935837,0.287692628,0.271312169,0.256099329,0.25176806,0.247248419,0.234859455,0.230680733,0.224785178,0.216647211,0.211827449,0.206455681,0.202719529,0.201109102,0.198895142,0.195418594,2.5526505,-2.4156833
PBS_69,Conc,PBS,LL2112_NC_conc.csv,post_iqr,25.72459308,-22.57531026,-1.464008058,7.72814027,4.338802131,3.74715939,0.979230136,-0.246642308,0.999234054,-1.795086923,0.992309622,-2.593317033,-1.997541775,1.252652188,-1.267593506,-0.246689952,-0.709370393,0.276301078,0.50752924,-0.136516473,1.271778985,1.507320761,1.179903565,-0.539498125,-1.150198976,1.565757465,0.480936213,1.011000455,0.449870304,-0.379574589,40.70366019,3.58978344,2.257757855,1.125741172,0.835700009,0.76100776,0.709609225,0.626002438,0.485491093,0.448306336,0.429627251,0.376956372,0.352638746,0.328856298,0.303935837,0.287692628,0.271312169,0.256099329,0.25176806,0.247248419,0.234859455,0.230680733,0.224785178,0.216647211,0.211827449,0.206455681,0.202719529,0.201109102,0.198895142,0.195418594,4.607082,14.703602
PBS_70,Conc,PBS,LL2112_NC_conc.csv,post_iqr,29.86923651,-18.77001317,3.579373066,6.965798299,3.72508028,4.780193658,-1.198745887,-0.171124586,-1.621697734,0.490744298,2.273393545,-3.809275086,0.039952506,-1.247412898,-0.242468223,-0.948741497,-0.044483992,3.914456552,-3.169967822,1.280361032,-4.578381501,-0.249421943,-0.095756249,-2.34948992,-0.407268984,0.35237518,-2.215580377,-1.048119655,-0.264693953,-0.233990608,40.70366019,3.58978344,2.257757855,1.125741172,0.835700009,0.76100776,0.709609225,0.626002438,0.485491093,0.448306336,0.429627251,0.376956372,0.352638746,0.328856298,0.303935837,0.287692628,0.271312169,0.256099329,0.25176806,0.247248419,0.234859455,0.230680733,0.224785178,0.216647211,0.211827449,0.206455681,0.202719529,0.201109102,0.198895142,0.195418594,5.09569,14.908298
PBS_71,Conc,PBS,LL2112_NC_conc.csv,post_iqr,27.07813996,-28.05124454,-1.107701517,4.007294657,2.266449499,4.165804256,0.256846794,0.19931866,-0.152659758,1.235655073,-0.114629634,-2.779565664,-0.327171456,-0.370904974,0.860804346,-0.802849392,-0.458238429,2.034047677,-0.806102067,1.681234836,1.198996751,-0.111520493,0.679401487,-0.942743781,-1.590024175,-0.157216567,-0.392470275,0.736653824,0.929064548,0.406212051,40.70366019,3.58978344,2.257757855,1.125741172,0.835700009,0.76100776,0.709609225,0.626002438,0.485491093,0.448306336,0.429627251,0.376956372,0.352638746,0.328856298,0.303935837,0.287692628,0.271312169,0.256099329,0.25176806,0.247248419,0.234859455,0.230680733,0.224785178,0.216647211,0.211827449,0.206455681,0.202719529,0.201109102,0.198895142,0.195418594,4.754775,14.913462
PBS_72,Conc,PBS,LL2112_NC_conc.csv,post_iqr,25.00137613,-20.18707282,-2.328678473,5.642581647,6.83188504,3.36595648,-2.439751134,1.289208346,-1.57023558,2.899540705,0.467681345,-2.158738232,-2.361127777,0.258311406,-1.0917457,-2.463047237,0.13908387,1.765457144,-1.390862013,1.6221213,-1.54848131,2.991749554,2.796914958,-3.345952645,2.721642255,-0.552712821,-0.03578482,2.475694998,0.679110632,-0.313902235,40.70366019,3.58978344,2.257757855,1.125741172,0.835700009,0.76100776,0.709609225,0.626002438,0.485491093,0.448306336,0.429627251,0.376956372,0.352638746,0.328856298,0.303935837,0.287692628,0.271312169,0.256099329,0.25176806,0.247248419,0.234859455,0.230680733,0.224785178,0.216647211,0.211827449,0.206455681,0.202719529,0.201109102,0.198895142,0.195418594,5.163597,14.9861355
PBS_73,Conc,PBS,LL2112_NC_conc.csv,post_iqr,24.28368784,-22.67749322,-4.203476525,3.637695591,5.631353496,5.403284507,-0.969435834,1.589604061,-2.1279748,-0.94030673,-0.056764799,1.68962307,-2.369249341,-0.969831679,1.275836893,-1.402382698,0.146359503,1.057492682,0.833628337,3.663718146,-3.80695381,-1.155998096,1.981630869,-2.74252428,-0.370099454,0.127154051,-0.355973255,-1.051133436,-0.7929132,-1.400766167,40.70366019,3.58978344,2.257757855,1.125741172,0.835700009,0.76100776,0.709609225,0.626002438,0.485491093,0.448306336,0.429627251,0.376956372,0.352638746,0.328856298,0.303935837,0.287692628,0.271312169,0.256099329,0.25176806,0.247248419,0.234859455,0.230680733,0.224785178,0.216647211,0.211827449,0.206455681,0.202719529,0.201109102,0.198895142,0.195418594,4.9097266,15.045907
PBS_74,Conc,PBS,LL2112_NC_conc.csv,post_iqr,24.54550639,-18.32329234,0.213976139,6.649695428,4.762534203,5.2930049,-1.180087077,1.940396277,-0.061448126,2.94934916,0.187228495,-3.64873936,-1.183770482,-3.754292236,0.641611421,1.853745105,-2.009411782,2.365600594,-1.607413182,2.997168786,0.558768194,0.385223114,0.601753696,-1.253353398,-1.662196159,0.293421102,0.133904825,2.003758963,0.294019766,-0.878229359,40.70366019,3.58978344,2.257757855,1.125741172,0.835700009,0.76100776,0.709609225,0.626002438,0.485491093,0.448306336,0.429627251,0.376956372,0.352638746,0.328856298,0.303935837,0.287692628,0.271312169,0.256099329,0.25176806,0.247248419,0.234859455,0.230680733,0.224785178,0.216647211,0.211827449,0.206455681,0.202719529,0.201109102,0.198895142,0.195418594,4.9075785,14.904563
PBS_75,Conc,PBS,LL2112_NC_conc.csv,post_iqr,28.44885507,-24.53093569,0.039192463,8.244317251,0.853208664,1.658258272,-0.967614993,-0.037252928,-1.708617379,-0.325241951,1.131321218,-3.099107908,-0.706923443,1.923083361,-1.301128023,-0.566525445,-0.069230645,1.881626214,0.25256024,-1.448843622,0.221086357,-0.56061182,0.109806228,0.278606333,-0.141731898,0.122318525,0.274931175,0.160028018,0.890891958,-0.101304291,40.70366019,3.58978344,2.257757855,1.125741172,0.835700009,0.76100776,0.709609225,0.626002438,0.485491093,0.448306336,0.429627251,0.376956372,0.352638746,0.328856298,0.303935837,0.287692628,0.271312169,0.256099329,0.25176806,0.247248419,0.234859455,0.230680733,0.224785178,0.216647211,0.211827449,0.206455681,0.202719529,0.201109102,0.198895142,0.195418594,4.6312284,14.641205
PBS_76,Conc,PBS,LL2112_NC_conc.csv,post_iqr,25.0770965,-13.53344837,-5.773286555,6.818943577,4.488546462,0.232294408,-2.869029625,-1.54998337,-2.236423252,-1.141663747,2.719189048,-2.727469482,0.733183317,-0.865265488,-2.539328271,-1.925107033,1.365787152,2.797349826,-1.709721957,1.378544913,-4.955622407,0.741130588,0.279820248,-5.000845736,0.053949003,-1.157219398,-2.387366778,1.724552462,-1.279029862,1.392202336,40.70366019,3.58978344,2.257757855,1.125741172,0.835700009,0.76100776,0.709609225,0.626002438,0.485491093,0.448306336,0.429627251,0.376956372,0.352638746,0.328856298,0.303935837,0.287692628,0.271312169,0.256099329,0.25176806,0.247248419,0.234859455,0.230680733,0.224785178,0.216647211,0.211827449,0.206455681,0.202719529,0.201109102,0.198895142,0.195418594,5.27216,14.8269825
PBS_77,Conc,PBS,LL2112_NC_conc.csv,post_iqr,25.73772808,-24.91379188,-3.323314407,2.407194174,3.558186658,2.259061586,0.699148969,-0.405699012,-1.02767588,0.763850945,2.00091377,-1.476572443,-1.362741439,-1.247099898,-0.210393831,-3.056502852,-0.117658868,2.731011236,0.340080136,1.328868016,-2.430052685,-1.841206052,0.485566189,-1.603662525,-0.746494686,-0.705429576,0.748082107,0.896069839,0.041576243,2.154470205,40.70366019,3.58978344,2.257757855,1.125741172,0.835700009,0.76100776,0.709609225,0.626002438,0.485491093,0.448306336,0.429627251,0.376956372,0.352638746,0.328856298,0.303935837,0.287692628,0.271312169,0.256099329,0.25176806,0.247248419,0.234859455,0.230680733,0.224785178,0.216647211,0.211827449,0.206455681,0.202719529,0.201109102,0.198895142,0.195418594,4.7503896,14.707036
PBS_78,Conc,PBS,LL2112_NC_conc.csv,post_iqr,28.67065307,-27.9408486,2.88710493,6.800639797,2.14520985,4.799622449,-1.731849901,-0.53559298,-0.767759884,-1.512129264,1.485632144,-1.641738144,-0.229250799,0.392278893,-0.707521755,-0.291580143,-2.154143599,1.447361661,0.188862738,0.272661589,1.599357945,-0.986345325,-0.372164002,-0.557687637,-0.042960392,0.785983382,0.447833446,-0.722316244,-0.110387187,-0.534891151,40.70366019,3.58978344,2.257757855,1.125741172,0.835700009,0.76100776,0.709609225,0.626002438,0.485491093,0.448306336,0.429627251,0.376956372,0.352638746,0.328856298,0.303935837,0.287692628,0.271312169,0.256099329,0.25176806,0.247248419,0.234859455,0.230680733,0.224785178,0.216647211,0.211827449,0.206455681,0.202719529,0.201109102,0.198895142,0.195418594,5.089618,14.988173
PBS_79,Conc,PBS,LL2112_NC_conc.csv,post_iqr,22.65343887,-22.3134462,-2.036709166,3.464628668,6.109591848,6.793708347,-0.179757863,3.570639056,-0.072702325,2.642209044,-0.879273326,0.294527825,-1.902945993,-0.720765576,2.869444617,-0.223743228,-0.63045917,1.611102351,0.985854936,3.4321593,1.784412706,-0.338305052,-0.864480223,-2.100066813,-1.623102292,0.789848646,1.876927327,0.271707196,-0.253549965,-0.822189349,40.70366019,3.58978344,2.257757855,1.125741172,0.835700009,0.76100776,0.709609225,0.626002438,0.485491093,0.448306336,0.429627251,0.376956372,0.352638746,0.328856298,0.303935837,0.287692628,0.271312169,0.256099329,0.25176806,0.247248419,0.234859455,0.230680733,0.224785178,0.216647211,0.211827449,0.206455681,0.202719529,0.201109102,0.198895142,0.195418594,4.8148556,15.085216
PBS_80,Conc,PBS,LL2112_NC_conc.csv,post_iqr,25.56719742,-23.85896552,-2.263338867,3.223267558,5.467020466,4.610230463,-2.660521046,2.345273382,-0.956778625,0.777526388,0.222058447,-2.513718087,-1.138003,1.945289879,0.293040057,-0.512677294,-2.684763727,2.491058337,-0.311412614,0.895423675,0.925599951,-1.059638892,0.991661676,-1.723315773,-0.576681566,1.184649924,1.214613592,-0.055389054,0.294551826,-1.05629089,40.70366019,3.58978344,2.257757855,1.125741172,0.835700009,0.76100776,0.709609225,0.626002438,0.485491093,0.448306336,0.429627251,0.376956372,0.352638746,0.328856298,0.303935837,0.287692628,0.271312169,0.256099329,0.25176806,0.247248419,0.234859455,0.230680733,0.224785178,0.216647211,0.211827449,0.206455681,0.202719529,0.201109102,0.198895142,0.195418594,5.0357947,14.894399
PBS_81,Conc,PBS,LL2112_NC_conc.csv,post_iqr,26.88253442,-21.45759255,0.23092689,4.01579875,1.707824661,-0.184724553,-2.839937497,0.611542569,-0.373410903,0.622557621,2.256063669,-0.578836744,-2.109443415,1.987108898,-0.433618695,-1.826663291,-0.818140687,1.989793032,-0.279520517,-1.117888694,-2.397058235,0.125877628,1.026241718,-0.967143702,-0.079671782,-1.938693191,0.000676233,0.817132635,-0.67277378,0.410078588,40.70366019,3.58978344,2.257757855,1.125741172,0.835700009,0.76100776,0.709609225,0.626002438,0.485491093,0.448306336,0.429627251,0.376956372,0.352638746,0.328856298,0.303935837,0.287692628,0.271312169,0.256099329,0.25176806,0.247248419,0.234859455,0.230680733,0.224785178,0.216647211,0.211827449,0.206455681,0.202719529,0.201109102,0.198895142,0.195418594,5.016766,14.788384
PBS_82,Conc,PBS,LL2112_NC_conc.csv,post_iqr,23.53322591,-23.12044896,-5.075714269,2.386929122,5.086484994,2.865154144,-2.083535097,1.044298049,1.694820548,-0.798596704,-0.334853438,0.885152697,-4.189501746,2.823774288,0.122965451,0.436282468,-2.015772145,-1.148059677,-0.608868227,0.369124409,2.312794398,-1.450523346,0.743419923,0.036922068,-1.594748841,-0.010464208,-1.440029149,0.927631629,2.006408922,3.12730316,40.70366019,3.58978344,2.257757855,1.125741172,0.835700009,0.76100776,0.709609225,0.626002438,0.485491093,0.448306336,0.429627251,0.376956372,0.352638746,0.328856298,0.303935837,0.287692628,0.271312169,0.256099329,0.25176806,0.247248419,0.234859455,0.230680733,0.224785178,0.216647211,0.211827449,0.206455681,0.202719529,0.201109102,0.198895142,0.195418594,4.6730304,14.98431
PBS_83,Conc,PBS,LL2112_NC_conc.csv,post_iqr,29.6466746,-24.51372211,3.795124684,6.70148649,2.611071862,3.980155611,-2.70842483,0.581929222,-1.252196728,-0.609572576,1.346355849,-1.673309607,-0.539421832,0.734159095,0.831598576,0.381374843,-2.91773092,4.053739701,1.368575852,1.245013641,-1.264863355,-0.370010305,0.580330096,-2.286013033,-0.41642201,0.814327219,-1.433295109,-0.696897939,-0.189645721,-1.349406063,40.70366019,3.58978344,2.257757855,1.125741172,0.835700009,0.76100776,0.709609225,0.626002438,0.485491093,0.448306336,0.429627251,0.376956372,0.352638746,0.328856298,0.303935837,0.287692628,0.271312169,0.256099329,0.25176806,0.247248419,0.234859455,0.230680733,0.224785178,0.216647211,0.211827449,0.206455681,0.202719529,0.201109102,0.198895142,0.195418594,5.118281,15.003682
PBS_84,Conc,PBS,LL2112_NC_conc.csv,post_iqr,16.18584394,-22.86868621,-9.28230161,3.507102781,3.838027402,1.765385407,-1.076051935,4.708837823,-1.658480172,0.865143829,4.084947513,1.314098928,-1.839714569,-0.538330349,-0.663849839,1.115648785,-0.183411111,-1.210069492,0.214844267,-0.128384193,0.278534961,-0.380730814,-1.654270674,-5.627609605,-2.001473425,-2.877023468,3.04785708,-2.794619366,1.84387329,1.720815751,40.70366019,3.58978344,2.257757855,1.125741172,0.835700009,0.76100776,0.709609225,0.626002438,0.485491093,0.448306336,0.429627251,0.376956372,0.352638746,0.328856298,0.303935837,0.287692628,0.271312169,0.256099329,0.25176806,0.247248419,0.234859455,0.230680733,0.224785178,0.216647211,0.211827449,0.206455681,0.202719529,0.201109102,0.198895142,0.195418594,4.6652255,14.777239
PBS_85,Conc,PBS,LL2112_NC_conc.csv,post_iqr,29.3818566,-27.62597203,-0.262126166,2.812561307,3.474407881,2.308230048,-3.750639482,0.489840659,-1.264179108,-0.795828376,1.730364348,-0.737317373,-2.084387963,1.392940528,2.255719782,-0.192368167,-5.411995759,1.483678457,0.43283271,2.359143607,2.669910977,-2.665332115,0.19131158,0.213148313,-0.476772881,0.699287698,-1.981778543,0.717105869,-0.055205662,-0.012765568,40.70366019,3.58978344,2.257757855,1.125741172,0.835700009,0.76100776,0.709609225,0.626002438,0.485491093,0.448306336,0.429627251,0.376956372,0.352638746,0.328856298,0.303935837,0.287692628,0.271312169,0.256099329,0.25176806,0.247248419,0.234859455,0.230680733,0.224785178,0.216647211,0.211827449,0.206455681,0.202719529,0.201109102,0.198895142,0.195418594,4.9776645,14.753507
PBS_86,Conc,PBS,LL2112_NC_conc.csv,post_iqr,24.14548407,-25.93284864,-3.003854424,5.282004981,1.548596984,2.853709122,-1.183865592,1.307318611,0.337729475,0.889817624,0.35545129,-1.97059998,-0.222169065,2.717902087,-0.431107212,0.537499307,-1.53649702,2.043400167,0.511810167,-1.13057857,2.856120886,-0.700738267,-0.40293537,0.114422113,-1.531761429,-1.965582886,0.738928915,1.31763738,1.457594466,-1.207145163,40.70366019,3.58978344,2.257757855,1.125741172,0.835700009,0.76100776,0.709609225,0.626002438,0.485491093,0.448306336,0.429627251,0.376956372,0.352638746,0.328856298,0.303935837,0.287692628,0.271312169,0.256099329,0.25176806,0.247248419,0.234859455,0.230680733,0.224785178,0.216647211,0.211827449,0.206455681,0.202719529,0.201109102,0.198895142,0.195418594,4.783673,14.915664
PBS_87,Conc,PBS,LL2112_NC_conc.csv,post_iqr,27.02346901,-18.40620022,1.80807471,6.352061885,1.87516342,0.131580571,-4.124423463,0.985291227,0.287111051,-0.354391242,2.252753645,-1.46488306,-1.72904751,2.593993935,-2.521769704,-2.4379038,1.243858174,1.818762977,-0.152059461,-1.718431373,-0.190092744,1.119654465,2.425040522,-0.686527157,1.322260982,-0.578088788,-1.682354086,0.939295757,-0.286674719,0.587118638,40.70366019,3.58978344,2.257757855,1.125741172,0.835700009,0.76100776,0.709609225,0.626002438,0.485491093,0.448306336,0.429627251,0.376956372,0.352638746,0.328856298,0.303935837,0.287692628,0.271312169,0.256099329,0.25176806,0.247248419,0.234859455,0.230680733,0.224785178,0.216647211,0.211827449,0.206455681,0.202719529,0.201109102,0.198895142,0.195418594,5.411986,14.932932
PBS_88,Conc,PBS,LL2112_NC_conc.csv,post_iqr,21.51796497,-16.96461626,-5.977672124,5.213745516,7.188850465,-0.57443061,-1.710120995,3.523513614,-0.675459146,2.431202065,-0.246504102,0.116828184,-3.744432898,0.829024754,-1.059134765,2.44224398,0.873722168,0.923821798,-0.85399965,0.19421816,1.121179866,0.796124,-0.735200886,-2.040981398,-4.129107573,0.031251914,0.054879354,-1.36191772,-1.343533037,-0.294302272,40.70366019,3.58978344,2.257757855,1.125741172,0.835700009,0.76100776,0.709609225,0.626002438,0.485491093,0.448306336,0.429627251,0.376956372,0.352638746,0.328856298,0.303935837,0.287692628,0.271312169,0.256099329,0.25176806,0.247248419,0.234859455,0.230680733,0.224785178,0.216647211,0.211827449,0.206455681,0.202719529,0.201109102,0.198895142,0.195418594,4.9644337,15.25048
PBS_89,Conc,PBS,LL2112_NC_conc.csv,post_iqr,29.0008272,-28.48088458,1.778619314,4.771069987,1.710103141,4.810767757,-2.230674984,1.859039396,-0.3529326,1.084970213,0.465416387,-1.985916791,-0.452189107,0.666057693,0.178992508,0.144924289,-1.882512185,1.280744512,0.380217259,1.079946889,1.900713431,-1.10059285,0.035245433,-2.100839602,0.511211342,-0.386286119,-0.362998541,-1.379109914,0.788373887,-0.235134299,40.70366019,3.58978344,2.257757855,1.125741172,0.835700009,0.76100776,0.709609225,0.626002438,0.485491093,0.448306336,0.429627251,0.376956372,0.352638746,0.328856298,0.303935837,0.287692628,0.271312169,0.256099329,0.25176806,0.247248419,0.234859455,0.230680733,0.224785178,0.216647211,0.211827449,0.206455681,0.202719529,0.201109102,0.198895142,0.195418594,4.8016686,14.767728
PBS_90,Conc,PBS,LL2112_NC_conc.csv,post_iqr,29.43644908,-30.12492582,-2.99570565,1.983061046,2.269598952,4.230712432,-1.4414101,1.497369209,-1.236586706,0.915691836,-0.105166078,0.198782205,-0.524758595,0.926292304,0.86696727,-0.050706383,-3.38396676,0.679855959,0.262961463,1.603755499,1.927862483,-0.873896869,0.784315747,-0.059794215,0.151764122,0.945593065,-0.921994199,0.464318713,0.521271554,-0.794770589,40.70366019,3.58978344,2.257757855,1.125741172,0.835700009,0.76100776,0.709609225,0.626002438,0.485491093,0.448306336,0.429627251,0.376956372,0.352638746,0.328856298,0.303935837,0.287692628,0.271312169,0.256099329,0.25176806,0.247248419,0.234859455,0.230680733,0.224785178,0.216647211,0.211827449,0.206455681,0.202719529,0.201109102,0.198895142,0.195418594,4.90949,15.0370655
PBS_91,Conc,PBS,LL2112_NC_conc.csv,post_iqr,22.2683249,-18.45244058,0.088514866,6.641686406,1.850337423,2.821295246,-3.424197235,1.624416515,1.050852796,2.120902431,1.333423413,-3.943268904,0.014870761,-0.170465805,-2.032680409,-2.574775945,1.560448443,2.090561506,-0.486159887,0.9345452,-2.093761717,0.574711328,2.534134785,-1.845370363,-1.57491798,-0.49274992,-2.095373319,1.914981143,-1.119975862,0.899945705,40.70366019,3.58978344,2.257757855,1.125741172,0.835700009,0.76100776,0.709609225,0.626002438,0.485491093,0.448306336,0.429627251,0.376956372,0.352638746,0.328856298,0.303935837,0.287692628,0.271312169,0.256099329,0.25176806,0.247248419,0.234859455,0.230680733,0.224785178,0.216647211,0.211827449,0.206455681,0.202719529,0.201109102,0.198895142,0.195418594,5.1055603,15.0745735
PBS_92,Conc,PBS,LL2112_NC_conc.csv,post_iqr,28.04705003,-20.41524918,1.777143541,6.165208985,4.211127234,2.839385098,-3.159851988,3.510408977,-2.294530713,-0.668677631,2.183246658,-0.353974247,0.263515893,3.116670446,1.439053629,-0.129924896,-2.385770181,-0.183657975,1.317260621,2.3727255,1.383144176,-0.230433725,2.429459656,-2.544887385,0.068252505,1.494817831,0.311632764,-0.949006147,0.701296006,1.243221616,40.70366019,3.58978344,2.257757855,1.125741172,0.835700009,0.76100776,0.709609225,0.626002438,0.485491093,0.448306336,0.429627251,0.376956372,0.352638746,0.328856298,0.303935837,0.287692628,0.271312169,0.256099329,0.25176806,0.247248419,0.234859455,0.230680733,0.224785178,0.216647211,0.211827449,0.206455681,0.202719529,0.201109102,0.198895142,0.195418594,5.051566,15.087515
PBS_93,Conc,PBS,LL2112_NC_conc.csv,post_iqr,23.53418918,-22.995417,-0.47971404,4.243286442,2.084366754,1.158448358,-3.789853071,1.365355141,0.952429994,0.226007299,0.451454072,0.721221689,-0.652040001,1.603619511,-0.015064084,1.372547936,-1.37370066,-0.603417898,0.446784147,-0.547086602,2.536294236,-2.361131416,-0.236268565,-3.115792044,-1.407561697,-2.894380663,2.774327919,1.426577162,0.047127492,0.65021253,40.70366019,3.58978344,2.257757855,1.125741172,0.835700009,0.76100776,0.709609225,0.626002438,0.485491093,0.448306336,0.429627251,0.376956372,0.352638746,0.328856298,0.303935837,0.287692628,0.271312169,0.256099329,0.25176806,0.247248419,0.234859455,0.230680733,0.224785178,0.216647211,0.211827449,0.206455681,0.202719529,0.201109102,0.198895142,0.195418594,5.0082293,14.529925
PBS_94,Conc,PBS,LL2112_NC_conc.csv,post_iqr,29.62637232,-24.31949123,0.748306516,6.328716242,3.725498709,1.143659078,-2.748140952,3.569276618,-4.463370778,1.638321884,0.052427999,-0.598870332,-2.137421994,1.702468787,0.982844185,0.890860292,-2.193040442,3.370298026,-0.982514716,2.48860209,-1.409825738,-0.678214066,2.542433425,-2.128328757,0.762693786,0.497911101,-0.556207758,-0.342999136,0.843169005,0.040195698,40.70366019,3.58978344,2.257757855,1.125741172,0.835700009,0.76100776,0.709609225,0.626002438,0.485491093,0.448306336,0.429627251,0.376956372,0.352638746,0.328856298,0.303935837,0.287692628,0.271312169,0.256099329,0.25176806,0.247248419,0.234859455,0.230680733,0.224785178,0.216647211,0.211827449,0.206455681,0.202719529,0.201109102,0.198895142,0.195418594,4.962672,14.463257
PBS_95,Conc,PBS,LL2112_NC_conc.csv,post_iqr,26.07529041,-13.207708,-0.750389647,8.065670809,1.438464389,4.916616946,-3.437142605,1.291335755,0.563881528,-0.087500623,2.714358674,-7.329430907,3.58667528,1.574130543,-4.792843971,0.507943899,2.727692039,0.591081748,-1.668137371,-2.676278369,3.559302401,4.586028773,-2.414138841,-1.166502466,-1.830801994,-0.128921579,2.546475705,1.039946191,1.463377968,-2.372627644,40.70366019,3.58978344,2.257757855,1.125741172,0.835700009,0.76100776,0.709609225,0.626002438,0.485491093,0.448306336,0.429627251,0.376956372,0.352638746,0.328856298,0.303935837,0.287692628,0.271312169,0.256099329,0.25176806,0.247248419,0.234859455,0.230680733,0.224785178,0.216647211,0.211827449,0.206455681,0.202719529,0.201109102,0.198895142,0.195418594,4.967826,15.204178
PBS_96,Conc,PBS,LL2112_NC_conc.csv,post_iqr,26.53440262,-23.07169955,-1.149567172,6.106226698,4.256870159,2.415593617,-3.82132113,3.601100188,-3.692059759,3.382701225,-0.206322205,-2.054833547,-0.48400686,-0.205731457,0.295914786,-0.603995007,-0.09111177,4.601231559,-2.94277463,2.270024916,-0.097169545,0.190263348,2.415625091,-2.339615433,1.276636272,-0.113340248,-1.324891632,0.221706804,-0.158878647,-0.635175571,40.70366019,3.58978344,2.257757855,1.125741172,0.835700009,0.76100776,0.709609225,0.626002438,0.485491093,0.448306336,0.429627251,0.376956372,0.352638746,0.328856298,0.303935837,0.287692628,0.271312169,0.256099329,0.25176806,0.247248419,0.234859455,0.230680733,0.224785178,0.216647211,0.211827449,0.206455681,0.202719529,0.201109102,0.198895142,0.195418594,5.3188314,14.674253
PBS_97,Conc,PBS,LL2112_NC_conc.csv,post_iqr,28.98680348,-25.9539038,-1.571279523,2.423730351,1.07795687,4.215765099,-4.035816535,0.816621074,-2.053924212,1.35183121,0.030017821,0.993407865,1.670490434,-1.803077814,0.055680273,-1.406304641,-1.298687212,1.896188134,0.889216017,3.729827774,0.60834726,-2.038147654,-1.377061118,-1.687892176,0.858149613,-1.470665161,-2.206492761,-1.652584547,0.712350852,0.54906876,40.70366019,3.58978344,2.257757855,1.125741172,0.835700009,0.76100776,0.709609225,0.626002438,0.485491093,0.448306336,0.429627251,0.376956372,0.352638746,0.328856298,0.303935837,0.287692628,0.271312169,0.256099329,0.25176806,0.247248419,0.234859455,0.230680733,0.224785178,0.216647211,0.211827449,0.206455681,0.202719529,0.201109102,0.198895142,0.195418594,4.823048,14.857283
PBS_98,Conc,PBS,LL2112_NC_conc.csv,post_iqr,26.96465982,-21.51055415,1.254249273,5.16899537,-0.402169296,2.050286017,-2.739501868,1.75170324,-1.87449799,2.859909134,-0.570187312,-2.488407801,1.28335908,0.171683002,-2.893045881,-0.521671326,0.667031356,3.789839717,-0.985065837,0.395488302,-2.938988025,1.261645203,0.091704537,-0.828906083,1.267399476,-1.269983022,-1.413166094,0.86202013,-0.243994398,-0.181584445,40.70366019,3.58978344,2.257757855,1.125741172,0.835700009,0.76100776,0.709609225,0.626002438,0.485491093,0.448306336,0.429627251,0.376956372,0.352638746,0.328856298,0.303935837,0.287692628,0.271312169,0.256099329,0.25176806,0.247248419,0.234859455,0.230680733,0.224785178,0.216647211,0.211827449,0.206455681,0.202719529,0.201109102,0.198895142,0.195418594,5.200811,14.982357
PBS_99,Conc,PBS,LL2112_NC_conc.csv,post_iqr,20.77714737,-20.16371969,-9.683004169,0.356584056,0.293691508,-3.703981818,-1.13960025,4.458462759,-0.63839154,2.598940627,0.669122249,1.373815746,-4.205508206,2.421873426,0.92419367,-0.002347064,-1.596126354,-1.395144757,-0.398083134,-1.235375632,5.121541758,-4.348650798,2.161136466,-4.893768192,-2.976921063,-3.983077329,4.964717848,8.793893601,1.014185715,2.489542566,40.70366019,3.58978344,2.257757855,1.125741172,0.835700009,0.76100776,0.709609225,0.626002438,0.485491093,0.448306336,0.429627251,0.376956372,0.352638746,0.328856298,0.303935837,0.287692628,0.271312169,0.256099329,0.25176806,0.247248419,0.234859455,0.230680733,0.224785178,0.216647211,0.211827449,0.206455681,0.202719529,0.201109102,0.198895142,0.195418594,4.7737765,14.601625
PBS_100,Conc,PBS,LL2112_NC_conc.csv,post_iqr,24.739905,-19.22552153,-4.152295324,3.363792869,2.903173625,3.625475441,-5.429964392,2.926999056,-1.951934602,2.797695822,-1.750060123,-0.755080326,-1.179089604,-1.942743182,0.354668049,-1.356217755,-0.411336256,1.437272404,0.418406039,1.445454485,0.519611638,3.656466369,1.387952953,-2.254173747,1.791256876,-2.216686442,-1.506918058,0.565700076,-0.36606093,-0.290088527,40.70366019,3.58978344,2.257757855,1.125741172,0.835700009,0.76100776,0.709609225,0.626002438,0.485491093,0.448306336,0.429627251,0.376956372,0.352638746,0.328856298,0.303935837,0.287692628,0.271312169,0.256099329,0.25176806,0.247248419,0.234859455,0.230680733,0.224785178,0.216647211,0.211827449,0.206455681,0.202719529,0.201109102,0.198895142,0.195418594,5.2332315,14.940526
PBS_101,Conc,PBS,LL2112_NC_conc.csv,post_iqr,24.69496041,-20.51304783,-7.75498294,1.727788962,-1.028212704,-3.225384106,-3.691904422,2.760631581,-2.954857109,1.104473031,-1.450140315,2.292571692,-0.76044498,3.059518142,-2.844787696,2.674522315,3.633893505,-0.74079548,-2.032068804,-3.186757003,0.102604187,-0.904852968,-1.233213221,2.593963491,-1.403055505,-3.513830891,1.66375395,-0.272826207,-1.523240307,-0.072546379,40.70366019,3.58978344,2.257757855,1.125741172,0.835700009,0.76100776,0.709609225,0.626002438,0.485491093,0.448306336,0.429627251,0.376956372,0.352638746,0.328856298,0.303935837,0.287692628,0.271312169,0.256099329,0.25176806,0.247248419,0.234859455,0.230680733,0.224785178,0.216647211,0.211827449,0.206455681,0.202719529,0.201109102,0.198895142,0.195418594,5.403969,14.699644
PBS_102,Conc,PBS,LL2112_NC_conc.csv,post_iqr,26.668738,-16.43452939,-8.321659584,-6.612533897,3.53664917,5.509393378,-4.683320269,1.78670295,-3.767456518,0.506451672,0.610065016,-2.765240995,1.810988595,0.10305957,-6.684192083,-3.362390973,3.498224691,-1.300162473,-4.778339557,-1.49961032,-0.066662068,3.621318894,-0.172319035,0.268524305,-0.112793155,-2.242104192,1.636405465,-0.224058174,-4.396936792,-0.349497407,40.70366019,3.58978344,2.257757855,1.125741172,0.835700009,0.76100776,0.709609225,0.626002438,0.485491093,0.448306336,0.429627251,0.376956372,0.352638746,0.328856298,0.303935837,0.287692628,0.271312169,0.256099329,0.25176806,0.247248419,0.234859455,0.230680733,0.224785178,0.216647211,0.211827449,0.206455681,0.202719529,0.201109102,0.198895142,0.195418594,5.542999,14.924348
PBS_103,Conc,PBS,LL2112_NC_conc.csv,post_iqr,18.56271513,-20.92029837,-12.17016002,2.873270687,1.309651899,-1.981025414,-1.795056719,4.76418848,0.649725935,0.936727201,3.694292494,-1.376518174,-6.114419032,1.139076434,-6.197829562,-0.115118922,4.237339037,-6.591514951,1.727341481,-1.356513253,2.657238435,4.234269874,1.036966847,1.769945358,2.291710318,-1.358284569,0.203530698,2.541551625,2.05631969,-1.408964082,40.70366019,3.58978344,2.257757855,1.125741172,0.835700009,0.76100776,0.709609225,0.626002438,0.485491093,0.448306336,0.429627251,0.376956372,0.352638746,0.328856298,0.303935837,0.287692628,0.271312169,0.256099329,0.25176806,0.247248419,0.234859455,0.230680733,0.224785178,0.216647211,0.211827449,0.206455681,0.202719529,0.201109102,0.198895142,0.195418594,4.984191,15.222091
PBS_104,Conc,PBS,LL2112_NC_conc.csv,post_iqr,22.12754797,-5.832453747,-0.956810899,-0.64510695,1.655200199,1.033952285,3.769793823,-1.483750278,4.348233001,0.10857464,-3.098668843,0.966026997,-4.443946624,1.01067958,1.824105646,2.56143225,-1.891997899,-3.079119604,2.893094948,-1.310291939,0.123360897,-1.786896841,4.512657707,0.779084005,1.022415324,0.422276419,0.961510696,-2.703569274,2.407745793,0.968716245,40.70366019,3.58978344,2.257757855,1.125741172,0.835700009,0.76100776,0.709609225,0.626002438,0.485491093,0.448306336,0.429627251,0.376956372,0.352638746,0.328856298,0.303935837,0.287692628,0.271312169,0.256099329,0.25176806,0.247248419,0.234859455,0.230680733,0.224785178,0.216647211,0.211827449,0.206455681,0.202719529,0.201109102,0.198895142,0.195418594,3.9649057,-0.039893623
PBS_105,Conc,PBS,LL2112_NC_conc.csv,post_iqr,29.67775777,-22.09383947,3.810706327,5.53089889,-1.912316141,2.280473907,-4.834246677,2.351385366,-1.976728126,0.517474405,1.506253449,-1.813030958,1.918208491,1.758796146,-1.482272652,1.010972353,-0.581177479,2.733318392,-0.491323474,0.025726278,1.785446243,0.941093068,-1.168780988,-0.541912637,-0.426177926,-0.403514925,0.121596837,0.106306648,1.906372075,0.01329574,40.70366019,3.58978344,2.257757855,1.125741172,0.835700009,0.76100776,0.709609225,0.626002438,0.485491093,0.448306336,0.429627251,0.376956372,0.352638746,0.328856298,0.303935837,0.287692628,0.271312169,0.256099329,0.25176806,0.247248419,0.234859455,0.230680733,0.224785178,0.216647211,0.211827449,0.206455681,0.202719529,0.201109102,0.198895142,0.195418594,5.5120687,14.803654
PBS_106,Conc,PBS,LL2112_NC_conc.csv,post_iqr,-57.29142179,-2.773834134,-37.26705646,2.847455501,-16.64006418,11.04828718,-3.278513824,11.06057801,20.70052869,-19.85254799,1.197593522,0.570717166,13.77884437,3.806843127,2.93198467,10.91894306,1.11183436,10.01322793,-5.272176171,2.184818836,5.101993655,-0.831252025,-6.82092244,-0.576110826,2.388590384,-6.796806776,-2.659874368,5.120986943,-0.568255691,-1.206035245,40.70366019,3.58978344,2.257757855,1.125741172,0.835700009,0.76100776,0.709609225,0.626002438,0.485491093,0.448306336,0.429627251,0.376956372,0.352638746,0.328856298,0.303935837,0.287692628,0.271312169,0.256099329,0.25176806,0.247248419,0.234859455,0.230680733,0.224785178,0.216647211,0.211827449,0.206455681,0.202719529,0.201109102,0.198895142,0.195418594,10.265994,4.0323086
PBS_107,Conc,PBS,LL2112_NC_conc.csv,post_iqr,29.36054842,-23.93011925,-0.204445955,6.246200579,0.022559156,0.046846031,-4.737136861,3.361191432,-3.316506186,0.091387935,1.913583109,0.767315488,-0.258795867,2.784790356,-4.363117991,-0.543171314,-1.545090463,0.949362152,1.149885974,-2.017078029,-0.357606642,1.427650494,-0.406779231,-0.460749951,-0.264066131,-0.613015895,0.129377247,-0.452382001,0.146780246,1.22145459,40.70366019,3.58978344,2.257757855,1.125741172,0.835700009,0.76100776,0.709609225,0.626002438,0.485491093,0.448306336,0.429627251,0.376956372,0.352638746,0.328856298,0.303935837,0.287692628,0.271312169,0.256099329,0.25176806,0.247248419,0.234859455,0.230680733,0.224785178,0.216647211,0.211827449,0.206455681,0.202719529,0.201109102,0.198895142,0.195418594,5.4794664,14.980688
PBS_108,Conc,PBS,LL2112_NC_conc.csv,post_iqr,25.89617519,-24.43227024,-1.158717164,3.128602285,-4.471807433,-4.080931017,-2.051437036,1.77563257,-1.879137382,-0.029461705,2.646258267,1.03870773,-1.213389263,-0.844345485,1.056729949,-3.067502265,0.827790176,3.266926243,-0.831777413,2.091490736,-1.467761671,-0.057177058,0.31089537,-2.094316598,0.802929657,-1.476064514,-4.055251274,1.525981968,-0.112033739,1.231662411,40.70366019,3.58978344,2.257757855,1.125741172,0.835700009,0.76100776,0.709609225,0.626002438,0.485491093,0.448306336,0.429627251,0.376956372,0.352638746,0.328856298,0.303935837,0.287692628,0.271312169,0.256099329,0.25176806,0.247248419,0.234859455,0.230680733,0.224785178,0.216647211,0.211827449,0.206455681,0.202719529,0.201109102,0.198895142,0.195418594,5.229111,14.217957
PBS_109,Conc,PBS,LL2112_NC_conc.csv,post_iqr,26.07875283,-24.49102119,0.622855324,2.28360695,-5.187157776,-2.467339243,-1.618802386,1.96797491,-2.26325815,-0.690168176,0.547422769,1.471354295,0.597174874,0.691282607,1.80291714,-0.912356783,-1.361139815,0.855977236,1.728856393,0.171165589,0.8422626,-2.318759459,0.404874986,-1.315917541,1.715672838,-0.220155324,-0.26878207,2.989704458,0.969688902,1.642380782,40.70366019,3.58978344,2.257757855,1.125741172,0.835700009,0.76100776,0.709609225,0.626002438,0.485491093,0.448306336,0.429627251,0.376956372,0.352638746,0.328856298,0.303935837,0.287692628,0.271312169,0.256099329,0.25176806,0.247248419,0.234859455,0.230680733,0.224785178,0.216647211,0.211827449,0.206455681,0.202719529,0.201109102,0.198895142,0.195418594,5.386548,14.209872
PBS_110,Conc,PBS,LL2112_NC_conc.csv,post_iqr,28.95453817,-16.92704425,2.545035326,7.375760501,-7.930385868,-6.738487182,-0.492611121,1.706774436,-3.102390553,0.110869747,3.185063868,2.177783851,1.083329528,2.997322643,1.637340381,4.742811001,-2.022886126,1.637205872,-1.484108172,1.880813398,1.538337469,-0.626699427,-0.977086169,-1.909249934,1.104401082,1.641812835,0.781768953,-2.635506047,0.444291606,0.000952158,40.70366019,3.58978344,2.257757855,1.125741172,0.835700009,0.76100776,0.709609225,0.626002438,0.485491093,0.448306336,0.429627251,0.376956372,0.352638746,0.328856298,0.303935837,0.287692628,0.271312169,0.256099329,0.25176806,0.247248419,0.234859455,0.230680733,0.224785178,0.216647211,0.211827449,0.206455681,0.202719529,0.201109102,0.198895142,0.195418594,5.29293,14.111671
PBS_111,Conc,PBS,LL2112_NC_conc.csv,post_iqr,28.87000933,-23.21928759,-1.279654015,1.801213701,-1.611262098,-2.380543158,-3.070080387,1.540476582,-0.580212305,2.362610767,0.697383861,-1.304277482,0.08392103,3.475016638,0.585371683,0.534227868,-1.781899799,1.665827271,-0.785089758,-0.893417407,1.784377443,1.011605035,-0.998476058,2.445992553,-0.995388615,-2.23438008,2.864183783,1.482362159,1.286407276,-0.464322524,40.70366019,3.58978344,2.257757855,1.125741172,0.835700009,0.76100776,0.709609225,0.626002438,0.485491093,0.448306336,0.429627251,0.376956372,0.352638746,0.328856298,0.303935837,0.287692628,0.271312169,0.256099329,0.25176806,0.247248419,0.234859455,0.230680733,0.224785178,0.216647211,0.211827449,0.206455681,0.202719529,0.201109102,0.198895142,0.195418594,5.374896,14.425796
PBS_112,Conc,PBS,LL2112_NC_conc.csv,post_iqr,22.74393366,-22.81982753,7.743729221,3.719453009,-3.144281805,3.388501118,-2.767787105,1.695491413,-3.52718813,1.053543138,2.886497527,0.543229559,1.305498774,-2.071847443,-0.757299622,-1.350247559,1.004299611,1.528640362,1.92901606,1.757863297,-2.071113603,0.331831473,-0.421359733,-2.004022388,1.208528539,-1.268597452,-2.510559041,0.98899181,0.902924505,0.233648768,40.70366019,3.58978344,2.257757855,1.125741172,0.835700009,0.76100776,0.709609225,0.626002438,0.485491093,0.448306336,0.429627251,0.376956372,0.352638746,0.328856298,0.303935837,0.287692628,0.271312169,0.256099329,0.25176806,0.247248419,0.234859455,0.230680733,0.224785178,0.216647211,0.211827449,0.206455681,0.202719529,0.201109102,0.198895142,0.195418594,5.7006316,14.640855
PBS_113,Conc,PBS,LL2112_NC_conc.csv,post_iqr,23.65397797,-20.09742886,-8.544451932,-1.909167567,-3.519799781,-4.841426367,-2.508280784,2.152652902,-2.0593305,5.173781271,-1.909129525,2.240146946,-0.803442701,-0.447248814,3.473928224,0.209348704,3.116110773,3.036480351,-0.550727355,-0.207862914,2.274233502,1.569548882,1.106526204,-1.818860881,0.088276046,-2.675347209,-0.236751621,2.769577363,-0.156253323,-1.15832864,40.70366019,3.58978344,2.257757855,1.125741172,0.835700009,0.76100776,0.709609225,0.626002438,0.485491093,0.448306336,0.429627251,0.376956372,0.352638746,0.328856298,0.303935837,0.287692628,0.271312169,0.256099329,0.25176806,0.247248419,0.234859455,0.230680733,0.224785178,0.216647211,0.211827449,0.206455681,0.202719529,0.201109102,0.198895142,0.195418594,5.322456,14.080326
PBS_114,Conc,PBS,LL2112_NC_conc.csv,post_iqr,30.67665257,-20.29953835,5.556701664,7.224195583,0.67471131,1.011449859,-5.235010021,0.705233466,-2.619481261,0.544216402,1.515198153,-1.949390302,0.776015146,2.133267485,1.097890616,-0.175535859,-1.487298248,6.280785466,0.350254945,0.548399646,-2.196864993,0.225473527,-0.743036581,-2.193719974,0.816906815,-0.193490834,-2.928470796,0.738386227,0.087211992,0.15420347,40.70366019,3.58978344,2.257757855,1.125741172,0.835700009,0.76100776,0.709609225,0.626002438,0.485491093,0.448306336,0.429627251,0.376956372,0.352638746,0.328856298,0.303935837,0.287692628,0.271312169,0.256099329,0.25176806,0.247248419,0.234859455,0.230680733,0.224785178,0.216647211,0.211827449,0.206455681,0.202719529,0.201109102,0.198895142,0.195418594,5.3569055,14.712683
PBS_115,Conc,PBS,LL2112_NC_conc.csv,post_iqr,20.50732729,-16.48365475,-12.99152362,3.316753187,-5.325500626,-7.61309996,-2.213247604,3.920448452,-4.802878251,5.160563872,4.680240038,4.374800636,1.292708825,-4.297973344,4.068661003,1.234972513,4.955766037,3.39738137,-3.000981793,5.887011601,1.725607265,4.002740275,-0.399721911,-1.154081873,3.073167697,-0.531260346,-1.592729202,0.937329341,2.10752212,3.133762389,40.70366019,3.58978344,2.257757855,1.125741172,0.835700009,0.76100776,0.709609225,0.626002438,0.485491093,0.448306336,0.429627251,0.376956372,0.352638746,0.328856298,0.303935837,0.287692628,0.271312169,0.256099329,0.25176806,0.247248419,0.234859455,0.230680733,0.224785178,0.216647211,0.211827449,0.206455681,0.202719529,0.201109102,0.198895142,0.195418594,5.360497,14.377149
PBS_116,Conc,PBS,LL2112_NC_conc.csv,post_iqr,-86.19984588,-30.91846661,-14.96045539,-12.7502726,-1.217032554,-9.730340838,-16.65772135,-18.05495588,12.98983235,-10.16051383,-5.585083987,3.720510125,0.31762172,-2.189944786,2.888152809,-0.271693645,7.821476951,6.092033575,14.59454295,-1.897714708,-2.000340955,11.49700819,-5.255114483,3.023737891,0.901320889,1.643072679,-2.281819739,10.02690809,-2.400222449,-4.918441509,40.70366019,3.58978344,2.257757855,1.125741172,0.835700009,0.76100776,0.709609225,0.626002438,0.485491093,0.448306336,0.429627251,0.376956372,0.352638746,0.328856298,0.303935837,0.287692628,0.271312169,0.256099329,0.25176806,0.247248419,0.234859455,0.230680733,0.224785178,0.216647211,0.211827449,0.206455681,0.202719529,0.201109102,0.198895142,0.195418594,10.98499,6.2564297
PBS_117,Conc,PBS,LL2112_NC_conc.csv,post_iqr,26.36796199,-14.84211736,-0.548181383,3.866426917,-1.280674732,2.880630621,-4.637420747,5.606590528,-3.982485675,2.424787736,0.332741385,-2.789992513,5.908114295,-2.267240858,2.538497125,2.534752253,3.361670254,-0.543235695,0.478375135,5.024239887,2.486053686,3.270907455,0.410645891,-2.210975128,-0.752906472,0.992291163,-0.52301712,1.576667168,0.037400786,-1.791743413,40.70366019,3.58978344,2.257757855,1.125741172,0.835700009,0.76100776,0.709609225,0.626002438,0.485491093,0.448306336,0.429627251,0.376956372,0.352638746,0.328856298,0.303935837,0.287692628,0.271312169,0.256099329,0.25176806,0.247248419,0.234859455,0.230680733,0.224785178,0.216647211,0.211827449,0.206455681,0.202719529,0.201109102,0.198895142,0.195418594,5.475395,14.786143
PBS_118,Conc,PBS,LL2112_NC_conc.csv,post_iqr,29.97245548,-24.98477545,2.681876385,2.102836488,-5.988361722,-0.486348213,-2.352520685,1.136813609,-4.050959656,-1.691891427,0.267253218,-0.247297185,0.369011366,0.335017277,-0.021214262,-0.920344584,-1.168339901,2.70627453,0.956845283,1.703352759,0.46029438,-1.295274833,2.151594039,-1.191558384,0.431147923,-1.156952083,-1.685219537,-0.352974704,1.654080194,1.261498198,40.70366019,3.58978344,2.257757855,1.125741172,0.835700009,0.76100776,0.709609225,0.626002438,0.485491093,0.448306336,0.429627251,0.376956372,0.352638746,0.328856298,0.303935837,0.287692628,0.271312169,0.256099329,0.25176806,0.247248419,0.234859455,0.230680733,0.224785178,0.216647211,0.211827449,0.206455681,0.202719529,0.201109102,0.198895142,0.195418594,5.325874,14.245133
PBS_119,Conc,PBS,LL2112_NC_conc.csv,post_iqr,30.22730237,-23.68235352,1.38626153,2.891435688,-7.314955407,-6.287476795,-1.390288185,-0.199103348,-1.511924483,1.185623442,2.10685514,0.358875361,-2.051007213,1.901994859,2.125683913,3.266418469,-2.772854353,1.674233479,-2.591161382,0.049715766,1.924819853,0.694243572,-1.54180926,-2.850142128,0.509228695,-0.446783859,0.781659425,-1.919237018,-1.083486761,0.132837904,40.70366019,3.58978344,2.257757855,1.125741172,0.835700009,0.76100776,0.709609225,0.626002438,0.485491093,0.448306336,0.429627251,0.376956372,0.352638746,0.328856298,0.303935837,0.287692628,0.271312169,0.256099329,0.25176806,0.247248419,0.234859455,0.230680733,0.224785178,0.216647211,0.211827449,0.206455681,0.202719529,0.201109102,0.198895142,0.195418594,5.337809,13.831176
PBS_120,Conc,PBS,LL2112_NC_conc.csv,post_iqr,-4.773890115,-20.47284581,-19.41864665,-3.808909779,-4.033010115,-0.88693201,-1.546306415,10.15490536,-4.801520741,1.881327656,-0.124489013,4.670177,3.010224283,-11.8282469,3.885141791,10.08479248,4.598150588,-4.814494093,-1.889731311,1.887922216,-5.939893223,3.077441045,2.550087591,1.357891753,-4.059064323,-7.422165224,3.775219267,0.334796381,3.066951007,1.907852101,40.70366019,3.58978344,2.257757855,1.125741172,0.835700009,0.76100776,0.709609225,0.626002438,0.485491093,0.448306336,0.429627251,0.376956372,0.352638746,0.328856298,0.303935837,0.287692628,0.271312169,0.256099329,0.25176806,0.247248419,0.234859455,0.230680733,0.224785178,0.216647211,0.211827449,0.206455681,0.202719529,0.201109102,0.198895142,0.195418594,5.2527323,14.388078
PBS_122,Conc,PBS,LL2112_NC_conc.csv,post_iqr,27.78336216,-22.56438252,1.303811112,4.625611017,-7.326791865,-4.721820381,-0.837974032,1.574150349,-1.014106416,-0.402681998,2.530538612,-1.329773125,-1.518285341,2.371714993,-3.818841819,-1.157167357,0.188196221,-1.028225564,-1.013491881,-0.606839965,1.591595827,0.499334697,1.734640609,-1.127898436,2.295878766,-1.378875208,-1.878992995,0.433563283,1.921163718,0.954737736,40.70366019,3.58978344,2.257757855,1.125741172,0.835700009,0.76100776,0.709609225,0.626002438,0.485491093,0.448306336,0.429627251,0.376956372,0.352638746,0.328856298,0.303935837,0.287692628,0.271312169,0.256099329,0.25176806,0.247248419,0.234859455,0.230680733,0.224785178,0.216647211,0.211827449,0.206455681,0.202719529,0.201109102,0.198895142,0.195418594,5.336933,13.852574
PBS_123,Conc,PBS,LL2112_NC_conc.csv,post_iqr,20.75513137,-20.73303286,-5.762880816,2.423013604,-8.707035256,-7.761846052,-0.780323578,3.2576469,-0.59399325,-2.853423703,0.321428325,1.086415196,-2.984299141,2.845485693,-9.695700607,0.506204154,1.927743415,-8.69858923,-1.55626771,0.612527791,3.3294258,1.608843459,-1.205499988,0.113147178,2.511543376,0.274714083,0.803373168,-3.927629697,1.4897402,-0.845204757,40.70366019,3.58978344,2.257757855,1.125741172,0.835700009,0.76100776,0.709609225,0.626002438,0.485491093,0.448306336,0.429627251,0.376956372,0.352638746,0.328856298,0.303935837,0.287692628,0.271312169,0.256099329,0.25176806,0.247248419,0.234859455,0.230680733,0.224785178,0.216647211,0.211827449,0.206455681,0.202719529,0.201109102,0.198895142,0.195418594,5.375275,13.794143
PBS_124,Conc,PBS,LL2112_NC_conc.csv,post_iqr,24.17104412,-17.54970267,-7.256750316,4.886664485,-1.660913097,-0.403275227,-5.465664855,4.017795401,-3.91078806,4.059166523,2.568227056,0.284392166,2.248094629,-4.355215391,4.997576741,-0.773170193,3.914922374,1.157257814,-5.93557124,3.024498062,0.186810714,4.150874695,-1.126192297,-3.15778147,1.380728399,-3.403548137,-3.016638863,1.40049185,-2.092309116,1.356492903,40.70366019,3.58978344,2.257757855,1.125741172,0.835700009,0.76100776,0.709609225,0.626002438,0.485491093,0.448306336,0.429627251,0.376956372,0.352638746,0.328856298,0.303935837,0.287692628,0.271312169,0.256099329,0.25176806,0.247248419,0.234859455,0.230680733,0.224785178,0.216647211,0.211827449,0.206455681,0.202719529,0.201109102,0.198895142,0.195418594,5.596095,14.637783
PBS_125,Conc,PBS,LL2112_NC_conc.csv,post_iqr,23.18776185,-20.38205814,-2.048147673,6.091917009,-9.577834805,-2.187535431,-0.605280948,3.565175491,-1.288525187,0.401238866,2.47023145,-1.425225752,3.590910865,-1.351786381,3.428780891,1.56733635,1.828610467,1.169341472,3.001748727,2.359308505,2.334201335,1.746857678,0.24768504,-1.281549009,-1.66356948,-0.401785311,-2.66423883,-1.133590824,2.882234821,0.781617518,40.70366019,3.58978344,2.257757855,1.125741172,0.835700009,0.76100776,0.709609225,0.626002438,0.485491093,0.448306336,0.429627251,0.376956372,0.352638746,0.328856298,0.303935837,0.287692628,0.271312169,0.256099329,0.25176806,0.247248419,0.234859455,0.230680733,0.224785178,0.216647211,0.211827449,0.206455681,0.202719529,0.201109102,0.198895142,0.195418594,5.1965528,14.087646
PBS_126,Conc,PBS,LL2112_NC_conc.csv,post_iqr,-69.41771183,-27.46004742,-9.47476162,-8.946803699,3.26168911,-22.80133366,-10.65710043,-5.495030846,9.269612961,-7.380104783,2.403252203,-13.23551535,5.754583466,5.526025925,-0.93937669,2.19478753,3.268602957,2.175849905,3.532105228,1.704560277,-5.570018821,6.914525688,-0.586454634,-2.209558539,-9.265016634,1.454386365,-1.217205156,5.377840157,4.474993991,12.09742753,40.70366019,3.58978344,2.257757855,1.125741172,0.835700009,0.76100776,0.709609225,0.626002438,0.485491093,0.448306336,0.429627251,0.376956372,0.352638746,0.328856298,0.303935837,0.287692628,0.271312169,0.256099329,0.25176806,0.247248419,0.234859455,0.230680733,0.224785178,0.216647211,0.211827449,0.206455681,0.202719529,0.201109102,0.198895142,0.195418594,10.683442,6.015713
PBS_127,Conc,PBS,LL2112_NC_conc.csv,post_iqr,27.64911486,-19.94600482,-3.672276647,1.895604948,-1.431326885,-2.787079286,-3.708005631,1.363499985,-3.351403732,0.252169587,3.330053326,1.387756292,-2.507163418,3.544475634,3.258909244,0.390309548,-2.391877976,2.561575473,-0.600925143,4.142725167,1.69451849,1.798757696,2.360570984,-1.520455169,-0.14454485,-0.636546672,-3.903186016,-1.041596899,-1.542128016,3.162144845,40.70366019,3.58978344,2.257757855,1.125741172,0.835700009,0.76100776,0.709609225,0.626002438,0.485491093,0.448306336,0.429627251,0.376956372,0.352638746,0.328856298,0.303935837,0.287692628,0.271312169,0.256099329,0.25176806,0.247248419,0.234859455,0.230680733,0.224785178,0.216647211,0.211827449,0.206455681,0.202719529,0.201109102,0.198895142,0.195418594,5.3670125,14.201257
PBS_129,Conc,PBS,LL2112_NC_conc.csv,post_iqr,28.4042237,-23.40840713,4.614453944,4.991686252,-3.647771351,0.381224213,-4.701899393,1.696976636,-1.51457272,-0.198929965,1.647181218,0.312476121,0.440223993,-0.782264827,1.441104723,0.893169869,-0.678370839,2.377676291,1.070526794,1.074087888,-0.037979582,0.052514319,-0.431738134,-1.37978983,0.216547654,-0.849381656,-1.912157767,0.25078005,-0.520091288,-0.34044502,40.70366019,3.58978344,2.257757855,1.125741172,0.835700009,0.76100776,0.709609225,0.626002438,0.485491093,0.448306336,0.429627251,0.376956372,0.352638746,0.328856298,0.303935837,0.287692628,0.271312169,0.256099329,0.25176806,0.247248419,0.234859455,0.230680733,0.224785178,0.216647211,0.211827449,0.206455681,0.202719529,0.201109102,0.198895142,0.195418594,5.5113716,14.46044
PBS_130,Conc,PBS,LL2112_NC_conc.csv,post_iqr,25.12301322,-24.20176733,-4.540796993,4.177016646,-4.472369985,-5.540174286,-2.00706202,3.709723572,-3.934644846,-1.690347622,2.661787008,2.552345691,-1.008356532,1.606484569,1.293087787,-1.286332346,1.373599659,-0.231956735,2.002943546,1.505168951,0.278995219,-1.517432665,1.033580425,0.239249718,-1.683477504,-3.106356393,-2.156570678,2.408696888,1.410815502,-0.313148044,40.70366019,3.58978344,2.257757855,1.125741172,0.835700009,0.76100776,0.709609225,0.626002438,0.485491093,0.448306336,0.429627251,0.376956372,0.352638746,0.328856298,0.303935837,0.287692628,0.271312169,0.256099329,0.25176806,0.247248419,0.234859455,0.230680733,0.224785178,0.216647211,0.211827449,0.206455681,0.202719529,0.201109102,0.198895142,0.195418594,5.2403426,14.261669
PBS_131,Conc,PBS,LL2112_NC_conc.csv,post_iqr,30.33252991,-21.69617735,5.098171162,5.88896361,-7.706741383,-5.415882434,-0.647920228,0.35317845,-1.06451458,0.653107502,2.07674496,-0.870658588,-1.313864412,3.11752665,0.236719473,1.94595801,-2.377226061,2.985485023,0.012202381,-0.679476744,2.187276649,-0.032772531,-1.585521434,-1.913003437,0.411507622,-0.503312057,1.21371637,-0.237706413,1.066172248,0.458488411,40.70366019,3.58978344,2.257757855,1.125741172,0.835700009,0.76100776,0.709609225,0.626002438,0.485491093,0.448306336,0.429627251,0.376956372,0.352638746,0.328856298,0.303935837,0.287692628,0.271312169,0.256099329,0.25176806,0.247248419,0.234859455,0.230680733,0.224785178,0.216647211,0.211827449,0.206455681,0.202719529,0.201109102,0.198895142,0.195418594,5.2145705,13.910284
PBS_132,Conc,PBS,LL2112_NC_conc.csv,post_iqr,21.54494508,-21.96249397,-7.884851474,1.832152211,-1.587993047,-2.226116661,-2.909557581,5.792559495,-3.402111043,4.632868859,0.129049352,4.438862971,-0.534485539,-2.323605699,4.661385885,2.151647323,2.149915868,-0.851157228,-2.379688074,1.976857101,2.655105129,2.132910579,-0.767133466,-0.656782753,-2.202044739,-1.689980688,0.111143897,2.35012096,2.497829817,0.240618271,40.70366019,3.58978344,2.257757855,1.125741172,0.835700009,0.76100776,0.709609225,0.626002438,0.485491093,0.448306336,0.429627251,0.376956372,0.352638746,0.328856298,0.303935837,0.287692628,0.271312169,0.256099329,0.25176806,0.247248419,0.234859455,0.230680733,0.224785178,0.216647211,0.211827449,0.206455681,0.202719529,0.201109102,0.198895142,0.195418594,5.391804,14.411445
PBS_133,Conc,PBS,LL2112_NC_conc.csv,post_iqr,24.16692758,-16.42661412,-1.330746212,7.744991787,-6.155825258,-3.142982376,-1.561787317,3.133223067,-3.138235665,1.82757606,2.595592186,-1.178660405,0.570030549,1.078912325,0.630665906,2.062127136,1.517017011,2.197390957,0.525125127,2.21790763,3.079180413,0.350453547,0.030068806,-3.258160807,-2.318033671,-3.482702993,1.614565771,-0.188106659,1.5628691,1.340360416,40.70366019,3.58978344,2.257757855,1.125741172,0.835700009,0.76100776,0.709609225,0.626002438,0.485491093,0.448306336,0.429627251,0.376956372,0.352638746,0.328856298,0.303935837,0.287692628,0.271312169,0.256099329,0.25176806,0.247248419,0.234859455,0.230680733,0.224785178,0.216647211,0.211827449,0.206455681,0.202719529,0.201109102,0.198895142,0.195418594,5.5386906,14.154824
PBS_134,Conc,PBS,LL2112_NC_conc.csv,post_iqr,28.98906369,-27.93929305,-1.859158208,4.038422675,-0.950954036,-2.084778417,-6.375717394,2.34911953,-3.553062428,-1.418950815,2.928168408,3.47695548,-0.513090889,0.604986702,1.357283361,-0.420230566,-1.702151167,2.950597306,0.783030429,1.570859526,0.766845311,0.18187082,0.133698653,-0.333642211,0.964035892,-1.225866183,-4.22754218,-0.49820694,-0.007857826,1.062964942,40.70366019,3.58978344,2.257757855,1.125741172,0.835700009,0.76100776,0.709609225,0.626002438,0.485491093,0.448306336,0.429627251,0.376956372,0.352638746,0.328856298,0.303935837,0.287692628,0.271312169,0.256099329,0.25176806,0.247248419,0.234859455,0.230680733,0.224785178,0.216647211,0.211827449,0.206455681,0.202719529,0.201109102,0.198895142,0.195418594,5.5485644,14.383724
PBS_135,Conc,PBS,LL2112_NC_conc.csv,post_iqr,29.60052553,-25.93293534,5.386871737,6.039644846,-8.14185596,-2.449335886,-1.136868924,-0.024469332,-1.326250526,-1.533136848,2.689199603,-0.652128201,0.700753802,2.489925752,2.169193076,1.541315211,-3.142889146,3.161294255,1.655049221,0.583792576,2.102314157,-1.585663884,-1.029148121,-1.35506195,0.218354275,0.348473457,-0.983638436,-0.257373747,0.584193369,0.084334639,40.70366019,3.58978344,2.257757855,1.125741172,0.835700009,0.76100776,0.709609225,0.626002438,0.485491093,0.448306336,0.429627251,0.376956372,0.352638746,0.328856298,0.303935837,0.287692628,0.271312169,0.256099329,0.25176806,0.247248419,0.234859455,0.230680733,0.224785178,0.216647211,0.211827449,0.206455681,0.202719529,0.201109102,0.198895142,0.195418594,5.2473373,14.11747
PBS_136,Conc,PBS,LL2112_NC_conc.csv,post_iqr,24.34021876,-28.74830128,-4.351387052,1.204853933,-1.707420485,1.979179826,-4.330524887,4.035747307,-2.750352025,0.282285195,0.914256897,3.471390835,3.414210383,-2.811666711,2.062508263,-1.219490708,-2.933084575,1.172933511,1.740264708,1.926434746,0.259063817,-2.624433615,0.074358941,1.663114196,1.260645151,0.220668247,-1.147507932,0.592157118,-0.95166614,0.445151792,40.70366019,3.58978344,2.257757855,1.125741172,0.835700009,0.76100776,0.709609225,0.626002438,0.485491093,0.448306336,0.429627251,0.376956372,0.352638746,0.328856298,0.303935837,0.287692628,0.271312169,0.256099329,0.25176806,0.247248419,0.234859455,0.230680733,0.224785178,0.216647211,0.211827449,0.206455681,0.202719529,0.201109102,0.198895142,0.195418594,5.3068824,14.499625
PBS_137,Conc,PBS,LL2112_NC_conc.csv,post_iqr,27.44912951,-22.28309076,-2.571159417,1.955057266,-10.03282961,-6.429715247,-1.328956139,0.582152061,0.027899862,2.259958371,2.144026135,-0.417781792,-1.252932985,1.384819527,-5.571043817,-0.407771156,0.356085563,-1.195444945,-3.451348539,-0.962075504,-0.243901581,0.126586686,-3.623522984,-1.827298091,3.189550504,-0.39096514,1.523043155,-0.032374235,1.032172341,1.458873586,40.70366019,3.58978344,2.257757855,1.125741172,0.835700009,0.76100776,0.709609225,0.626002438,0.485491093,0.448306336,0.429627251,0.376956372,0.352638746,0.328856298,0.303935837,0.287692628,0.271312169,0.256099329,0.25176806,0.247248419,0.234859455,0.230680733,0.224785178,0.216647211,0.211827449,0.206455681,0.202719529,0.201109102,0.198895142,0.195418594,5.327307,13.987646
PBS_138,Conc,PBS,LL2112_NC_conc.csv,post_iqr,27.21992021,-26.33652116,-3.301376793,0.893258683,-9.346456578,-4.155756731,-0.798279045,0.437729434,0.374461604,1.74107319,1.927830508,-1.282020613,-2.228451215,0.587566861,-7.997471845,-0.687741946,1.594460834,-6.546363789,-2.951996108,0.295070096,2.305414346,0.395503354,-4.215711863,-2.078563083,3.329341279,1.314691519,0.274183418,-1.562185869,1.061512556,1.91257364,40.70366019,3.58978344,2.257757855,1.125741172,0.835700009,0.76100776,0.709609225,0.626002438,0.485491093,0.448306336,0.429627251,0.376956372,0.352638746,0.328856298,0.303935837,0.287692628,0.271312169,0.256099329,0.25176806,0.247248419,0.234859455,0.230680733,0.224785178,0.216647211,0.211827449,0.206455681,0.202719529,0.201109102,0.198895142,0.195418594,5.280224,13.920048
PBS_215,Conc,PBS,LL2112_NC_conc.csv,post_iqr,27.38826899,-23.01125326,-3.01714983,4.185502984,-0.508297461,0.912686888,2.977026579,-1.241077875,-1.112474025,-1.91281139,-0.089729085,-1.431655134,-3.369368333,-0.107641706,1.81067089,-1.200092767,0.274581448,-0.203160854,-0.50875474,3.51207607,2.168310922,1.516850595,-1.087396899,-2.690747621,1.92915336,-1.090509603,-1.026794138,0.687741252,-0.266087356,2.674420443,40.70366019,3.58978344,2.257757855,1.125741172,0.835700009,0.76100776,0.709609225,0.626002438,0.485491093,0.448306336,0.429627251,0.376956372,0.352638746,0.328856298,0.303935837,0.287692628,0.271312169,0.256099329,0.25176806,0.247248419,0.234859455,0.230680733,0.224785178,0.216647211,0.211827449,0.206455681,0.202719529,0.201109102,0.198895142,0.195418594,4.7745547,14.57027
PBS_216,Conc,PBS,LL2112_NC_conc.csv,post_iqr,22.12002606,-17.91465565,-9.364768166,3.317134059,4.198214771,1.360134683,4.253075319,-2.716824424,-0.344068665,2.746586358,-3.011255945,-0.049352433,-1.857601659,-0.621489078,-0.326750914,0.038470196,2.813345605,0.921528308,-2.395912617,-0.6656189,-2.458603786,3.170360689,-2.130244354,-0.521679662,1.98731038,-0.191761181,-0.366591859,3.139502907,0.476382043,2.021026712,40.70366019,3.58978344,2.257757855,1.125741172,0.835700009,0.76100776,0.709609225,0.626002438,0.485491093,0.448306336,0.429627251,0.376956372,0.352638746,0.328856298,0.303935837,0.287692628,0.271312169,0.256099329,0.25176806,0.247248419,0.234859455,0.230680733,0.224785178,0.216647211,0.211827449,0.206455681,0.202719529,0.201109102,0.198895142,0.195418594,5.398683,15.174792
PBS_217,Conc,PBS,LL2112_NC_conc.csv,post_iqr,27.15819012,-23.14229032,-1.268156486,5.592828974,-1.26672396,-2.17951168,0.870732827,-0.624184037,-2.327099247,-2.400453373,1.821183916,0.778327821,-1.567120598,-1.808388296,1.464675093,-1.871402629,1.212176491,3.79241956,1.966646249,0.266309273,-2.124650182,-1.326214063,1.298162886,-0.510086316,0.44200795,-2.697009321,-2.315282185,1.110937786,1.124958439,2.080410448,40.70366019,3.58978344,2.257757855,1.125741172,0.835700009,0.76100776,0.709609225,0.626002438,0.485491093,0.448306336,0.429627251,0.376956372,0.352638746,0.328856298,0.303935837,0.287692628,0.271312169,0.256099329,0.25176806,0.247248419,0.234859455,0.230680733,0.224785178,0.216647211,0.211827449,0.206455681,0.202719529,0.201109102,0.198895142,0.195418594,5.1529374,14.326106
PBS_218,Conc,PBS,LL2112_NC_conc.csv,post_iqr,28.28533673,-22.66850562,-1.827178283,5.159585828,5.521586987,3.04220448,0.973385743,-0.390202455,-3.615199899,-2.166475725,-3.451965693,0.255752333,-1.743481663,-0.736412591,1.949803707,0.195998466,-2.071719031,3.429085171,-0.893219742,1.549980673,-0.437332845,-0.117663921,-1.40007525,-1.57064484,-0.20383573,-0.692702621,-0.811344723,-1.051422515,-0.45000311,0.799322462,40.70366019,3.58978344,2.257757855,1.125741172,0.835700009,0.76100776,0.709609225,0.626002438,0.485491093,0.448306336,0.429627251,0.376956372,0.352638746,0.328856298,0.303935837,0.287692628,0.271312169,0.256099329,0.25176806,0.247248419,0.234859455,0.230680733,0.224785178,0.216647211,0.211827449,0.206455681,0.202719529,0.201109102,0.198895142,0.195418594,4.9423375,14.830541
PBS_219,Conc,PBS,LL2112_NC_conc.csv,post_iqr,19.5365551,-22.84355517,-6.145777522,-0.315690591,-7.27132982,-5.261898764,6.640228701,-0.061036733,-2.25453651,-0.208377284,-2.316769289,-0.151115685,0.18209831,-5.117442889,4.356764307,-1.687503811,1.103543821,0.11560702,-0.007559903,1.882543219,-2.435460907,1.147624613,-0.903303598,-2.734869357,2.263350382,-1.403559179,0.651828239,1.387047639,3.597396208,1.092528569,40.70366019,3.58978344,2.257757855,1.125741172,0.835700009,0.76100776,0.709609225,0.626002438,0.485491093,0.448306336,0.429627251,0.376956372,0.352638746,0.328856298,0.303935837,0.287692628,0.271312169,0.256099329,0.25176806,0.247248419,0.234859455,0.230680733,0.224785178,0.216647211,0.211827449,0.206455681,0.202719529,0.201109102,0.198895142,0.195418594,5.119489,14.212837
PBS_220,Conc,PBS,LL2112_NC_conc.csv,post_iqr,28.64864212,-24.37439379,2.254801518,4.392194909,-2.141818386,-0.393546109,3.590281157,-0.53092986,-1.407995384,-3.485600023,0.663474748,0.870144962,-2.524369665,-1.770398964,2.892246248,-0.505471685,-1.575755881,0.356960057,-0.180961052,2.920440034,2.753229476,-1.422209661,0.63469779,-0.777929914,0.251856951,0.986473165,-2.236199673,-0.21143972,-1.176245645,0.996249422,40.70366019,3.58978344,2.257757855,1.125741172,0.835700009,0.76100776,0.709609225,0.626002438,0.485491093,0.448306336,0.429627251,0.376956372,0.352638746,0.328856298,0.303935837,0.287692628,0.271312169,0.256099329,0.25176806,0.247248419,0.234859455,0.230680733,0.224785178,0.216647211,0.211827449,0.206455681,0.202719529,0.201109102,0.198895142,0.195418594,5.0839725,14.362375
PBS_221,Conc,PBS,LL2112_NC_conc.csv,post_iqr,29.19737868,-21.97736133,-1.87246723,5.496400575,5.339316167,2.813213396,-3.592265244,0.216693066,-4.185035436,-0.394446245,0.984194174,-0.877138315,-0.154182108,1.807171745,1.230140041,-0.244791518,-1.549679817,3.614015896,0.442909077,0.93567186,0.0210961,0.330740959,-0.902393479,-2.085619484,0.55907992,2.741124758,-1.255549463,-0.969726271,-1.118868592,-0.292697626,40.70366019,3.58978344,2.257757855,1.125741172,0.835700009,0.76100776,0.709609225,0.626002438,0.485491093,0.448306336,0.429627251,0.376956372,0.352638746,0.328856298,0.303935837,0.287692628,0.271312169,0.256099329,0.25176806,0.247248419,0.234859455,0.230680733,0.224785178,0.216647211,0.211827449,0.206455681,0.202719529,0.201109102,0.198895142,0.195418594,5.442956,14.914888
PBS_222,Conc,PBS,LL2112_NC_conc.csv,post_iqr,26.22669454,-24.08187603,1.214983777,5.21095065,-6.915019314,-2.072811938,2.22888106,0.606550361,-2.459710452,-0.596113969,1.869618886,-2.054028651,1.035639696,-1.417863523,1.84395431,0.217114464,-0.590368734,1.80783193,-1.139783625,1.505919522,-0.546774061,-1.620962027,0.145353285,-3.410093121,0.956584651,0.663035205,-2.682170819,-0.50038729,0.021431442,1.283981903,40.70366019,3.58978344,2.257757855,1.125741172,0.835700009,0.76100776,0.709609225,0.626002438,0.485491093,0.448306336,0.429627251,0.376956372,0.352638746,0.328856298,0.303935837,0.287692628,0.271312169,0.256099329,0.25176806,0.247248419,0.234859455,0.230680733,0.224785178,0.216647211,0.211827449,0.206455681,0.202719529,0.201109102,0.198895142,0.195418594,5.1689367,14.189189
PBS_224,Conc,PBS,LL2112_NC_conc.csv,post_iqr,29.87354876,-24.51575667,5.013247962,6.634718388,-6.042877695,-0.350444095,2.860464635,-0.583772183,-1.130617442,-0.929191279,0.763714967,-2.723930427,0.259569862,1.000111839,1.426493822,-0.953610617,-2.031476752,2.19333337,0.458371193,1.110424945,-0.09173197,-2.114335706,-0.224629847,-1.421054295,0.285831636,-0.129415554,-0.814315712,-0.625024046,1.758214201,-0.141794835,40.70366019,3.58978344,2.257757855,1.125741172,0.835700009,0.76100776,0.709609225,0.626002438,0.485491093,0.448306336,0.429627251,0.376956372,0.352638746,0.328856298,0.303935837,0.287692628,0.271312169,0.256099329,0.25176806,0.247248419,0.234859455,0.230680733,0.224785178,0.216647211,0.211827449,0.206455681,0.202719529,0.201109102,0.198895142,0.195418594,5.0357747,14.114158
PBS_225,Conc,PBS,LL2112_NC_conc.csv,post_iqr,30.44269872,-21.36212867,1.120178848,2.618897056,-1.174325227,-2.005534585,-2.329513698,-0.413003668,-2.07080601,-2.768530935,0.729348004,0.001478938,-1.947261839,2.695336886,0.840851808,1.378573948,-4.172236371,2.526956136,1.268247393,-0.395143235,1.677805401,-2.510326032,0.79859006,1.873253794,-1.558161091,-1.075405562,-0.730700836,-0.828863611,0.453261576,0.327006812,40.70366019,3.58978344,2.257757855,1.125741172,0.835700009,0.76100776,0.709609225,0.626002438,0.485491093,0.448306336,0.429627251,0.376956372,0.352638746,0.328856298,0.303935837,0.287692628,0.271312169,0.256099329,0.25176806,0.247248419,0.234859455,0.230680733,0.224785178,0.216647211,0.211827449,0.206455681,0.202719529,0.201109102,0.198895142,0.195418594,5.4089994,14.075319
PBS_226,Conc,PBS,LL2112_NC_conc.csv,post_iqr,22.91383098,-15.95086592,-7.507351903,5.842408324,8.5852734,3.626580405,1.235021852,0.708176868,2.235807273,-1.2140836,0.797100079,-2.198554803,-3.31900911,3.012107321,-9.659822312,0.257011068,2.607893533,-7.500172483,-2.864220472,-1.340236493,6.487493636,3.447598259,-3.685643497,3.374677739,2.273518639,0.476573919,3.753588514,-0.28276706,-1.635867867,0.063882573,40.70366019,3.58978344,2.257757855,1.125741172,0.835700009,0.76100776,0.709609225,0.626002438,0.485491093,0.448306336,0.429627251,0.376956372,0.352638746,0.328856298,0.303935837,0.287692628,0.271312169,0.256099329,0.25176806,0.247248419,0.234859455,0.230680733,0.224785178,0.216647211,0.211827449,0.206455681,0.202719529,0.201109102,0.198895142,0.195418594,4.935082,15.394135
PBS_227,Conc,PBS,LL2112_NC_conc.csv,post_iqr,28.59348178,-23.62401829,2.211811302,7.3245015,2.1317687,2.331720686,-2.345146643,1.476151965,-1.006423092,-0.770922591,0.852048943,-1.728666508,-2.090814249,2.067965542,-5.893589648,-0.946182759,-0.740298262,-2.552791427,-1.37127371,-1.868837293,0.8512177,-0.832413464,-1.435093407,-0.325821834,1.393121813,1.774076936,0.45011262,0.764896702,0.412167855,-0.309676999,40.70366019,3.58978344,2.257757855,1.125741172,0.835700009,0.76100776,0.709609225,0.626002438,0.485491093,0.448306336,0.429627251,0.376956372,0.352638746,0.328856298,0.303935837,0.287692628,0.271312169,0.256099329,0.25176806,0.247248419,0.234859455,0.230680733,0.224785178,0.216647211,0.211827449,0.206455681,0.202719529,0.201109102,0.198895142,0.195418594,5.339654,15.006055
PBS_228,Conc,PBS,LL2112_NC_conc.csv,post_iqr,26.32620558,-14.78822867,4.089587551,8.55492583,-0.197420512,1.26630541,-0.533921596,1.90990136,-0.771834291,-1.174541405,1.136561444,-0.474847726,0.207257733,0.008735974,-1.519929332,0.213135719,0.282206295,-0.266480604,0.605911373,-1.71612356,-0.801182837,-0.410435217,0.649622194,-0.861823644,1.391296299,-0.728870829,-1.335886231,-0.072565433,-0.243928902,0.000198773,40.70366019,3.58978344,2.257757855,1.125741172,0.835700009,0.76100776,0.709609225,0.626002438,0.485491093,0.448306336,0.429627251,0.376956372,0.352638746,0.328856298,0.303935837,0.287692628,0.271312169,0.256099329,0.25176806,0.247248419,0.234859455,0.230680733,0.224785178,0.216647211,0.211827449,0.206455681,0.202719529,0.201109102,0.198895142,0.195418594,5.292946,14.7911005
PBS_229,Conc,PBS,LL2112_NC_conc.csv,post_iqr,29.48515783,-23.34814359,4.089998267,5.015878205,-2.89923202,0.980222256,-1.912735464,-0.13746586,-0.396963623,1.574345209,-0.523176175,-1.604259563,-0.707668825,1.205055689,-3.555880579,-0.65740756,-0.502483992,2.829823599,-1.572159641,-0.880025183,-1.749783292,-1.25855363,-0.875014414,-1.432607231,-0.697831666,-1.484239597,-1.190334211,0.418158643,-0.198695569,0.031735111,40.70366019,3.58978344,2.257757855,1.125741172,0.835700009,0.76100776,0.709609225,0.626002438,0.485491093,0.448306336,0.429627251,0.376956372,0.352638746,0.328856298,0.303935837,0.287692628,0.271312169,0.256099329,0.25176806,0.247248419,0.234859455,0.230680733,0.224785178,0.216647211,0.211827449,0.206455681,0.202719529,0.201109102,0.198895142,0.195418594,5.569134,14.570074
PBS_230,Conc,PBS,LL2112_NC_conc.csv,post_iqr,26.82400153,-23.49449338,-0.61185876,5.090374717,0.839834787,3.933847681,-2.500587779,1.885985096,-0.629780448,-0.587550823,-0.129428278,-0.736754931,1.107796003,-2.418571004,-3.730809905,-0.864528962,-0.60686444,-2.662099415,-0.156343539,-0.080868765,-1.052145163,-0.644746236,-1.183017758,-0.098342801,-1.576842256,0.508976945,0.350317135,1.041430963,-0.816499733,-0.806717451,40.70366019,3.58978344,2.257757855,1.125741172,0.835700009,0.76100776,0.709609225,0.626002438,0.485491093,0.448306336,0.429627251,0.376956372,0.352638746,0.328856298,0.303935837,0.287692628,0.271312169,0.256099329,0.25176806,0.247248419,0.234859455,0.230680733,0.224785178,0.216647211,0.211827449,0.206455681,0.202719529,0.201109102,0.198895142,0.195418594,5.082415,14.972426
PBS_231,Conc,PBS,LL2112_NC_conc.csv,post_iqr,27.90430701,-23.32527059,4.309217263,8.394417063,-4.673008971,5.075833598,0.710166569,3.675216424,-0.606291215,-0.145502894,1.157723793,-2.884027083,3.623762591,-1.357972664,-0.283545203,0.97866276,-1.401906462,0.423299888,0.320302126,0.505384285,0.870220161,0.118018742,-0.637949604,-0.776275844,-2.068686315,-0.60242955,-1.148127133,-0.525076316,1.568663276,-0.43348809,40.70366019,3.58978344,2.257757855,1.125741172,0.835700009,0.76100776,0.709609225,0.626002438,0.485491093,0.448306336,0.429627251,0.376956372,0.352638746,0.328856298,0.303935837,0.287692628,0.271312169,0.256099329,0.25176806,0.247248419,0.234859455,0.230680733,0.224785178,0.216647211,0.211827449,0.206455681,0.202719529,0.201109102,0.198895142,0.195418594,5.253035,14.416897
PBS_232,Conc,PBS,LL2112_NC_conc.csv,post_iqr,22.23723705,-16.89246702,-7.883281327,8.752210644,7.241596459,0.691693253,-1.677537019,2.623413749,-5.626298751,-0.884228905,-0.779639142,-1.211294125,0.510356881,0.908966805,0.621704509,1.872003105,1.586673434,1.944202751,0.948353704,-1.745562371,-1.206294456,5.276141816,-2.307636281,-1.609237417,0.812154316,-1.456110868,-0.307695502,-0.755942923,1.035634851,-2.324867606,40.70366019,3.58978344,2.257757855,1.125741172,0.835700009,0.76100776,0.709609225,0.626002438,0.485491093,0.448306336,0.429627251,0.376956372,0.352638746,0.328856298,0.303935837,0.287692628,0.271312169,0.256099329,0.25176806,0.247248419,0.234859455,0.230680733,0.224785178,0.216647211,0.211827449,0.206455681,0.202719529,0.201109102,0.198895142,0.195418594,5.313495,15.217507
PBS_233,Conc,PBS,LL2112_NC_conc.csv,post_iqr,24.20392444,-19.67151449,-1.008288347,7.225359901,-1.19305973,0.034918738,-2.700918965,3.5358073,-1.0268684,-0.203766817,2.086134555,0.209724645,1.83493937,0.652496885,-1.551120704,-0.318077986,1.22057092,-1.766794847,0.820425758,-2.17041296,1.544656658,0.534747814,-0.010394271,-1.77117844,1.077375394,-2.351346773,1.064809,-1.50616759,0.228513345,0.893951719,40.70366019,3.58978344,2.257757855,1.125741172,0.835700009,0.76100776,0.709609225,0.626002438,0.485491093,0.448306336,0.429627251,0.376956372,0.352638746,0.328856298,0.303935837,0.287692628,0.271312169,0.256099329,0.25176806,0.247248419,0.234859455,0.230680733,0.224785178,0.216647211,0.211827449,0.206455681,0.202719529,0.201109102,0.198895142,0.195418594,5.604271,14.702228
PBS_234,Conc,PBS,LL2112_NC_conc.csv,post_iqr,25.42725567,-18.8789493,-5.159651994,1.180238632,5.447997112,1.311260699,-5.432894902,2.208167728,-1.681105933,1.863818307,-0.151145678,-0.396239031,-1.406136906,1.01883549,-0.935144018,-1.561304417,-0.257829167,1.348399639,-2.108927033,2.244395817,-3.61106607,-0.845093414,-1.413997796,-3.45385158,-3.111306893,3.115916533,-0.14611542,-0.271497379,-1.094847854,-0.994621518,40.70366019,3.58978344,2.257757855,1.125741172,0.835700009,0.76100776,0.709609225,0.626002438,0.485491093,0.448306336,0.429627251,0.376956372,0.352638746,0.328856298,0.303935837,0.287692628,0.271312169,0.256099329,0.25176806,0.247248419,0.234859455,0.230680733,0.224785178,0.216647211,0.211827449,0.206455681,0.202719529,0.201109102,0.198895142,0.195418594,5.3553877,14.823635
PBS_235,Conc,PBS,LL2112_NC_conc.csv,post_iqr,28.43062798,-21.26586233,3.110947893,4.983685321,-2.616819043,-1.444443101,-2.158526422,1.306467928,-3.355134468,-0.944063771,1.124071947,-1.156585171,0.708088515,2.46149642,-2.483489141,1.31303052,-0.117099738,2.604451939,1.575551894,-1.593875913,0.693752177,0.696133732,0.302774907,-0.623147695,-0.633147389,-1.892191281,0.152309567,1.364172571,1.48906676,-1.606696141,40.70366019,3.58978344,2.257757855,1.125741172,0.835700009,0.76100776,0.709609225,0.626002438,0.485491093,0.448306336,0.429627251,0.376956372,0.352638746,0.328856298,0.303935837,0.287692628,0.271312169,0.256099329,0.25176806,0.247248419,0.234859455,0.230680733,0.224785178,0.216647211,0.211827449,0.206455681,0.202719529,0.201109102,0.198895142,0.195418594,5.0872574,14.284843
PBS_236,Conc,PBS,LL2112_NC_conc.csv,post_iqr,25.56251984,-15.40282605,-1.450836186,3.017530579,5.463654704,7.749780097,4.258583757,0.10751753,0.838980749,6.243850204,-3.753574724,-7.125928075,2.348947776,-2.62058099,-3.912771157,-1.761644015,2.845440626,-2.183123271,-2.109495858,0.044707293,-1.537827684,2.927003219,-4.997688145,-1.145946431,0.165476224,0.016484027,0.06877243,1.418115362,0.238745408,-1.337268112,40.70366019,3.58978344,2.257757855,1.125741172,0.835700009,0.76100776,0.709609225,0.626002438,0.485491093,0.448306336,0.429627251,0.376956372,0.352638746,0.328856298,0.303935837,0.287692628,0.271312169,0.256099329,0.25176806,0.247248419,0.234859455,0.230680733,0.224785178,0.216647211,0.211827449,0.206455681,0.202719529,0.201109102,0.198895142,0.195418594,4.980108,15.116305
PBS_237,Conc,PBS,LL2112_NC_conc.csv,post_iqr,28.26223702,-21.27775526,-2.347022076,6.097681405,6.028369115,3.388711541,-0.248376683,0.995522533,-3.384463591,0.920312168,-0.916282726,-2.669124517,-1.113602802,-0.279985701,2.337962953,0.126213329,-0.978956056,1.184053284,1.162572518,-1.378646059,-0.864895484,-0.346128208,-2.533480685,-0.459568222,0.648827767,1.048071393,-1.349842831,-0.525900247,0.030178554,-1.122321826,40.70366019,3.58978344,2.257757855,1.125741172,0.835700009,0.76100776,0.709609225,0.626002438,0.485491093,0.448306336,0.429627251,0.376956372,0.352638746,0.328856298,0.303935837,0.287692628,0.271312169,0.256099329,0.25176806,0.247248419,0.234859455,0.230680733,0.224785178,0.216647211,0.211827449,0.206455681,0.202719529,0.201109102,0.198895142,0.195418594,4.940733,14.919476
PBS_238,Conc,PBS,LL2112_NC_conc.csv,post_iqr,24.49024546,-21.48665421,0.417731022,5.894877813,-1.692985695,2.001457442,0.718537724,1.544177475,-2.225982609,-0.184058277,0.938426567,-1.524540153,1.147660389,-0.830943661,3.159890039,1.026194843,-0.898691112,-1.107096913,1.40286695,-0.611123584,0.754732329,-2.451047163,0.89664459,0.729923706,-0.630112762,-1.899986005,0.822817661,-0.932434971,2.199181036,1.201984485,40.70366019,3.58978344,2.257757855,1.125741172,0.835700009,0.76100776,0.709609225,0.626002438,0.485491093,0.448306336,0.429627251,0.376956372,0.352638746,0.328856298,0.303935837,0.287692628,0.271312169,0.256099329,0.25176806,0.247248419,0.234859455,0.230680733,0.224785178,0.216647211,0.211827449,0.206455681,0.202719529,0.201109102,0.198895142,0.195418594,4.9971266,14.5465145
PBS_239,Conc,PBS,LL2112_NC_conc.csv,post_iqr,28.58171641,-20.86035473,3.808483368,10.03060583,3.066726256,5.966985026,0.189906713,-0.601667523,-0.447768237,-3.067371967,0.746927615,-4.610991016,0.81818262,0.916085165,-5.744129517,-0.234128583,0.535488697,-1.589023377,0.609232982,-1.861464607,1.979598058,0.966391243,-2.11082583,0.479774457,-0.017044375,0.766125227,0.331915115,-1.320382317,0.367280728,-0.258906139,40.70366019,3.58978344,2.257757855,1.125741172,0.835700009,0.76100776,0.709609225,0.626002438,0.485491093,0.448306336,0.429627251,0.376956372,0.352638746,0.328856298,0.303935837,0.287692628,0.271312169,0.256099329,0.25176806,0.247248419,0.234859455,0.230680733,0.224785178,0.216647211,0.211827449,0.206455681,0.202719529,0.201109102,0.198895142,0.195418594,5.1429596,15.370265
PBS_240,Conc,PBS,LL2112_NC_conc.csv,post_iqr,22.13230194,-17.39874528,-3.822369814,7.366778571,-4.502228511,0.384397318,-1.812547231,2.204067032,-4.689902547,-1.552936293,0.900952949,0.101211069,5.652076685,-4.745750724,1.747114382,0.564896205,-0.51314382,-3.468472316,2.113573238,1.361872683,-3.745489703,0.139152307,-2.846633267,-1.266341743,-1.729645652,-1.533385752,-2.010858689,1.072671193,1.485280136,1.683377467,40.70366019,3.58978344,2.257757855,1.125741172,0.835700009,0.76100776,0.709609225,0.626002438,0.485491093,0.448306336,0.429627251,0.376956372,0.352638746,0.328856298,0.303935837,0.287692628,0.271312169,0.256099329,0.25176806,0.247248419,0.234859455,0.230680733,0.224785178,0.216647211,0.211827449,0.206455681,0.202719529,0.201109102,0.198895142,0.195418594,5.466939,14.408068
PBS_241,Conc,PBS,LL2112_NC_conc.csv,post_iqr,25.08774735,-25.96786593,-0.70474959,5.905385151,2.755367742,3.608335586,-1.445798347,3.323241918,-5.208033754,-1.95541197,-1.808549814,1.136736013,3.356652233,-1.14928159,-0.632321171,-0.58241674,-2.90022936,-0.281736497,1.13650971,1.18037388,-1.919685664,-1.322924638,-1.482958563,0.452360442,-0.708259683,1.799644268,-0.681263726,1.215965389,-0.049029492,-0.720171358,40.70366019,3.58978344,2.257757855,1.125741172,0.835700009,0.76100776,0.709609225,0.626002438,0.485491093,0.448306336,0.429627251,0.376956372,0.352638746,0.328856298,0.303935837,0.287692628,0.271312169,0.256099329,0.25176806,0.247248419,0.234859455,0.230680733,0.224785178,0.216647211,0.211827449,0.206455681,0.202719529,0.201109102,0.198895142,0.195418594,5.236739,14.901211
PBS_242,Conc,PBS,LL2112_NC_conc.csv,post_iqr,22.02549667,-23.5137361,-8.786955343,4.987575402,6.576339711,-0.20394987,5.094612078,-2.924313322,-1.773726845,-0.222943319,0.912993273,2.552122148,-0.154494734,1.053121029,-3.367200063,-3.627425294,-0.347824076,-1.15516653,4.063830446,-2.992852642,-0.669586492,0.300039572,2.514316413,-1.964665712,2.776187108,-2.96589155,-1.457691473,-0.327346729,-0.47918542,-0.745261783,40.70366019,3.58978344,2.257757855,1.125741172,0.835700009,0.76100776,0.709609225,0.626002438,0.485491093,0.448306336,0.429627251,0.376956372,0.352638746,0.328856298,0.303935837,0.287692628,0.271312169,0.256099329,0.25176806,0.247248419,0.234859455,0.230680733,0.224785178,0.216647211,0.211827449,0.206455681,0.202719529,0.201109102,0.198895142,0.195418594,4.6970005,15.0671
PBS_243,Conc,PBS,LL2112_NC_conc.csv,post_iqr,25.87454322,-23.29879607,-6.612939044,-1.887330915,-2.353108981,0.802175787,1.122706001,2.915837906,-1.042109116,4.381764644,-2.984023492,-0.505191712,3.510590272,0.293362739,-0.59228109,-1.646234875,3.224830657,-1.949557851,-2.789331424,-2.911042607,-0.337657355,1.841936827,-0.829645,0.315876021,-0.619735083,-1.085340639,3.058667538,-0.44417126,-1.20141315,-1.832106074,40.70366019,3.58978344,2.257757855,1.125741172,0.835700009,0.76100776,0.709609225,0.626002438,0.485491093,0.448306336,0.429627251,0.376956372,0.352638746,0.328856298,0.303935837,0.287692628,0.271312169,0.256099329,0.25176806,0.247248419,0.234859455,0.230680733,0.224785178,0.216647211,0.211827449,0.206455681,0.202719529,0.201109102,0.198895142,0.195418594,5.2058115,14.647784
PBS_244,Conc,PBS,LL2112_NC_conc.csv,post_iqr,26.11397619,-15.15610766,3.889609078,9.597643532,5.224448806,5.407240556,-3.364951838,0.711967088,-0.727813564,-0.508887532,2.413477752,-1.309427029,-0.631085894,0.710298009,-0.995718804,0.791296559,-0.463567486,2.391457684,1.424518774,1.597716852,-0.278981578,-0.814524537,0.768193775,-2.032612459,-0.049050081,1.832675856,-0.808709481,-1.108824082,-1.21644682,-2.717067716,40.70366019,3.58978344,2.257757855,1.125741172,0.835700009,0.76100776,0.709609225,0.626002438,0.485491093,0.448306336,0.429627251,0.376956372,0.352638746,0.328856298,0.303935837,0.287692628,0.271312169,0.256099329,0.25176806,0.247248419,0.234859455,0.230680733,0.224785178,0.216647211,0.211827449,0.206455681,0.202719529,0.201109102,0.198895142,0.195418594,5.4848795,14.874548
PBS_245,Conc,PBS,LL2112_NC_conc.csv,post_iqr,24.21996142,-22.23178518,-8.375782253,0.319871566,0.598127828,-4.379831034,-4.618165793,3.311666022,-4.09526818,1.969661023,-1.028719967,4.426033805,-1.829374817,4.77082421,0.035458129,1.664655265,0.980000273,-0.426033437,0.913547405,-2.528076663,-0.362358501,0.869750346,-0.419171713,-0.782066247,-0.956434777,-2.090077735,2.071101364,-0.996043839,-1.921231786,2.858886586,40.70366019,3.58978344,2.257757855,1.125741172,0.835700009,0.76100776,0.709609225,0.626002438,0.485491093,0.448306336,0.429627251,0.376956372,0.352638746,0.328856298,0.303935837,0.287692628,0.271312169,0.256099329,0.25176806,0.247248419,0.234859455,0.230680733,0.224785178,0.216647211,0.211827449,0.206455681,0.202719529,0.201109102,0.198895142,0.195418594,5.805055,14.541486
PBS_246,Conc,PBS,LL2112_NC_conc.csv,post_iqr,24.12202965,-16.62690396,-5.511234544,-0.416681714,6.827454091,0.165761408,3.094934137,0.082890171,-4.837486496,0.786457198,-7.899735862,-1.075946694,0.097823752,0.795928143,3.074305464,1.588284575,0.953134757,4.462343087,-1.055096739,2.374107197,-2.38366192,-0.488086562,0.11666968,-2.837929291,-0.076332052,1.513935093,0.535833518,-0.908089232,-1.275659921,-0.343847699,40.70366019,3.58978344,2.257757855,1.125741172,0.835700009,0.76100776,0.709609225,0.626002438,0.485491093,0.448306336,0.429627251,0.376956372,0.352638746,0.328856298,0.303935837,0.287692628,0.271312169,0.256099329,0.25176806,0.247248419,0.234859455,0.230680733,0.224785178,0.216647211,0.211827449,0.206455681,0.202719529,0.201109102,0.198895142,0.195418594,5.215637,15.173853
PBS_247,Conc,PBS,LL2112_NC_conc.csv,post_iqr,26.06954463,-14.45513529,-2.586635064,4.131159463,3.516970346,-0.781583563,-4.825866102,2.05381379,-4.61902552,0.967038451,-0.573240451,0.9122223,2.546564495,-2.163291359,1.942489064,1.935213099,-2.995669835,0.666833212,-0.10729207,-0.566557161,0.130320867,-1.376952772,-2.096515101,-1.544295176,-1.227481932,-0.333278981,-0.467224334,-0.682521962,0.584413034,-1.366303598,40.70366019,3.58978344,2.257757855,1.125741172,0.835700009,0.76100776,0.709609225,0.626002438,0.485491093,0.448306336,0.429627251,0.376956372,0.352638746,0.328856298,0.303935837,0.287692628,0.271312169,0.256099329,0.25176806,0.247248419,0.234859455,0.230680733,0.224785178,0.216647211,0.211827449,0.206455681,0.202719529,0.201109102,0.198895142,0.195418594,5.41435,14.68639
PBS_248,Conc,PBS,LL2112_NC_conc.csv,post_iqr,26.0681616,-23.84137395,-6.527371613,4.665936782,2.125455831,-0.361363157,4.093063639,-0.917965253,-2.627911019,0.276113414,-0.680020655,1.18447779,0.612204839,0.353708176,1.991201291,-0.728958655,-0.451075699,1.75302626,-0.47624113,-2.054238925,0.478063052,-2.223925082,-0.587511899,2.135322782,-1.521568157,-3.723934332,1.506823543,-0.307266059,0.999917219,-0.757772999,40.70366019,3.58978344,2.257757855,1.125741172,0.835700009,0.76100776,0.709609225,0.626002438,0.485491093,0.448306336,0.429627251,0.376956372,0.352638746,0.328856298,0.303935837,0.287692628,0.271312169,0.256099329,0.25176806,0.247248419,0.234859455,0.230680733,0.224785178,0.216647211,0.211827449,0.206455681,0.202719529,0.201109102,0.198895142,0.195418594,4.754592,14.693672
PBS_249,Conc,PBS,LL2112_NC_conc.csv,post_iqr,20.85108806,-10.47431921,0.28262876,0.547543111,-4.675308664,8.974638865,-1.650625902,4.776321664,-2.038888788,2.639680963,-0.739264064,-3.922037671,7.07142262,-3.62300091,0.790793756,-2.651219731,2.742928132,-3.344977768,2.000128993,0.832626924,-0.348253466,1.396623556,-1.05913783,-7.197827417,-0.74656399,-0.592876059,2.08269932,-0.044782282,-0.977830773,1.962332912,40.70366019,3.58978344,2.257757855,1.125741172,0.835700009,0.76100776,0.709609225,0.626002438,0.485491093,0.448306336,0.429627251,0.376956372,0.352638746,0.328856298,0.303935837,0.287692628,0.271312169,0.256099329,0.25176806,0.247248419,0.234859455,0.230680733,0.224785178,0.216647211,0.211827449,0.206455681,0.202719529,0.201109102,0.198895142,0.195418594,5.7179437,14.589999
PBS_250,Conc,PBS,LL2112_NC_conc.csv,post_iqr,27.99468876,-19.70017515,4.640158082,9.333124125,-4.660369967,0.823218378,-3.471529345,2.786415573,-1.835875184,-2.732398607,2.728284628,0.472001365,2.116281421,0.235140645,-2.444296651,-0.848781222,-0.574385946,0.290600776,2.941929899,0.098798516,-2.460177433,-1.712179735,-2.028353959,-1.236556234,0.029699263,-1.629098249,-2.29869956,-0.522420532,0.758088222,0.424637334,40.70366019,3.58978344,2.257757855,1.125741172,0.835700009,0.76100776,0.709609225,0.626002438,0.485491093,0.448306336,0.429627251,0.376956372,0.352638746,0.328856298,0.303935837,0.287692628,0.271312169,0.256099329,0.25176806,0.247248419,0.234859455,0.230680733,0.224785178,0.216647211,0.211827449,0.206455681,0.202719529,0.201109102,0.198895142,0.195418594,5.46822,14.427375
PBS_251,Conc,PBS,LL2112_NC_conc.csv,post_iqr,29.13158758,-17.01052788,-3.010352687,8.187594287,2.412443038,-0.131019576,-5.531127014,2.495137357,-3.560609385,-2.230702242,3.200562659,-1.287288645,2.593747863,2.151722103,-2.135605303,-0.393869029,0.00408956,1.212293834,1.305411699,-0.5707964,1.055640074,0.321069403,-0.052752301,-2.452602301,1.079771266,0.951087064,-1.556854959,-0.62423,1.699376203,1.39637879,40.70366019,3.58978344,2.257757855,1.125741172,0.835700009,0.76100776,0.709609225,0.626002438,0.485491093,0.448306336,0.429627251,0.376956372,0.352638746,0.328856298,0.303935837,0.287692628,0.271312169,0.256099329,0.25176806,0.247248419,0.234859455,0.230680733,0.224785178,0.216647211,0.211827449,0.206455681,0.202719529,0.201109102,0.198895142,0.195418594,5.6126156,15.022574
PBS_253,Conc,PBS,LL2112_NC_conc.csv,post_iqr,26.25498771,-10.5102661,-7.402000401,-0.781561673,-1.533336203,-3.586311547,-7.293480032,2.251637678,-2.000895622,2.112361285,0.688778944,1.270113667,3.66296661,-0.47603026,1.035176692,2.680526862,1.769827212,2.850441708,-2.328119921,-3.201321495,-0.186630176,0.878181523,0.087043102,-1.857558489,-3.073761385,-3.450841094,3.030401952,-0.632786842,-1.787085136,-3.392988334,40.70366019,3.58978344,2.257757855,1.125741172,0.835700009,0.76100776,0.709609225,0.626002438,0.485491093,0.448306336,0.429627251,0.376956372,0.352638746,0.328856298,0.303935837,0.287692628,0.271312169,0.256099329,0.25176806,0.247248419,0.234859455,0.230680733,0.224785178,0.216647211,0.211827449,0.206455681,0.202719529,0.201109102,0.198895142,0.195418594,5.565429,14.860555
PBS_254,Conc,PBS,LL2112_NC_conc.csv,post_iqr,15.57873484,-16.0647331,-13.57928589,2.884979622,-2.604733234,-8.575154037,-2.11094035,5.348403027,-6.104430524,0.475084251,-0.670790888,6.826771049,-0.921545539,-1.615175973,3.979620122,2.974499524,1.292610806,0.882554381,-0.657046182,5.279947104,0.569089083,5.495599398,0.638046237,3.058171123,2.788098098,1.521968121,-2.719255082,-3.282171477,-1.830135899,-0.755823452,40.70366019,3.58978344,2.257757855,1.125741172,0.835700009,0.76100776,0.709609225,0.626002438,0.485491093,0.448306336,0.429627251,0.376956372,0.352638746,0.328856298,0.303935837,0.287692628,0.271312169,0.256099329,0.25176806,0.247248419,0.234859455,0.230680733,0.224785178,0.216647211,0.211827449,0.206455681,0.202719529,0.201109102,0.198895142,0.195418594,5.5228863,14.038012
PBS_255,Conc,PBS,LL2112_NC_conc.csv,post_iqr,26.81320188,-21.17293726,-2.882630566,2.420722072,2.55458942,-0.403738283,4.509927972,-2.68750802,-2.782485475,1.44303535,-1.319627574,-3.358101063,-3.235085301,0.229680622,1.117524669,-3.845405154,1.481512376,0.667727742,-1.940434252,-2.50883121,-2.253039857,-0.233368604,3.016454374,0.27144462,2.401789087,-2.746491261,-3.655971501,2.583618163,0.105772104,1.523381283,40.70366019,3.58978344,2.257757855,1.125741172,0.835700009,0.76100776,0.709609225,0.626002438,0.485491093,0.448306336,0.429627251,0.376956372,0.352638746,0.328856298,0.303935837,0.287692628,0.271312169,0.256099329,0.25176806,0.247248419,0.234859455,0.230680733,0.224785178,0.216647211,0.211827449,0.206455681,0.202719529,0.201109102,0.198895142,0.195418594,5.078592,14.719657
PBS_256,Conc,PBS,LL2112_NC_conc.csv,post_iqr,-73.37232915,-14.20916463,-20.77037252,-2.665619335,10.34115137,-11.25117773,-16.69401657,-7.820701436,3.933019831,-8.434660219,3.049556505,-11.46722025,8.036073081,7.645505078,-3.907996277,1.672545991,0.537439626,-1.809044933,2.19799468,-4.297991063,1.102030819,12.57950938,-0.348327342,-7.692952575,-1.424342388,7.113402815,1.945159883,1.736381266,2.10670686,6.932814056,40.70366019,3.58978344,2.257757855,1.125741172,0.835700009,0.76100776,0.709609225,0.626002438,0.485491093,0.448306336,0.429627251,0.376956372,0.352638746,0.328856298,0.303935837,0.287692628,0.271312169,0.256099329,0.25176806,0.247248419,0.234859455,0.230680733,0.224785178,0.216647211,0.211827449,0.206455681,0.202719529,0.201109102,0.198895142,0.195418594,10.776365,5.993466
PBS_257,Conc,PBS,LL2112_NC_conc.csv,post_iqr,29.18674741,-25.57492896,1.879928524,3.606733536,-1.148587136,0.639324479,-5.313270812,2.851679292,-1.127115962,0.446146713,-0.107948175,0.204764282,0.73108602,2.830543961,-4.951226518,0.007035083,-1.52814409,-1.229355849,0.254515574,-1.7456383,1.359820698,-1.614804755,-2.027326287,-0.296311698,1.277914979,1.434494851,0.320519961,-1.041943015,-0.388140199,0.216494595,40.70366019,3.58978344,2.257757855,1.125741172,0.835700009,0.76100776,0.709609225,0.626002438,0.485491093,0.448306336,0.429627251,0.376956372,0.352638746,0.328856298,0.303935837,0.287692628,0.271312169,0.256099329,0.25176806,0.247248419,0.234859455,0.230680733,0.224785178,0.216647211,0.211827449,0.206455681,0.202719529,0.201109102,0.198895142,0.195418594,5.6257653,14.996033
PBS_258,Conc,PBS,LL2112_NC_conc.csv,post_iqr,28.7342621,-25.11544052,3.918193537,4.0399974,-11.11330073,-6.62568851,0.434429485,0.866600671,-2.182189424,-0.040776187,2.748429279,-0.146311534,-0.912311009,2.015988766,-3.149998503,-0.425996686,-1.092337375,-0.310284594,-0.348238479,-1.356610451,-0.986183873,-1.133274467,-0.563792237,-1.351663405,2.232489955,1.998679754,-1.049846661,0.025228155,0.146283374,1.182848999,40.70366019,3.58978344,2.257757855,1.125741172,0.835700009,0.76100776,0.709609225,0.626002438,0.485491093,0.448306336,0.429627251,0.376956372,0.352638746,0.328856298,0.303935837,0.287692628,0.271312169,0.256099329,0.25176806,0.247248419,0.234859455,0.230680733,0.224785178,0.216647211,0.211827449,0.206455681,0.202719529,0.201109102,0.198895142,0.195418594,5.265314,13.893798
PBS_259,Conc,PBS,LL2112_NC_conc.csv,post_iqr,20.64534697,-24.21138442,-5.318939449,-1.843892131,-11.2695823,-8.897501898,-1.978599093,1.323240267,-2.346359157,0.794936549,3.673037073,4.58265567,0.454863707,-0.244313004,0.898172192,-0.301994595,-1.399593716,0.12447292,-1.168366786,1.474261479,-0.613515217,-1.567155547,-1.730759691,0.979252744,-0.060983937,2.679929638,2.481218733,-0.33620193,-0.544433936,2.164530578,40.70366019,3.58978344,2.257757855,1.125741172,0.835700009,0.76100776,0.709609225,0.626002438,0.485491093,0.448306336,0.429627251,0.376956372,0.352638746,0.328856298,0.303935837,0.287692628,0.271312169,0.256099329,0.25176806,0.247248419,0.234859455,0.230680733,0.224785178,0.216647211,0.211827449,0.206455681,0.202719529,0.201109102,0.198895142,0.195418594,5.2298937,13.792344
PBS_260,Conc,PBS,LL2112_NC_conc.csv,post_iqr,20.01358025,-16.85041806,-18.2432174,4.132246037,13.77162299,0.006701893,9.440470065,-0.501550113,0.377707875,7.751859058,0.411966843,4.059052488,4.090434052,5.924833404,-1.359819558,1.73504735,2.557029581,-4.501466515,0.621732234,-3.424790116,3.929841458,2.873051364,1.412279042,1.476381732,2.728261069,-0.782141427,3.627049573,-0.533024017,-2.205834093,3.428067298,40.70366019,3.58978344,2.257757855,1.125741172,0.835700009,0.76100776,0.709609225,0.626002438,0.485491093,0.448306336,0.429627251,0.376956372,0.352638746,0.328856298,0.303935837,0.287692628,0.271312169,0.256099329,0.25176806,0.247248419,0.234859455,0.230680733,0.224785178,0.216647211,0.211827449,0.206455681,0.202719529,0.201109102,0.198895142,0.195418594,4.3703294,14.584814
PBS_261,Conc,PBS,LL2112_NC_conc.csv,post_iqr,27.53926129,-26.23113687,3.788281246,5.159262445,-7.776974122,-1.858290289,0.322883443,0.256914153,-3.164285298,-2.213255922,-1.906285424,-0.504516847,1.80804646,0.448823147,-2.124522267,-1.658227728,-1.168990512,2.014834358,1.626711915,0.506743391,0.136871596,-1.785120872,0.592676004,-0.358162104,1.448031999,-1.909937045,-2.261025037,0.985401773,0.316676522,0.14467111,40.70366019,3.58978344,2.257757855,1.125741172,0.835700009,0.76100776,0.709609225,0.626002438,0.485491093,0.448306336,0.429627251,0.376956372,0.352638746,0.328856298,0.303935837,0.287692628,0.271312169,0.256099329,0.25176806,0.247248419,0.234859455,0.230680733,0.224785178,0.216647211,0.211827449,0.206455681,0.202719529,0.201109102,0.198895142,0.195418594,5.1232467,14.104938
PBS_262,Conc,PBS,LL2112_NC_conc.csv,post_iqr,21.45352125,-13.98928094,-6.584990078,7.734863609,1.178176501,-3.380370873,-5.329552116,6.878784068,-4.104517967,4.529994301,1.270746871,1.024285395,3.33170559,1.191471592,-1.310325627,2.728418044,1.451912311,0.265962852,-1.259188368,-2.451523691,-0.847376945,2.497811399,-2.809133175,2.669384407,-0.52442287,1.214264289,4.079869607,1.694593514,-0.380973425,-1.82072787,40.70366019,3.58978344,2.257757855,1.125741172,0.835700009,0.76100776,0.709609225,0.626002438,0.485491093,0.448306336,0.429627251,0.376956372,0.352638746,0.328856298,0.303935837,0.287692628,0.271312169,0.256099329,0.25176806,0.247248419,0.234859455,0.230680733,0.224785178,0.216647211,0.211827449,0.206455681,0.202719529,0.201109102,0.198895142,0.195418594,5.6927557,14.576143
PBS_263,Conc,PBS,LL2112_NC_conc.csv,post_iqr,25.17170191,-21.73297636,-4.965298517,5.60605296,-1.687144019,-3.519033441,15.39354685,-2.489182033,0.476851656,6.229184383,3.040673816,6.501297633,9.994665631,3.965837064,-3.184463739,4.237540238,-1.405819835,1.543156725,4.837083839,1.865093258,-1.612315979,-1.527026456,1.410065429,-0.506004325,0.031377838,-2.609823603,-3.063606586,-0.766917086,0.007905716,-0.570186004,40.70366019,3.58978344,2.257757855,1.125741172,0.835700009,0.76100776,0.709609225,0.626002438,0.485491093,0.448306336,0.429627251,0.376956372,0.352638746,0.328856298,0.303935837,0.287692628,0.271312169,0.256099329,0.25176806,0.247248419,0.234859455,0.230680733,0.224785178,0.216647211,0.211827449,0.206455681,0.202719529,0.201109102,0.198895142,0.195418594,4.4357066,14.140589
PBS_264,Conc,PBS,LL2112_NC_conc.csv,post_iqr,21.23509538,-18.48445299,-13.87955092,1.306018236,4.999588214,-0.234043271,-7.875250628,6.551483083,-3.847855623,2.771889121,-1.598148119,1.376769025,0.685574913,-0.224789904,-7.1363691,-2.539411651,5.727464304,-7.769194189,1.130941201,-4.195309123,0.041028811,2.912310318,0.134068456,-0.978878745,3.843152627,0.018074869,0.768665382,3.08762192,-4.252193267,-1.020031032,40.70366019,3.58978344,2.257757855,1.125741172,0.835700009,0.76100776,0.709609225,0.626002438,0.485491093,0.448306336,0.429627251,0.376956372,0.352638746,0.328856298,0.303935837,0.287692628,0.271312169,0.256099329,0.25176806,0.247248419,0.234859455,0.230680733,0.224785178,0.216647211,0.211827449,0.206455681,0.202719529,0.201109102,0.198895142,0.195418594,5.5825987,14.948889
PBS_265,Conc,PBS,LL2112_NC_conc.csv,post_iqr,25.12140441,-12.87519105,0.517499361,6.699017985,-12.02844175,-8.265192773,4.400481332,-0.12885136,-0.953402248,2.369848187,1.731766872,-0.665257342,0.773141515,1.074289383,3.525379179,3.823393026,0.463643628,2.348969516,-1.322516538,0.2217474,2.085836781,0.429655373,-3.311298608,-1.409715526,0.331643059,2.022187755,2.439501363,0.226234358,0.428441423,-0.906472602,40.70366019,3.58978344,2.257757855,1.125741172,0.835700009,0.76100776,0.709609225,0.626002438,0.485491093,0.448306336,0.429627251,0.376956372,0.352638746,0.328856298,0.303935837,0.287692628,0.271312169,0.256099329,0.25176806,0.247248419,0.234859455,0.230680733,0.224785178,0.216647211,0.211827449,0.206455681,0.202719529,0.201109102,0.198895142,0.195418594,5.1938915,13.716167
PBS_267,Conc,PBS,LL2112_NC_conc.csv,post_iqr,20.011562,-12.39409108,-14.53671143,-0.331836206,-6.52855879,-10.79843397,3.805616919,2.000848981,-3.358355381,2.918497476,-4.282043017,3.471350569,0.254769589,-0.70076707,3.766655148,4.406992651,-0.203506482,-0.161351876,-2.661755001,-1.379479916,1.321070421,2.675828311,-4.142225098,-3.315650529,-1.402011871,2.364630846,2.238808647,-1.661355056,-1.957621389,-0.207612904,40.70366019,3.58978344,2.257757855,1.125741172,0.835700009,0.76100776,0.709609225,0.626002438,0.485491093,0.448306336,0.429627251,0.376956372,0.352638746,0.328856298,0.303935837,0.287692628,0.271312169,0.256099329,0.25176806,0.247248419,0.234859455,0.230680733,0.224785178,0.216647211,0.211827449,0.206455681,0.202719529,0.201109102,0.198895142,0.195418594,5.3644767,13.765193
PBS_268,Conc,PBS,LL2112_NC_conc.csv,post_iqr,27.59277114,-18.4489273,3.19380316,4.735733724,-11.4272393,-7.276359321,-0.516327529,2.462372373,-2.295482139,1.885896333,-0.698354311,1.508334046,3.278421011,2.858380176,-1.465251083,2.786121756,-0.736835558,1.023895245,-1.583726056,-2.469487232,0.894127527,-1.050540383,-1.907630168,0.462156643,0.940484357,2.662460756,1.947977143,-1.560616021,-0.696336336,-1.127492847,40.70366019,3.58978344,2.257757855,1.125741172,0.835700009,0.76100776,0.709609225,0.626002438,0.485491093,0.448306336,0.429627251,0.376956372,0.352638746,0.328856298,0.303935837,0.287692628,0.271312169,0.256099329,0.25176806,0.247248419,0.234859455,0.230680733,0.224785178,0.216647211,0.211827449,0.206455681,0.202719529,0.201109102,0.198895142,0.195418594,5.3586,13.773819
PBS_269,Conc,PBS,LL2112_NC_conc.csv,post_iqr,23.82900597,-18.49245599,-3.504385741,4.976599196,0.403061858,-1.504366903,-5.593722474,5.121251876,-3.198574561,5.111832554,-0.907588561,0.505107925,2.719854208,2.350932803,-5.509807014,0.561553232,0.312228747,-3.143675561,-3.137187684,-1.773582992,4.267177,0.639045514,-2.864682055,1.367387307,-1.07998037,3.639468567,3.376286213,-0.427652369,-1.006175217,-2.182526858,40.70366019,3.58978344,2.257757855,1.125741172,0.835700009,0.76100776,0.709609225,0.626002438,0.485491093,0.448306336,0.429627251,0.376956372,0.352638746,0.328856298,0.303935837,0.287692628,0.271312169,0.256099329,0.25176806,0.247248419,0.234859455,0.230680733,0.224785178,0.216647211,0.211827449,0.206455681,0.202719529,0.201109102,0.198895142,0.195418594,5.6633983,15.071461
PBS_270,Conc,PBS,LL2112_NC_conc.csv,post_iqr,20.66447589,-16.56419567,-10.09104188,2.892223936,-2.03769864,-4.504910067,14.42755429,-1.273076657,0.361438918,2.217379947,-2.33383847,5.437535566,6.590413396,1.845813195,-1.540084835,3.228972479,0.842827138,-3.151789773,0.88670745,-2.873153518,-1.574312169,-2.717494503,-3.159135027,1.202312968,-0.084213442,-0.27451185,1.33472488,-0.343739172,4.040612459,-0.805495436,40.70366019,3.58978344,2.257757855,1.125741172,0.835700009,0.76100776,0.709609225,0.626002438,0.485491093,0.448306336,0.429627251,0.376956372,0.352638746,0.328856298,0.303935837,0.287692628,0.271312169,0.256099329,0.25176806,0.247248419,0.234859455,0.230680733,0.224785178,0.216647211,0.211827449,0.206455681,0.202719529,0.201109102,0.198895142,0.195418594,4.64143,14.013151
PBS_271,Conc,PBS,LL2112_NC_conc.csv,post_iqr,20.32813033,-16.38108393,-19.21886757,0.539707846,5.331926396,-4.730221333,-9.080798959,6.296223813,-3.938571234,3.125382748,4.97173884,1.649128209,-1.292919077,1.070876815,-3.404738901,-2.647987541,5.574668985,3.715457103,-1.233199173,2.274131321,-3.934870939,1.051374285,0.904366277,-1.451318952,3.040503354,4.319189839,-2.568480274,0.500740156,-0.243326155,1.70393585,40.70366019,3.58978344,2.257757855,1.125741172,0.835700009,0.76100776,0.709609225,0.626002438,0.485491093,0.448306336,0.429627251,0.376956372,0.352638746,0.328856298,0.303935837,0.287692628,0.271312169,0.256099329,0.25176806,0.247248419,0.234859455,0.230680733,0.224785178,0.216647211,0.211827449,0.206455681,0.202719529,0.201109102,0.198895142,0.195418594,5.74383,14.908454
PBS_272,Conc,PBS,LL2112_NC_conc.csv,post_iqr,27.25891427,-18.69507629,-4.902667289,0.530749467,-1.143614344,-0.217815423,-6.541812271,2.756178779,-7.030826225,2.128717822,1.445709745,1.761509947,6.930294027,-1.277306277,-0.048713879,-1.098577343,1.467831711,1.283513089,-3.987912726,1.062304145,-1.667930625,1.628913993,-1.569637345,0.205027455,-2.740473356,0.484881851,-0.995502035,0.173897106,-0.12304007,-3.265417082,40.70366019,3.58978344,2.257757855,1.125741172,0.835700009,0.76100776,0.709609225,0.626002438,0.485491093,0.448306336,0.429627251,0.376956372,0.352638746,0.328856298,0.303935837,0.287692628,0.271312169,0.256099329,0.25176806,0.247248419,0.234859455,0.230680733,0.224785178,0.216647211,0.211827449,0.206455681,0.202719529,0.201109102,0.198895142,0.195418594,5.6781797,14.742085
PBS_273,Conc,PBS,LL2112_NC_conc.csv,post_iqr,17.9357082,-15.35125325,-14.57192778,1.994106539,1.127502099,-3.430014958,-7.080218218,7.140442297,-5.79959154,-0.043745473,4.06231725,3.780854853,4.241025834,1.117072799,-13.60637834,-1.907864198,1.796249709,-8.27294906,1.832440932,-0.894861677,-1.126387965,1.360803816,-2.063639877,0.528325177,0.086293777,4.67158773,-1.99236255,2.412233219,-1.169061464,-0.045606007,40.70366019,3.58978344,2.257757855,1.125741172,0.835700009,0.76100776,0.709609225,0.626002438,0.485491093,0.448306336,0.429627251,0.376956372,0.352638746,0.328856298,0.303935837,0.287692628,0.271312169,0.256099329,0.25176806,0.247248419,0.234859455,0.230680733,0.224785178,0.216647211,0.211827449,0.206455681,0.202719529,0.201109102,0.198895142,0.195418594,5.8446393,14.909042
PBS_274,Conc,PBS,LL2112_NC_conc.csv,post_iqr,25.49001213,-22.393419,-7.870026153,5.819744687,-1.516612079,-4.251171928,17.21947215,-3.614732868,0.849787792,3.606474434,3.985590598,7.891492546,7.154238813,2.642249998,-1.279488407,1.322730295,-2.824834069,-0.377394596,5.109721972,0.63893822,1.381162681,-1.275352746,2.614441578,-1.429031263,0.916136046,0.275625537,-1.204210116,-3.780459574,-0.052276495,0.245310466,40.70366019,3.58978344,2.257757855,1.125741172,0.835700009,0.76100776,0.709609225,0.626002438,0.485491093,0.448306336,0.429627251,0.376956372,0.352638746,0.328856298,0.303935837,0.287692628,0.271312169,0.256099329,0.25176806,0.247248419,0.234859455,0.230680733,0.224785178,0.216647211,0.211827449,0.206455681,0.202719529,0.201109102,0.198895142,0.195418594,4.443285,14.164988
PBS_275,Conc,PBS,LL2112_NC_conc.csv,post_iqr,18.70885839,-22.60752929,-13.25516906,2.615733,5.137836095,-0.607817893,0.991688665,4.432994325,-4.334006464,-0.894757795,-2.813876887,0.406445472,0.824691513,1.153475192,-5.847193713,0.203319437,-0.406805512,-5.37194526,-0.824359112,-0.238458666,-1.318207497,4.6452717,-3.916019643,2.066415787,1.211533096,1.162279325,0.657162575,1.268335345,2.474882775,-1.652958908,40.70366019,3.58978344,2.257757855,1.125741172,0.835700009,0.76100776,0.709609225,0.626002438,0.485491093,0.448306336,0.429627251,0.376956372,0.352638746,0.328856298,0.303935837,0.287692628,0.271312169,0.256099329,0.25176806,0.247248419,0.234859455,0.230680733,0.224785178,0.216647211,0.211827449,0.206455681,0.202719529,0.201109102,0.198895142,0.195418594,5.4448214,14.95404
PBS_276,Conc,PBS,LL2112_NC_conc.csv,post_iqr,-81.33551039,-24.96447407,-19.03545471,-6.118946818,-3.710883116,-6.585499157,-8.975715019,-18.0346986,12.48280733,-13.24155623,0.562158684,1.759930494,2.059740422,1.334916315,-1.623352816,3.409503996,7.682155417,-3.409802345,16.31727662,-3.064109984,-4.064921259,10.91278632,-6.798771738,-1.132425349,-9.812953635,11.32759123,-1.70497844,4.438499335,-2.674219435,5.795772378,40.70366019,3.58978344,2.257757855,1.125741172,0.835700009,0.76100776,0.709609225,0.626002438,0.485491093,0.448306336,0.429627251,0.376956372,0.352638746,0.328856298,0.303935837,0.287692628,0.271312169,0.256099329,0.25176806,0.247248419,0.234859455,0.230680733,0.224785178,0.216647211,0.211827449,0.206455681,0.202719529,0.201109102,0.198895142,0.195418594,10.94891,6.2371364
PBS_277,Conc,PBS,LL2112_NC_conc.csv,post_iqr,12.90799432,-20.32000843,-16.2833531,2.044861118,-12.02359266,-12.90193082,1.356165484,7.090649267,-7.478305801,1.165981995,3.690818324,6.533223938,5.081249269,0.304137677,3.672518875,3.458176151,1.704269518,-1.840344836,4.083193501,-2.019547385,-0.539759087,-0.791212321,-2.700737345,3.719769214,1.572243887,0.737955257,0.416665622,-2.405401161,1.60342648,0.962426755,40.70366019,3.58978344,2.257757855,1.125741172,0.835700009,0.76100776,0.709609225,0.626002438,0.485491093,0.448306336,0.429627251,0.376956372,0.352638746,0.328856298,0.303935837,0.287692628,0.271312169,0.256099329,0.25176806,0.247248419,0.234859455,0.230680733,0.224785178,0.216647211,0.211827449,0.206455681,0.202719529,0.201109102,0.198895142,0.195418594,5.4206433,13.784558
PBS_278,Conc,PBS,LL2112_NC_conc.csv,post_iqr,26.22328481,-22.43974006,-5.504473115,2.578453949,2.822090112,1.412662318,-4.779743945,4.289756223,-4.669339381,-0.844966587,2.407000069,3.982214632,0.646314447,-0.508917438,3.857491227,1.524162582,-2.984631004,-0.194629237,0.030030247,2.303186277,2.092428053,-0.397871029,-0.956235768,-0.350304944,0.443710572,2.130794799,-1.737320079,-2.381299881,-0.323591697,-2.246394485,40.70366019,3.58978344,2.257757855,1.125741172,0.835700009,0.76100776,0.709609225,0.626002438,0.485491093,0.448306336,0.429627251,0.376956372,0.352638746,0.328856298,0.303935837,0.287692628,0.271312169,0.256099329,0.25176806,0.247248419,0.234859455,0.230680733,0.224785178,0.216647211,0.211827449,0.206455681,0.202719529,0.201109102,0.198895142,0.195418594,5.3251667,14.76558
PBS_279,Conc,PBS,LL2112_NC_conc.csv,post_iqr,20.16181711,-13.48471355,-7.755853187,-6.017370384,-17.03611858,-1.676127821,-0.795153369,2.50811784,-5.225280743,-1.599774595,1.653939299,3.448378843,8.002629911,-4.572369236,2.255061021,-2.031937159,0.829018324,-0.979420988,-1.522880559,4.229656794,-2.185414593,-3.109741638,-2.896901769,-1.601217099,0.165470367,3.222863931,-0.066350971,-3.772803245,-0.534134158,0.606403236,40.70366019,3.58978344,2.257757855,1.125741172,0.835700009,0.76100776,0.709609225,0.626002438,0.485491093,0.448306336,0.429627251,0.376956372,0.352638746,0.328856298,0.303935837,0.287692628,0.271312169,0.256099329,0.25176806,0.247248419,0.234859455,0.230680733,0.224785178,0.216647211,0.211827449,0.206455681,0.202719529,0.201109102,0.198895142,0.195418594,5.395715,13.871176
PBS_280,Conc,PBS,LL2112_NC_conc.csv,post_iqr,26.00638794,-12.57997106,-5.037247247,7.248703652,2.303250019,-1.360648594,-9.18795459,4.792101806,-7.107239005,2.071476653,2.126303323,-0.020488782,2.417720326,0.265644871,-1.863356095,2.840754889,2.392377421,2.240684599,-0.564556003,0.486857616,-2.148372812,1.73114755,-0.788523119,-0.69593534,0.21612816,0.049846995,-2.085757583,-3.089226119,-3.937834279,-1.70175541,40.70366019,3.58978344,2.257757855,1.125741172,0.835700009,0.76100776,0.709609225,0.626002438,0.485491093,0.448306336,0.429627251,0.376956372,0.352638746,0.328856298,0.303935837,0.287692628,0.271312169,0.256099329,0.25176806,0.247248419,0.234859455,0.230680733,0.224785178,0.216647211,0.211827449,0.206455681,0.202719529,0.201109102,0.198895142,0.195418594,5.490849,14.874615
PBS_281,Conc,PBS,LL2112_NC_conc.csv,post_iqr,15.14085417,-16.75280321,-21.21491118,-2.468064397,1.215917293,-1.303181013,-6.525399746,7.893070025,-5.243866471,9.224255683,-4.236012262,1.358695175,4.28916344,1.460954751,4.765715453,1.947120473,0.592890507,-1.140440959,-3.154237244,1.331066383,-2.015851233,1.867179186,-2.497478243,1.485969479,2.199593277,-1.453180934,8.159341715,1.302101092,-2.075684766,-3.803676123,40.70366019,3.58978344,2.257757855,1.125741172,0.835700009,0.76100776,0.709609225,0.626002438,0.485491093,0.448306336,0.429627251,0.376956372,0.352638746,0.328856298,0.303935837,0.287692628,0.271312169,0.256099329,0.25176806,0.247248419,0.234859455,0.230680733,0.224785178,0.216647211,0.211827449,0.206455681,0.202719529,0.201109102,0.198895142,0.195418594,5.6598043,15.051819
PBS_282,Conc,PBS,LL2112_NC_conc.csv,post_iqr,20.02778165,-14.86052634,-13.50488224,-0.751589158,-9.668950246,-12.57764607,-1.409266564,4.453760669,-4.403444141,5.817688434,-3.078985512,7.584873467,2.99594013,2.079241146,5.80987044,4.918691475,0.888301333,-0.51218254,-1.147145613,1.787472354,1.232608569,0.67843357,0.240417955,0.524903657,0.890635943,0.844674726,1.344700055,0.932795684,-0.007361709,-4.07666326,40.70366019,3.58978344,2.257757855,1.125741172,0.835700009,0.76100776,0.709609225,0.626002438,0.485491093,0.448306336,0.429627251,0.376956372,0.352638746,0.328856298,0.303935837,0.287692628,0.271312169,0.256099329,0.25176806,0.247248419,0.234859455,0.230680733,0.224785178,0.216647211,0.211827449,0.206455681,0.202719529,0.201109102,0.198895142,0.195418594,5.27139,13.813185
PBS_286,Conc,PBS,LL2112_NC_conc.csv,post_iqr,22.53184326,-17.1330518,-3.491472765,-0.743689127,-2.375243845,2.374154749,-6.66098369,6.429304307,-1.628950374,6.198522566,-1.991666747,0.081859224,3.424146369,-0.10100026,-6.061517854,-1.077630887,5.147429833,-5.424063929,-1.232991807,-1.192768467,-0.687361995,2.260645098,-2.963039023,-1.09063974,0.982719954,1.073621104,2.500674608,-0.777644913,-1.491170414,-0.690788979,40.70366019,3.58978344,2.257757855,1.125741172,0.835700009,0.76100776,0.709609225,0.626002438,0.485491093,0.448306336,0.429627251,0.376956372,0.352638746,0.328856298,0.303935837,0.287692628,0.271312169,0.256099329,0.25176806,0.247248419,0.234859455,0.230680733,0.224785178,0.216647211,0.211827449,0.206455681,0.202719529,0.201109102,0.198895142,0.195418594,5.841166,14.756613
PBS_287,Conc,PBS,LL2112_NC_conc.csv,post_iqr,21.2918159,-19.35262518,-4.723708723,1.798371396,-8.229981893,-8.409047924,6.943167108,1.144839664,-2.420685529,0.202528736,-3.353783513,4.705034951,0.264765794,1.256739138,2.473069401,3.023499378,-1.563218589,0.961186441,0.895397171,-0.868808573,1.449132826,0.721600318,-4.288418692,2.312062365,2.139997313,2.977275184,3.657746178,-1.130758917,-0.088571063,-0.450640922,40.70366019,3.58978344,2.257757855,1.125741172,0.835700009,0.76100776,0.709609225,0.626002438,0.485491093,0.448306336,0.429627251,0.376956372,0.352638746,0.328856298,0.303935837,0.287692628,0.271312169,0.256099329,0.25176806,0.247248419,0.234859455,0.230680733,0.224785178,0.216647211,0.211827449,0.206455681,0.202719529,0.201109102,0.198895142,0.195418594,5.2827454,13.877815
PBS_288,Conc,PBS,LL2112_NC_conc.csv,post_iqr,22.14382531,-21.56519167,-8.888943621,-0.152675018,1.724568508,1.251486272,0.969676057,2.03602217,-2.048448081,0.516252219,-7.262445753,1.805731319,2.029416371,-3.515777601,0.514156501,0.458936828,0.496114752,-1.887708936,0.920239072,-0.090211864,1.923428513,-3.252816209,-1.509128879,2.459798852,1.848814787,2.384953018,-1.431874751,0.493492799,0.357875082,-0.175983218,40.70366019,3.58978344,2.257757855,1.125741172,0.835700009,0.76100776,0.709609225,0.626002438,0.485491093,0.448306336,0.429627251,0.376956372,0.352638746,0.328856298,0.303935837,0.287692628,0.271312169,0.256099329,0.25176806,0.247248419,0.234859455,0.230680733,0.224785178,0.216647211,0.211827449,0.206455681,0.202719529,0.201109102,0.198895142,0.195418594,4.996216,14.749557
PBS_289,Conc,PBS,LL2112_NC_conc.csv,post_iqr,16.90742744,-11.86528131,-12.17500924,-1.045378184,-11.49182483,-13.49233827,1.692668,4.462659645,-1.856636261,3.962947999,0.353618631,5.255217157,1.262050019,1.751227928,6.447938255,4.377460405,1.822575107,-1.468622571,-1.620615411,0.19300685,0.064363685,0.517725528,-2.326876387,-0.568346072,0.185351782,2.591126982,1.98746697,-0.383602527,2.46285888,0.762429104,40.70366019,3.58978344,2.257757855,1.125741172,0.835700009,0.76100776,0.709609225,0.626002438,0.485491093,0.448306336,0.429627251,0.376956372,0.352638746,0.328856298,0.303935837,0.287692628,0.271312169,0.256099329,0.25176806,0.247248419,0.234859455,0.230680733,0.224785178,0.216647211,0.211827449,0.206455681,0.202719529,0.201109102,0.198895142,0.195418594,5.265207,13.697771
PBS_290,Conc,PBS,LL2112_NC_conc.csv,post_iqr,24.3507558,-14.84826324,-2.35680968,3.859891036,5.861888652,2.919868035,1.21204595,0.064898604,-0.752773833,1.025322483,-2.858150536,-0.906332726,1.732553914,-1.300824961,3.465238673,1.040274873,0.819141455,1.155940029,1.513159052,-2.172997031,1.700967972,2.060261732,-0.804610998,-0.799690881,-0.96492194,-2.012708549,2.654257017,-1.062409126,-1.487365466,1.984703286,40.70366019,3.58978344,2.257757855,1.125741172,0.835700009,0.76100776,0.709609225,0.626002438,0.485491093,0.448306336,0.429627251,0.376956372,0.352638746,0.328856298,0.303935837,0.287692628,0.271312169,0.256099329,0.25176806,0.247248419,0.234859455,0.230680733,0.224785178,0.216647211,0.211827449,0.206455681,0.202719529,0.201109102,0.198895142,0.195418594,5.0096684,15.354608
PBS_291,Conc,PBS,LL2112_NC_conc.csv,post_iqr,-68.60750507,-25.90587855,-7.547667201,-6.667180821,5.313641788,-23.36957225,-1.447227177,0.214233563,3.506956659,-12.60585986,-2.252967492,-9.975800694,10.80203316,-0.980620999,-0.756814346,4.603307272,0.622071333,8.234369667,-0.683491362,8.823448669,-4.796340264,1.231161581,-3.824244838,-7.606763591,0.425960895,7.905838132,6.437674142,6.661645862,-3.826242446,2.166522161,40.70366019,3.58978344,2.257757855,1.125741172,0.835700009,0.76100776,0.709609225,0.626002438,0.485491093,0.448306336,0.429627251,0.376956372,0.352638746,0.328856298,0.303935837,0.287692628,0.271312169,0.256099329,0.25176806,0.247248419,0.234859455,0.230680733,0.224785178,0.216647211,0.211827449,0.206455681,0.202719529,0.201109102,0.198895142,0.195418594,10.627514,5.9032955
PBS_292,Conc,PBS,LL2112_NC_conc.csv,post_iqr,27.41887116,-26.87921436,0.421828965,2.398251574,-3.830357653,-0.452349284,-5.393204884,4.755624039,-1.60409361,4.104645812,-1.574273652,0.691588283,2.926607528,1.895257003,-6.224173633,0.062985194,0.179467105,-2.323453624,-0.099611276,-0.501144376,0.341011292,-0.117073862,-2.151322744,1.266595585,0.827188494,1.464907026,-0.500435951,0.888813793,-0.339401916,-0.723148335,40.70366019,3.58978344,2.257757855,1.125741172,0.835700009,0.76100776,0.709609225,0.626002438,0.485491093,0.448306336,0.429627251,0.376956372,0.352638746,0.328856298,0.303935837,0.287692628,0.271312169,0.256099329,0.25176806,0.247248419,0.234859455,0.230680733,0.224785178,0.216647211,0.211827449,0.206455681,0.202719529,0.201109102,0.198895142,0.195418594,5.873251,14.842587
PBS_363,Conc,PBS,LL2112_NC_conc.csv,post_iqr,23.22198334,-21.90003322,-11.14007514,3.834224412,-2.956409019,-5.429294434,2.140310519,1.533527985,-3.125295752,0.232498833,1.130913567,0.089783131,-1.076063688,-0.509100348,4.396332126,-1.147649422,0.517142441,1.461319182,-2.617600814,-1.013095977,3.558921041,1.180195188,2.207258106,1.348824377,-1.447761597,-3.44029149,-0.974280333,0.043439794,2.250536388,-1.680512555,40.70366019,3.58978344,2.257757855,1.125741172,0.835700009,0.76100776,0.709609225,0.626002438,0.485491093,0.448306336,0.429627251,0.376956372,0.352638746,0.328856298,0.303935837,0.287692628,0.271312169,0.256099329,0.25176806,0.247248419,0.234859455,0.230680733,0.224785178,0.216647211,0.211827449,0.206455681,0.202719529,0.201109102,0.198895142,0.195418594,5.069208,14.145945
PBS_364,Conc,PBS,LL2112_NC_conc.csv,post_iqr,26.51873213,-16.21793832,0.073981381,3.198123369,3.686853948,3.928112196,0.081290252,1.526495195,-0.377950309,-1.36617116,-1.257460086,-3.368987979,0.215514075,1.643350146,-3.78349587,-1.329698784,2.058334596,-3.764681547,-0.634733605,-2.981084885,2.899057712,1.918085624,0.01829229,2.135507189,1.456991643,0.438343641,2.157284595,-3.619802582,-1.15641788,0.499139303,40.70366019,3.58978344,2.257757855,1.125741172,0.835700009,0.76100776,0.709609225,0.626002438,0.485491093,0.448306336,0.429627251,0.376956372,0.352638746,0.328856298,0.303935837,0.287692628,0.271312169,0.256099329,0.25176806,0.247248419,0.234859455,0.230680733,0.224785178,0.216647211,0.211827449,0.206455681,0.202719529,0.201109102,0.198895142,0.195418594,5.1698794,15.406782
PBS_365,Conc,PBS,LL2112_NC_conc.csv,post_iqr,27.36128668,-21.51320374,5.722017527,8.767357995,-1.349666434,2.838307822,2.499393075,-1.044843685,0.256187345,-3.223787969,-0.764439494,-6.553236802,2.234940302,0.693498532,-2.973812033,-0.187515015,0.656721912,2.012544713,-0.267765989,-1.699708405,3.307550947,1.477354375,-2.245441546,1.95782974,-1.187124425,-1.718751368,0.910992035,-1.017234429,1.300963625,-1.682365999,40.70366019,3.58978344,2.257757855,1.125741172,0.835700009,0.76100776,0.709609225,0.626002438,0.485491093,0.448306336,0.429627251,0.376956372,0.352638746,0.328856298,0.303935837,0.287692628,0.271312169,0.256099329,0.25176806,0.247248419,0.234859455,0.230680733,0.224785178,0.216647211,0.211827449,0.206455681,0.202719529,0.201109102,0.198895142,0.195418594,4.8844943,15.070953
PBS_366,Conc,PBS,LL2112_NC_conc.csv,post_iqr,28.81101679,-21.71947403,1.749774996,7.518649321,3.622654256,3.502117158,2.144832371,-0.814580614,-1.911333446,-3.441799284,-1.702833646,-0.891851324,-0.737869355,0.661446018,0.607516616,0.075033137,-1.383598426,0.577671127,-0.362169231,-0.83865395,0.939627515,-2.629803864,-1.56855932,0.896456967,-0.692504692,0.685655923,0.395693278,-2.643537863,-1.529555621,-0.948018337,40.70366019,3.58978344,2.257757855,1.125741172,0.835700009,0.76100776,0.709609225,0.626002438,0.485491093,0.448306336,0.429627251,0.376956372,0.352638746,0.328856298,0.303935837,0.287692628,0.271312169,0.256099329,0.25176806,0.247248419,0.234859455,0.230680733,0.224785178,0.216647211,0.211827449,0.206455681,0.202719529,0.201109102,0.198895142,0.195418594,4.8127885,15.372868
PBS_367,Conc,PBS,LL2112_NC_conc.csv,post_iqr,22.32441115,-21.92003561,-7.683538177,5.236307263,7.064065365,2.670933122,1.622356054,0.497824194,-2.355790014,-1.034550614,-1.147639166,2.655337302,-0.468170246,-1.559389439,4.332140985,-1.870216706,-1.289504565,-0.363697257,-1.229680542,0.390629884,-1.747700231,-0.33225461,-0.483474808,1.726566316,-0.64515141,0.244848326,-0.949303949,0.746769602,1.106777584,-0.192880309,40.70366019,3.58978344,2.257757855,1.125741172,0.835700009,0.76100776,0.709609225,0.626002438,0.485491093,0.448306336,0.429627251,0.376956372,0.352638746,0.328856298,0.303935837,0.287692628,0.271312169,0.256099329,0.25176806,0.247248419,0.234859455,0.230680733,0.224785178,0.216647211,0.211827449,0.206455681,0.202719529,0.201109102,0.198895142,0.195418594,5.0899286,15.035044
PBS_368,Conc,PBS,LL2112_NC_conc.csv,post_iqr,28.02724301,-23.16184915,-1.105883867,6.835516002,1.041014538,0.149201663,2.028899066,-2.30322827,-2.757585249,-5.750968249,-0.903169441,-1.684370178,-2.348881132,1.564303578,-7.430941728,-2.028113667,-0.607047026,-4.810635966,-0.476474915,-2.280798564,-0.005353838,-0.870527322,-0.331743929,3.68968523,1.374997553,-1.423456232,-1.364725754,-0.478367037,1.084579648,1.113042495,40.70366019,3.58978344,2.257757855,1.125741172,0.835700009,0.76100776,0.709609225,0.626002438,0.485491093,0.448306336,0.429627251,0.376956372,0.352638746,0.328856298,0.303935837,0.287692628,0.271312169,0.256099329,0.25176806,0.247248419,0.234859455,0.230680733,0.224785178,0.216647211,0.211827449,0.206455681,0.202719529,0.201109102,0.198895142,0.195418594,5.125417,15.31353
PBS_372,Conc,PBS,LL2112_NC_conc.csv,post_iqr,22.74612481,-20.73526569,-7.338297162,2.083661252,1.96691091,1.5959155,3.359216161,0.562208003,-5.193072229,-1.725049236,-5.697178637,-1.265371011,-3.358084831,-4.112714021,6.415582229,1.212070174,0.230092169,-1.223580594,-1.69128124,3.061142589,3.272332407,-3.419290237,-0.510294983,0.762611589,-0.864007447,0.333621411,-1.023899528,0.999608541,0.825117555,-1.525723074,40.70366019,3.58978344,2.257757855,1.125741172,0.835700009,0.76100776,0.709609225,0.626002438,0.485491093,0.448306336,0.429627251,0.376956372,0.352638746,0.328856298,0.303935837,0.287692628,0.271312169,0.256099329,0.25176806,0.247248419,0.234859455,0.230680733,0.224785178,0.216647211,0.211827449,0.206455681,0.202719529,0.201109102,0.198895142,0.195418594,4.8004355,14.711719
PBS_373,Conc,PBS,LL2112_NC_conc.csv,post_iqr,22.34031534,-20.29634477,-10.52599637,4.035795205,8.944303679,2.315169201,0.435461924,2.368583355,-3.462155997,-0.130655836,-1.014764937,-0.234399522,0.013680631,-1.370898226,-0.551785396,-2.907890458,1.646510163,-2.341838069,-0.639380526,-2.810378568,-0.99865163,-0.61526109,-0.439345344,0.925131882,3.369575808,2.168069295,1.49400594,-2.170234764,-0.073276596,-1.506985848,40.70366019,3.58978344,2.257757855,1.125741172,0.835700009,0.76100776,0.709609225,0.626002438,0.485491093,0.448306336,0.429627251,0.376956372,0.352638746,0.328856298,0.303935837,0.287692628,0.271312169,0.256099329,0.25176806,0.247248419,0.234859455,0.230680733,0.224785178,0.216647211,0.211827449,0.206455681,0.202719529,0.201109102,0.198895142,0.195418594,4.9842706,15.128524
PBS_374,Conc,PBS,LL2112_NC_conc.csv,post_iqr,21.81043681,-22.14963199,-6.921296709,5.056249954,-3.898477757,-4.499801407,10.54718322,-1.014783708,-0.430832315,-0.686368052,0.263887701,-3.860010621,-3.128107815,1.844518787,5.568166843,-0.224769672,1.667578784,0.134624307,-5.115256701,-0.542711504,-3.890542312,3.189672965,2.532115627,0.811099042,2.1245722,1.395375179,0.673055012,-0.06156154,0.631607807,0.464545859,40.70366019,3.58978344,2.257757855,1.125741172,0.835700009,0.76100776,0.709609225,0.626002438,0.485491093,0.448306336,0.429627251,0.376956372,0.352638746,0.328856298,0.303935837,0.287692628,0.271312169,0.256099329,0.25176806,0.247248419,0.234859455,0.230680733,0.224785178,0.216647211,0.211827449,0.206455681,0.202719529,0.201109102,0.198895142,0.195418594,4.735744,13.920807
PBS_375,Conc,PBS,LL2112_NC_conc.csv,post_iqr,28.82179773,-26.00451302,-0.367313548,5.489680501,1.901409141,2.993675127,4.037522647,-2.6582902,1.985724588,-1.488837656,-1.59724872,-3.948027973,-2.177945973,1.031113507,2.277918415,0.35605037,-1.228832332,2.397340508,0.006122101,-2.187355639,2.447382269,-0.478491383,-1.305448229,1.243571105,-2.001805165,-1.338402745,1.697259991,-0.245924469,-0.515278956,-0.206889154,40.70366019,3.58978344,2.257757855,1.125741172,0.835700009,0.76100776,0.709609225,0.626002438,0.485491093,0.448306336,0.429627251,0.376956372,0.352638746,0.328856298,0.303935837,0.287692628,0.271312169,0.256099329,0.25176806,0.247248419,0.234859455,0.230680733,0.224785178,0.216647211,0.211827449,0.206455681,0.202719529,0.201109102,0.198895142,0.195418594,4.8158693,15.002741
PBS_376,Conc,PBS,LL2112_NC_conc.csv,post_iqr,-72.06142731,-18.03909027,-1.661625732,3.104177927,17.84279958,-6.278381377,2.246952,3.431814532,8.823595091,-9.715754598,5.223693763,-9.553040249,11.04962777,-8.308790725,12.07287248,-0.0898216,6.445439949,-3.765933737,1.339472902,1.490317425,-5.932972512,0.218324811,0.409408296,6.258686497,4.646341685,0.054740238,1.431962197,-9.699087973,1.566877793,8.359226422,40.70366019,3.58978344,2.257757855,1.125741172,0.835700009,0.76100776,0.709609225,0.626002438,0.485491093,0.448306336,0.429627251,0.376956372,0.352638746,0.328856298,0.303935837,0.287692628,0.271312169,0.256099329,0.25176806,0.247248419,0.234859455,0.230680733,0.224785178,0.216647211,0.211827449,0.206455681,0.202719529,0.201109102,0.198895142,0.195418594,10.734469,5.6370296
PBS_377,Conc,PBS,LL2112_NC_conc.csv,post_iqr,21.61410813,-18.07115717,-8.298938925,4.108297361,10.01059847,3.084425599,2.981191857,0.247806706,-0.673479806,-1.071051094,-2.859138278,1.042004092,-4.34567962,1.6508834,3.53447155,1.03185288,2.146334612,-2.945835397,-1.546828438,0.698810489,0.390012313,0.05264762,2.834463896,-0.473123977,-0.702957208,2.563120476,1.146819627,0.077478818,-0.405488512,-0.713870735,40.70366019,3.58978344,2.257757855,1.125741172,0.835700009,0.76100776,0.709609225,0.626002438,0.485491093,0.448306336,0.429627251,0.376956372,0.352638746,0.328856298,0.303935837,0.287692628,0.271312169,0.256099329,0.25176806,0.247248419,0.234859455,0.230680733,0.224785178,0.216647211,0.211827449,0.206455681,0.202719529,0.201109102,0.198895142,0.195418594,5.1814094,15.25183
PBS_378,Conc,PBS,LL2112_NC_conc.csv,post_iqr,28.75279946,-25.56931315,1.665220453,6.545543308,0.132082074,2.622569982,3.438743134,-2.431467561,-0.19715495,-4.578377196,0.800466536,-1.085415989,-1.264964039,0.05282016,1.143550839,-2.709415889,-2.217021689,1.251381327,0.816548468,0.154305601,0.329770571,-1.637050775,1.286352057,1.112408457,1.146945365,-1.417081514,-0.332977304,-0.56567212,-0.087950159,-0.237625392,40.70366019,3.58978344,2.257757855,1.125741172,0.835700009,0.76100776,0.709609225,0.626002438,0.485491093,0.448306336,0.429627251,0.376956372,0.352638746,0.328856298,0.303935837,0.287692628,0.271312169,0.256099329,0.25176806,0.247248419,0.234859455,0.230680733,0.224785178,0.216647211,0.211827449,0.206455681,0.202719529,0.201109102,0.198895142,0.195418594,4.4573293,14.842744
PBS_380,Conc,PBS,LL2112_NC_conc.csv,post_iqr,20.51727941,-21.49092274,3.967999763,9.626624797,-2.292521504,5.190348865,3.188213018,3.103094072,-2.553924803,-5.350867232,-2.010158743,0.70878208,1.234759755,-2.382738592,-1.413096779,-1.250373687,-1.011017543,-2.001341749,1.528619721,0.154331416,0.080433067,-2.370736155,3.112152725,2.13949355,-1.271957482,-0.311449622,0.334085228,0.638097059,0.683914516,-0.445818338,40.70366019,3.58978344,2.257757855,1.125741172,0.835700009,0.76100776,0.709609225,0.626002438,0.485491093,0.448306336,0.429627251,0.376956372,0.352638746,0.328856298,0.303935837,0.287692628,0.271312169,0.256099329,0.25176806,0.247248419,0.234859455,0.230680733,0.224785178,0.216647211,0.211827449,0.206455681,0.202719529,0.201109102,0.198895142,0.195418594,5.057761,14.608516
PBS_381,Conc,PBS,LL2112_NC_conc.csv,post_iqr,-74.11232327,-27.47992498,-3.318215364,-4.749131227,-1.181884169,-12.69829728,-4.910716124,-10.96894098,12.29510503,-14.53565729,-1.145354476,2.58334203,3.111543513,-10.91476025,3.987000664,3.153225058,6.412031457,-4.482007974,9.271280283,-1.108561078,-4.362939596,3.282259217,-4.804460845,-7.801125871,2.144135387,0.719056732,-1.14284843,-2.209858024,-1.44826158,4.883249155,40.70366019,3.58978344,2.257757855,1.125741172,0.835700009,0.76100776,0.709609225,0.626002438,0.485491093,0.448306336,0.429627251,0.376956372,0.352638746,0.328856298,0.303935837,0.287692628,0.271312169,0.256099329,0.25176806,0.247248419,0.234859455,0.230680733,0.224785178,0.216647211,0.211827449,0.206455681,0.202719529,0.201109102,0.198895142,0.195418594,10.929717,6.210375
PBS_382,Conc,PBS,LL2112_NC_conc.csv,post_iqr,28.83215812,-23.92272625,4.140316606,9.366038069,0.742189528,2.169833961,2.887288188,-0.757518486,-2.510664464,-3.633551245,-0.363537909,-0.651807833,-2.03459761,-1.360486903,2.820104337,-1.590792284,-1.150693074,1.199684948,0.099519605,0.522637034,2.117334261,-0.445683252,0.175589352,1.21997649,-0.424543502,-0.835062001,-2.09530809,0.395637674,0.124198213,0.282156546,40.70366019,3.58978344,2.257757855,1.125741172,0.835700009,0.76100776,0.709609225,0.626002438,0.485491093,0.448306336,0.429627251,0.376956372,0.352638746,0.328856298,0.303935837,0.287692628,0.271312169,0.256099329,0.25176806,0.247248419,0.234859455,0.230680733,0.224785178,0.216647211,0.211827449,0.206455681,0.202719529,0.201109102,0.198895142,0.195418594,4.818003,14.888856
PBS_383,Conc,PBS,LL2112_NC_conc.csv,post_iqr,25.91477646,-24.10755363,-3.15214105,5.226898002,-0.752345158,1.078273793,10.10532614,-2.399751007,-1.93071851,-4.029217925,-3.116682514,-0.979954806,-4.168056464,-2.958564371,-1.023626543,-2.856202863,2.033312931,-3.152391281,-1.060122982,1.375239474,2.021914262,-1.405375881,0.641674892,3.496610953,-0.058222806,-1.290761286,-1.527666977,-0.758921475,-1.04855592,0.348666082,40.70366019,3.58978344,2.257757855,1.125741172,0.835700009,0.76100776,0.709609225,0.626002438,0.485491093,0.448306336,0.429627251,0.376956372,0.352638746,0.328856298,0.303935837,0.287692628,0.271312169,0.256099329,0.25176806,0.247248419,0.234859455,0.230680733,0.224785178,0.216647211,0.211827449,0.206455681,0.202719529,0.201109102,0.198895142,0.195418594,4.611686,14.555271
PBS_384,Conc,PBS,LL2112_NC_conc.csv,post_iqr,9.142774339,-10.58255808,-16.63962191,0.451616687,3.68884657,2.705856864,7.652509706,-1.886528898,-1.878753112,-1.992703904,0.84187782,-1.990105785,-5.877514144,-10.54529147,5.397614162,-3.707467125,5.503212632,-4.267619934,0.080287577,-0.173545295,-7.495275259,7.736950954,1.462952271,1.071976816,-3.142921596,0.985394975,-3.852887765,1.380451187,1.806620574,7.3408539,40.70366019,3.58978344,2.257757855,1.125741172,0.835700009,0.76100776,0.709609225,0.626002438,0.485491093,0.448306336,0.429627251,0.376956372,0.352638746,0.328856298,0.303935837,0.287692628,0.271312169,0.256099329,0.25176806,0.247248419,0.234859455,0.230680733,0.224785178,0.216647211,0.211827449,0.206455681,0.202719529,0.201109102,0.198895142,0.195418594,4.6644573,14.879452
PBS_385,Conc,PBS,LL2112_NC_conc.csv,post_iqr,24.01471481,-16.96940283,-6.050058266,6.593302557,8.938382285,3.187497549,6.958355217,-1.651002822,-1.84160203,-0.992187646,1.172278872,-0.742142903,1.14628476,-3.078541976,1.604939124,-0.05433535,-0.217372499,-1.114939507,0.711011074,0.859176378,-3.131906307,-0.508459324,-0.687269579,0.37570606,2.057079632,2.57835366,-0.082159143,-1.480423392,-2.349831741,-0.471942148,40.70366019,3.58978344,2.257757855,1.125741172,0.835700009,0.76100776,0.709609225,0.626002438,0.485491093,0.448306336,0.429627251,0.376956372,0.352638746,0.328856298,0.303935837,0.287692628,0.271312169,0.256099329,0.25176806,0.247248419,0.234859455,0.230680733,0.224785178,0.216647211,0.211827449,0.206455681,0.202719529,0.201109102,0.198895142,0.195418594,4.752816,15.252398
PBS_386,Conc,PBS,LL2112_NC_conc.csv,post_iqr,16.07105457,-9.472721816,-12.01397783,-8.579851641,0.767418877,0.220504458,4.847052256,0.341871059,-1.754454164,-3.722275188,4.363501408,-0.374758289,0.551800161,-4.163086082,3.205658718,-0.338275226,-0.292751072,1.071646185,-4.364486768,-3.311790361,-0.340085079,4.689349947,2.475283221,2.611108447,3.139406888,-4.386057615,2.71879521,2.920705627,2.468553943,-2.906796943,40.70366019,3.58978344,2.257757855,1.125741172,0.835700009,0.76100776,0.709609225,0.626002438,0.485491093,0.448306336,0.429627251,0.376956372,0.352638746,0.328856298,0.303935837,0.287692628,0.271312169,0.256099329,0.25176806,0.247248419,0.234859455,0.230680733,0.224785178,0.216647211,0.211827449,0.206455681,0.202719529,0.201109102,0.198895142,0.195418594,5.0040474,14.30355
PBS_387,Conc,PBS,LL2112_NC_conc.csv,post_iqr,27.7158557,-12.12588196,0.019850577,6.23835586,0.861518001,1.060309241,3.906946912,-3.607918879,-0.290995658,-3.575095256,0.918709218,-2.310263963,-1.269135934,0.532921424,-0.391783602,-0.488890515,0.596544032,0.146714088,-1.354136878,-2.948034431,-1.165877546,-0.846346535,-1.047453798,1.850169371,-0.350432836,-0.82827878,-0.100622278,1.379513841,0.336329084,-0.625358373,40.70366019,3.58978344,2.257757855,1.125741172,0.835700009,0.76100776,0.709609225,0.626002438,0.485491093,0.448306336,0.429627251,0.376956372,0.352638746,0.328856298,0.303935837,0.287692628,0.271312169,0.256099329,0.25176806,0.247248419,0.234859455,0.230680733,0.224785178,0.216647211,0.211827449,0.206455681,0.202719529,0.201109102,0.198895142,0.195418594,4.8703012,14.923667
PBS_388,Conc,PBS,LL2112_NC_conc.csv,post_iqr,26.16092702,-24.30605637,-2.00140872,5.87431027,5.663042461,5.463528064,5.095408356,-1.943105901,-0.161840834,-2.231276147,-1.648904755,-0.713547294,-0.939366732,-1.696322024,2.846793979,-0.714316856,-1.791467349,0.367214903,-0.9362578,-0.843999543,1.011218789,0.666936332,-1.657431388,1.11649906,1.237102575,1.34464074,1.012440509,-1.584672375,-0.80880918,-3.21151042,40.70366019,3.58978344,2.257757855,1.125741172,0.835700009,0.76100776,0.709609225,0.626002438,0.485491093,0.448306336,0.429627251,0.376956372,0.352638746,0.328856298,0.303935837,0.287692628,0.271312169,0.256099329,0.25176806,0.247248419,0.234859455,0.230680733,0.224785178,0.216647211,0.211827449,0.206455681,0.202719529,0.201109102,0.198895142,0.195418594,4.698978,15.214106
PBS_389,Conc,PBS,LL2112_NC_conc.csv,post_iqr,27.31191298,-18.07120037,2.490146535,12.40187949,-8.059148485,-1.504995653,10.08422968,-4.203116655,0.243950326,-2.828314086,3.27482198,-2.757160737,2.054096535,-1.495417962,2.703812174,-0.331934513,0.798056345,1.474390755,-2.439406833,0.193966905,-1.095685921,1.346312595,-0.907774065,-0.017552644,0.795608288,2.073376891,-0.990143479,-2.463565016,0.535758309,-1.08349511,40.70366019,3.58978344,2.257757855,1.125741172,0.835700009,0.76100776,0.709609225,0.626002438,0.485491093,0.448306336,0.429627251,0.376956372,0.352638746,0.328856298,0.303935837,0.287692628,0.271312169,0.256099329,0.25176806,0.247248419,0.234859455,0.230680733,0.224785178,0.216647211,0.211827449,0.206455681,0.202719529,0.201109102,0.198895142,0.195418594,4.550171,14.236449
PBS_390,Conc,PBS,LL2112_NC_conc.csv,post_iqr,20.52289597,-12.09488,-11.13012817,5.495436223,9.865268555,-0.868348207,9.904820332,-2.92288249,-3.465019251,-2.706349175,3.316332631,0.256903607,-2.509520261,-1.296385941,4.695026036,-2.606705257,1.687639809,-2.724531743,0.772334126,-0.736374308,-0.766630296,-0.661651238,3.328948079,2.695373029,2.012293648,4.972665574,-6.165265539,5.517623544,-2.86173602,-0.810708709,40.70366019,3.58978344,2.257757855,1.125741172,0.835700009,0.76100776,0.709609225,0.626002438,0.485491093,0.448306336,0.429627251,0.376956372,0.352638746,0.328856298,0.303935837,0.287692628,0.271312169,0.256099329,0.25176806,0.247248419,0.234859455,0.230680733,0.224785178,0.216647211,0.211827449,0.206455681,0.202719529,0.201109102,0.198895142,0.195418594,4.5112095,14.785539
PBS_391,Conc,PBS,LL2112_NC_conc.csv,post_iqr,22.34575786,-20.5273757,-9.237926685,-0.21537981,-3.696627174,-4.036871321,5.377948823,-0.299468038,-1.345815109,1.288340192,-2.359205972,-0.453533822,-4.341674944,-1.008584426,3.877477907,-0.801372864,0.196264207,-0.540655768,-1.790609495,2.242427431,2.861288229,1.767560547,2.457510439,1.365046887,-3.668763276,-0.671247213,-1.24286784,3.566781409,-1.297090953,0.378367352,40.70366019,3.58978344,2.257757855,1.125741172,0.835700009,0.76100776,0.709609225,0.626002438,0.485491093,0.448306336,0.429627251,0.376956372,0.352638746,0.328856298,0.303935837,0.287692628,0.271312169,0.256099329,0.25176806,0.247248419,0.234859455,0.230680733,0.224785178,0.216647211,0.211827449,0.206455681,0.202719529,0.201109102,0.198895142,0.195418594,4.8352966,14.066035
PBS_392,Conc,PBS,LL2112_NC_conc.csv,post_iqr,31.38958788,-6.094490061,1.241985598,3.158585753,-2.305264426,6.735840026,-0.262258273,0.106691065,0.779493085,-0.645661971,-0.80279297,-2.427351666,4.951680011,-4.231373388,2.050798816,-2.600180753,2.321785535,2.770129794,-1.774767352,-0.808801571,3.360046527,1.472629734,-0.334425577,-0.614659191,-4.191650248,-4.584342819,0.581230219,-0.862844503,-2.651913555,-0.277379336,40.70366019,3.58978344,2.257757855,1.125741172,0.835700009,0.76100776,0.709609225,0.626002438,0.485491093,0.448306336,0.429627251,0.376956372,0.352638746,0.328856298,0.303935837,0.287692628,0.271312169,0.256099329,0.25176806,0.247248419,0.234859455,0.230680733,0.224785178,0.216647211,0.211827449,0.206455681,0.202719529,0.201109102,0.198895142,0.195418594,4.019661,1.4163944
PBS_393,Conc,PBS,LL2112_NC_conc.csv,post_iqr,24.7151559,-5.271674593,4.289487323,11.3864642,-3.90437314,1.307938763,2.202582822,1.539859136,-2.52590602,-2.535162962,2.892618113,-4.726263846,1.839248537,-1.669630372,1.12060613,0.694873172,3.613451861,1.340209923,0.781437772,-1.345623617,0.167467441,2.647591877,3.233929984,3.701180055,-1.447613025,-2.424319949,-1.556666032,0.345077594,1.872482522,-2.056252165,40.70366019,3.58978344,2.257757855,1.125741172,0.835700009,0.76100776,0.709609225,0.626002438,0.485491093,0.448306336,0.429627251,0.376956372,0.352638746,0.328856298,0.303935837,0.287692628,0.271312169,0.256099329,0.25176806,0.247248419,0.234859455,0.230680733,0.224785178,0.216647211,0.211827449,0.206455681,0.202719529,0.201109102,0.198895142,0.195418594,4.5025015,14.687375
PBS_394,Conc,PBS,LL2112_NC_conc.csv,post_iqr,7.350282735,-13.11668652,-24.18584559,6.426015558,13.4279333,2.461410769,9.794763404,3.075597726,-3.998893009,1.766686713,1.942443817,1.662412879,-6.884595581,-5.261058819,9.904139477,4.999968578,0.369688789,-3.163452142,-0.870626194,2.296857051,-6.849587227,-0.531102072,-0.415769066,7.325516524,-3.239467626,0.16981815,2.809500821,4.048529824,1.698042857,0.195874365,40.70366019,3.58978344,2.257757855,1.125741172,0.835700009,0.76100776,0.709609225,0.626002438,0.485491093,0.448306336,0.429627251,0.376956372,0.352638746,0.328856298,0.303935837,0.287692628,0.271312169,0.256099329,0.25176806,0.247248419,0.234859455,0.230680733,0.224785178,0.216647211,0.211827449,0.206455681,0.202719529,0.201109102,0.198895142,0.195418594,4.675385,15.280423
PBS_395,Conc,PBS,LL2112_NC_conc.csv,post_iqr,30.67206926,-21.93676463,-0.017279938,6.53916318,4.257586987,1.472863311,11.79863475,-5.062285291,1.629513815,3.61478604,1.887226025,-0.173854591,4.617492891,4.139382935,-4.230374555,1.535359054,-0.483797396,3.358759476,2.449269692,-1.239586957,1.475900146,-0.600234965,3.454175138,1.740015627,0.374265462,-1.475779928,-1.973042254,0.245941228,-0.304915531,-1.910576544,40.70366019,3.58978344,2.257757855,1.125741172,0.835700009,0.76100776,0.709609225,0.626002438,0.485491093,0.448306336,0.429627251,0.376956372,0.352638746,0.328856298,0.303935837,0.287692628,0.271312169,0.256099329,0.25176806,0.247248419,0.234859455,0.230680733,0.224785178,0.216647211,0.211827449,0.206455681,0.202719529,0.201109102,0.198895142,0.195418594,4.310728,14.293086
PBS_396,Conc,PBS,LL2112_NC_conc.csv,post_iqr,28.3857143,-22.03389372,5.030659635,8.289143931,-0.383523279,2.573228714,2.377003375,-1.789187434,-2.38615617,-4.691601883,-0.369182531,-3.032022011,-1.652455881,-0.713147726,2.152698512,-1.837582178,-1.034408916,2.048413242,0.154515746,0.93851295,1.086051185,-0.441396037,-0.40452392,0.837853747,-0.172041967,-0.027616913,-1.988505801,-0.454861877,0.742648187,-0.19891374,40.70366019,3.58978344,2.257757855,1.125741172,0.835700009,0.76100776,0.709609225,0.626002438,0.485491093,0.448306336,0.429627251,0.376956372,0.352638746,0.328856298,0.303935837,0.287692628,0.271312169,0.256099329,0.25176806,0.247248419,0.234859455,0.230680733,0.224785178,0.216647211,0.211827449,0.206455681,0.202719529,0.201109102,0.198895142,0.195418594,4.6361217,14.704239
PBS_398,Conc,PBS,LL2112_NC_conc.csv,post_iqr,23.94655167,-14.33738139,-6.449629601,4.78213618,3.70611467,-0.847714589,-1.398265316,1.136571858,-4.970659071,-2.070813928,1.709355105,0.974064638,-3.786375637,-0.752770742,3.466769473,-0.943127759,-1.01950272,2.031992471,-0.503657592,-1.818593751,-0.394724039,-1.210704249,1.697414535,2.524148169,0.863128554,-0.665181393,-2.045142695,0.496213721,-2.562885441,-2.526520071,40.70366019,3.58978344,2.257757855,1.125741172,0.835700009,0.76100776,0.709609225,0.626002438,0.485491093,0.448306336,0.429627251,0.376956372,0.352638746,0.328856298,0.303935837,0.287692628,0.271312169,0.256099329,0.25176806,0.247248419,0.234859455,0.230680733,0.224785178,0.216647211,0.211827449,0.206455681,0.202719529,0.201109102,0.198895142,0.195418594,5.5147057,14.776446
PBS_399,Conc,PBS,LL2112_NC_conc.csv,post_iqr,24.25984815,-17.85571549,-4.27669721,8.146100647,1.932035938,1.023639534,6.082751413,-2.060173799,1.70070938,-5.186329869,2.628389493,-2.402465087,-5.901815358,-0.350329079,-0.320619456,-3.083378454,1.608259419,-1.425822804,-2.312314461,-3.903696146,-2.71565289,1.383659212,1.529568584,4.522498143,0.588825638,-0.584465367,-2.091544463,1.037357319,-2.551583088,1.284606492,40.70366019,3.58978344,2.257757855,1.125741172,0.835700009,0.76100776,0.709609225,0.626002438,0.485491093,0.448306336,0.429627251,0.376956372,0.352638746,0.328856298,0.303935837,0.287692628,0.271312169,0.256099329,0.25176806,0.247248419,0.234859455,0.230680733,0.224785178,0.216647211,0.211827449,0.206455681,0.202719529,0.201109102,0.198895142,0.195418594,4.4191236,14.64419
PBS_400,Conc,PBS,LL2112_NC_conc.csv,post_iqr,15.64035454,-20.64112578,-14.88078129,0.044911993,9.483273391,6.088693138,6.265584992,1.104641817,2.854406226,3.442001945,-0.287443817,4.961150775,-3.554324061,-7.042081464,6.11563012,-2.990710038,0.404844783,-2.128388989,-2.220786676,1.756065179,-3.151691612,-2.496569993,-0.043356363,3.03473345,-5.193711476,1.917498307,0.95273189,1.777140917,-4.776917838,-2.480558742,40.70366019,3.58978344,2.257757855,1.125741172,0.835700009,0.76100776,0.709609225,0.626002438,0.485491093,0.448306336,0.429627251,0.376956372,0.352638746,0.328856298,0.303935837,0.287692628,0.271312169,0.256099329,0.25176806,0.247248419,0.234859455,0.230680733,0.224785178,0.216647211,0.211827449,0.206455681,0.202719529,0.201109102,0.198895142,0.195418594,4.6968966,15.214966
PBS_402,Conc,PBS,LL2112_NC_conc.csv,post_iqr,28.74777643,-22.67531539,3.337098507,6.636406276,-2.684013591,-1.428564037,10.00685038,-5.065747061,2.331905973,-0.699103949,0.206238262,-1.24269763,-3.324041848,1.386550785,1.724862902,-0.15668933,-2.372138271,0.945649975,-1.781947801,-2.035717655,0.502789584,-0.572097442,0.24185978,-0.191641038,-0.286865446,1.372364291,0.65799221,0.281209144,-0.36534647,-1.07830528,40.70366019,3.58978344,2.257757855,1.125741172,0.835700009,0.76100776,0.709609225,0.626002438,0.485491093,0.448306336,0.429627251,0.376956372,0.352638746,0.328856298,0.303935837,0.287692628,0.271312169,0.256099329,0.25176806,0.247248419,0.234859455,0.230680733,0.224785178,0.216647211,0.211827449,0.206455681,0.202719529,0.201109102,0.198895142,0.195418594,4.5978246,14.094893
PBS_403,Conc,PBS,LL2112_NC_conc.csv,post_iqr,22.11547494,-16.33568363,-7.157593335,4.748890238,2.523115208,-0.068704208,1.7109327,-0.096808128,-1.179395703,1.106155819,-3.133278072,0.37505766,-2.987558103,-3.166152237,2.873821779,-2.685230727,2.354353909,0.657578716,-3.144588391,-0.533669955,-1.073941049,3.772177924,-3.326217914,-0.499518278,-3.378713241,-3.056547485,-1.282229405,0.43033185,-1.96824838,-2.45230529,40.70366019,3.58978344,2.257757855,1.125741172,0.835700009,0.76100776,0.709609225,0.626002438,0.485491093,0.448306336,0.429627251,0.376956372,0.352638746,0.328856298,0.303935837,0.287692628,0.271312169,0.256099329,0.25176806,0.247248419,0.234859455,0.230680733,0.224785178,0.216647211,0.211827449,0.206455681,0.202719529,0.201109102,0.198895142,0.195418594,4.784026,14.579735
PBS_404,Conc,PBS,LL2112_NC_conc.csv,post_iqr,28.17671679,-13.48854063,1.022664796,5.918530702,-6.44079688,-4.553291005,10.36112468,-4.498460651,-0.586045507,0.794105013,-2.150119899,-2.94307482,1.263804361,1.714865813,-0.209561624,4.327443188,-0.300982653,0.84165867,-2.368962749,-3.489490816,-0.705730904,-1.344927673,-0.806433794,0.823860496,-3.993884207,0.538223013,2.858281849,-3.906480634,-1.52567228,-3.214498208,40.70366019,3.58978344,2.257757855,1.125741172,0.835700009,0.76100776,0.709609225,0.626002438,0.485491093,0.448306336,0.429627251,0.376956372,0.352638746,0.328856298,0.303935837,0.287692628,0.271312169,0.256099329,0.25176806,0.247248419,0.234859455,0.230680733,0.224785178,0.216647211,0.211827449,0.206455681,0.202719529,0.201109102,0.198895142,0.195418594,4.680389,13.921437
PBS_405,Conc,PBS,LL2112_NC_conc.csv,post_iqr,28.04680288,-27.09969958,-0.843333289,1.664329604,-9.599530547,-4.47783827,6.571568976,-0.573243504,-1.187800139,-0.402085501,-0.23817287,1.194416871,0.112049587,-1.412449835,0.943497891,-1.760415483,-1.667275362,-1.160742611,-2.394321708,-1.413584312,-1.556323396,-1.971477127,-0.892112383,0.36582768,1.928206955,1.366545208,0.019263431,-3.225217402,-0.469057441,-0.306574872,40.70366019,3.58978344,2.257757855,1.125741172,0.835700009,0.76100776,0.709609225,0.626002438,0.485491093,0.448306336,0.429627251,0.376956372,0.352638746,0.328856298,0.303935837,0.287692628,0.271312169,0.256099329,0.25176806,0.247248419,0.234859455,0.230680733,0.224785178,0.216647211,0.211827449,0.206455681,0.202719529,0.201109102,0.198895142,0.195418594,4.761804,14.036302
PBS_406,Conc,PBS,LL2112_NC_conc.csv,post_iqr,12.53167636,-12.07118471,-22.42029791,0.338800944,2.858203,0.901507483,10.7144755,-1.017588811,-2.826361849,2.305036543,-0.359105263,1.737289995,-1.497125301,-8.901082612,4.430907605,2.194370845,5.274743209,-5.065530475,-4.315980309,3.737763394,-3.970830365,3.442765294,2.568663733,4.210619678,-4.431286109,1.229720982,-2.292422388,-1.820010601,5.158014591,-2.47628055,40.70366019,3.58978344,2.257757855,1.125741172,0.835700009,0.76100776,0.709609225,0.626002438,0.485491093,0.448306336,0.429627251,0.376956372,0.352638746,0.328856298,0.303935837,0.287692628,0.271312169,0.256099329,0.25176806,0.247248419,0.234859455,0.230680733,0.224785178,0.216647211,0.211827449,0.206455681,0.202719529,0.201109102,0.198895142,0.195418594,4.4289627,14.416504
PBS_407,Conc,PBS,LL2112_NC_conc.csv,post_iqr,28.65854113,-19.75204971,-1.177630847,8.407004427,-0.840318731,-4.066123295,19.0155505,-6.093165232,2.650451754,4.809818923,6.340341616,4.013069932,5.233231788,4.955414129,-5.306874141,1.551279103,-0.482550349,0.382453076,2.511174314,-0.520052515,1.193855957,-0.990265993,1.78021388,-0.057254651,1.089832829,-0.329373144,0.372725353,-1.640979892,-0.126634542,0.251081357,40.70366019,3.58978344,2.257757855,1.125741172,0.835700009,0.76100776,0.709609225,0.626002438,0.485491093,0.448306336,0.429627251,0.376956372,0.352638746,0.328856298,0.303935837,0.287692628,0.271312169,0.256099329,0.25176806,0.247248419,0.234859455,0.230680733,0.224785178,0.216647211,0.211827449,0.206455681,0.202719529,0.201109102,0.198895142,0.195418594,4.323237,14.143447
PBS_408,Conc,PBS,LL2112_NC_conc.csv,post_iqr,-90.13508043,-21.1885776,-6.321029117,6.064751487,1.934666567,1.553679571,-9.002667144,-10.44408999,12.27728934,-9.823386976,-8.067747342,-2.584707085,9.951217482,-9.261432422,4.160264965,-3.13020688,4.960689257,-2.023237318,6.561132749,-2.598594826,5.143248235,7.116246549,-0.095436594,-5.308427593,-6.063326757,9.475469778,6.372940823,3.779121507,2.397964134,-1.068976871,40.70366019,3.58978344,2.257757855,1.125741172,0.835700009,0.76100776,0.709609225,0.626002438,0.485491093,0.448306336,0.429627251,0.376956372,0.352638746,0.328856298,0.303935837,0.287692628,0.271312169,0.256099329,0.25176806,0.247248419,0.234859455,0.230680733,0.224785178,0.216647211,0.211827449,0.206455681,0.202719529,0.201109102,0.198895142,0.195418594,11.24101,6.2043624
PBS_409,Conc,PBS,LL2112_NC_conc.csv,post_iqr,-99.91982686,-34.40601817,2.722711548,-5.514634331,0.93496153,-6.76756846,-3.79294226,-15.92012727,13.37956505,-9.564897398,-3.510607038,7.269076624,-1.429395244,-4.776893149,3.937614005,-3.681372038,10.96751849,6.211224202,15.83968618,-1.54813548,-3.733289892,5.192936995,-7.187904917,-3.739863895,-0.756372863,3.081015094,2.848615887,2.656697944,-5.813558909,-5.9187505,40.70366019,3.58978344,2.257757855,1.125741172,0.835700009,0.76100776,0.709609225,0.626002438,0.485491093,0.448306336,0.429627251,0.376956372,0.352638746,0.328856298,0.303935837,0.287692628,0.271312169,0.256099329,0.25176806,0.247248419,0.234859455,0.230680733,0.224785178,0.216647211,0.211827449,0.206455681,0.202719529,0.201109102,0.198895142,0.195418594,11.145105,6.301411
PBS_410,Conc,PBS,LL2112_NC_conc.csv,post_iqr,26.90874718,-24.03378784,-7.20663146,3.246553636,5.534274371,-0.462210275,14.58862472,-5.107492403,1.588172609,7.024754573,2.806123209,2.092337584,4.370817369,3.01556687,-2.788955364,-0.617942827,0.921952649,1.639896765,0.069505954,-1.310569251,-0.864593351,-0.8926106,1.696207251,-1.766907858,-1.122755681,-5.836454206,-2.901241865,1.602718999,1.307237753,-0.613108241,40.70366019,3.58978344,2.257757855,1.125741172,0.835700009,0.76100776,0.709609225,0.626002438,0.485491093,0.448306336,0.429627251,0.376956372,0.352638746,0.328856298,0.303935837,0.287692628,0.271312169,0.256099329,0.25176806,0.247248419,0.234859455,0.230680733,0.224785178,0.216647211,0.211827449,0.206455681,0.202719529,0.201109102,0.198895142,0.195418594,4.402934,14.365658
PBS_411,Conc,PBS,LL2112_NC_conc.csv,post_iqr,26.23865414,-22.39063789,-2.826554558,-1.436778456,2.496913675,3.15538391,0.024048009,0.582701802,-2.029648552,2.780818651,-6.500460311,-0.539567623,-1.472489342,-1.43111206,-1.426017608,-1.077535723,-0.884415597,-0.993389193,-2.248914977,-2.123363908,0.97102802,-2.77934682,-0.654727571,1.351327245,-1.736122884,-0.191930557,2.528819604,-1.625900521,-1.70909704,0.87657495,40.70366019,3.58978344,2.257757855,1.125741172,0.835700009,0.76100776,0.709609225,0.626002438,0.485491093,0.448306336,0.429627251,0.376956372,0.352638746,0.328856298,0.303935837,0.287692628,0.271312169,0.256099329,0.25176806,0.247248419,0.234859455,0.230680733,0.224785178,0.216647211,0.211827449,0.206455681,0.202719529,0.201109102,0.198895142,0.195418594,4.873141,15.121576
PBS_413,Conc,PBS,LL2112_NC_conc.csv,post_iqr,23.39033521,-17.4617038,-9.548444922,5.099107206,-7.762673232,-8.850721504,10.51841011,-1.154255851,-4.551170115,-7.327938994,2.482188806,-1.445543278,2.205712389,-2.696236938,-2.497688657,-2.370591193,2.918593358,-4.964213124,-2.105392226,-1.196277133,-4.330006046,-0.162696326,-2.426965052,3.498724302,1.727436186,2.534954035,4.230193269,-1.921629833,3.714532809,0.274738965,40.70366019,3.58978344,2.257757855,1.125741172,0.835700009,0.76100776,0.709609225,0.626002438,0.485491093,0.448306336,0.429627251,0.376956372,0.352638746,0.328856298,0.303935837,0.287692628,0.271312169,0.256099329,0.25176806,0.247248419,0.234859455,0.230680733,0.224785178,0.216647211,0.211827449,0.206455681,0.202719529,0.201109102,0.198895142,0.195418594,4.726049,13.94576
PBS_414,Conc,PBS,LL2112_NC_conc.csv,post_iqr,19.90888644,-17.24410929,-13.18520729,0.25527023,8.158181279,-0.983603806,1.505783138,0.619552695,-2.277895796,4.320980923,-0.407903369,-0.806691314,-4.076840511,-0.590464484,-2.363572945,-5.166449857,4.618566496,-1.147482898,-1.746946139,-2.877860697,-5.253258682,1.276261756,0.38829839,2.179662975,1.058736659,-0.775943094,-2.690108259,3.369897151,1.934805253,1.448841581,40.70366019,3.58978344,2.257757855,1.125741172,0.835700009,0.76100776,0.709609225,0.626002438,0.485491093,0.448306336,0.429627251,0.376956372,0.352638746,0.328856298,0.303935837,0.287692628,0.271312169,0.256099329,0.25176806,0.247248419,0.234859455,0.230680733,0.224785178,0.216647211,0.211827449,0.206455681,0.202719529,0.201109102,0.198895142,0.195418594,5.196262,15.025162
PBS_415,Conc,PBS,LL2112_NC_conc.csv,post_iqr,14.83358806,-20.78418125,-11.61625007,4.386544762,0.137330794,-2.349929359,2.801958754,6.07023511,-7.245410644,-4.05506565,-0.91339342,4.833031155,-1.166209651,-6.226307699,4.230472942,-6.669600259,3.471210887,-4.11550967,1.128757876,2.641551841,-2.323164349,-0.179871394,3.149313737,2.840257302,-1.859675219,0.355889091,-1.45208231,1.532305761,-2.801925082,1.395335452,40.70366019,3.58978344,2.257757855,1.125741172,0.835700009,0.76100776,0.709609225,0.626002438,0.485491093,0.448306336,0.429627251,0.376956372,0.352638746,0.328856298,0.303935837,0.287692628,0.271312169,0.256099329,0.25176806,0.247248419,0.234859455,0.230680733,0.224785178,0.216647211,0.211827449,0.206455681,0.202719529,0.201109102,0.198895142,0.195418594,4.540089,14.540019
PBS_416,Conc,PBS,LL2112_NC_conc.csv,post_iqr,25.43468179,-20.44068842,-3.163946477,5.271402681,-4.287448747,-5.593312507,6.305721303,-2.309501,-2.696596373,-5.301709809,0.187601355,-0.647953924,-3.159604643,-1.739514624,-0.88764498,-2.443143595,0.96452577,-3.51015817,0.50885246,-1.625003809,-3.371076088,-0.686499705,3.336888231,0.596286631,0.200495487,-0.362149756,-0.226519165,0.666480282,0.690167749,-0.399741029,40.70366019,3.58978344,2.257757855,1.125741172,0.835700009,0.76100776,0.709609225,0.626002438,0.485491093,0.448306336,0.429627251,0.376956372,0.352638746,0.328856298,0.303935837,0.287692628,0.271312169,0.256099329,0.25176806,0.247248419,0.234859455,0.230680733,0.224785178,0.216647211,0.211827449,0.206455681,0.202719529,0.201109102,0.198895142,0.195418594,4.7922444,14.030347
PBS_417,Conc,PBS,LL2112_NC_conc.csv,post_iqr,26.30359757,-26.2537474,-1.413798994,3.147546493,-8.883034074,-5.187955293,3.481669037,-0.237298489,-0.879308704,-1.903194936,1.649860908,0.875307008,-2.011718572,0.125474515,-0.720504511,-2.061104668,-3.154548501,-1.947171426,-1.206701751,-0.565287053,2.373578828,-1.029015742,0.181138574,2.734131685,0.678812823,1.277526412,-1.832075991,0.181504605,-2.112533773,0.229662586,40.70366019,3.58978344,2.257757855,1.125741172,0.835700009,0.76100776,0.709609225,0.626002438,0.485491093,0.448306336,0.429627251,0.376956372,0.352638746,0.328856298,0.303935837,0.287692628,0.271312169,0.256099329,0.25176806,0.247248419,0.234859455,0.230680733,0.224785178,0.216647211,0.211827449,0.206455681,0.202719529,0.201109102,0.198895142,0.195418594,5.1713896,13.997236
PBS_418,Conc,PBS,LL2112_NC_conc.csv,post_iqr,27.14345181,-17.14716799,-2.481302051,7.38213467,5.738228534,4.470756227,2.785641631,-0.453642882,-0.870223229,-0.461909779,-0.93501724,-3.811291011,-0.264063195,0.105087895,-1.400715237,-0.841815044,2.598712927,-1.245130559,-0.983269954,-4.752113362,-0.222516279,2.448868806,-1.906577455,2.134976047,-0.418378206,0.055122329,1.328910428,0.595646179,-0.709110355,-0.311403143,40.70366019,3.58978344,2.257757855,1.125741172,0.835700009,0.76100776,0.709609225,0.626002438,0.485491093,0.448306336,0.429627251,0.376956372,0.352638746,0.328856298,0.303935837,0.287692628,0.271312169,0.256099329,0.25176806,0.247248419,0.234859455,0.230680733,0.224785178,0.216647211,0.211827449,0.206455681,0.202719529,0.201109102,0.198895142,0.195418594,4.695438,15.150532
PBS_419,Conc,PBS,LL2112_NC_conc.csv,post_iqr,11.5356034,-17.31318775,-7.646217176,2.195181042,8.768541223,-4.272979694,8.266151952,4.48775184,4.416200934,0.115709045,-1.148808913,5.778797265,-7.268229565,-1.25203964,7.222398267,-4.262910685,-2.870636928,-1.702882726,4.69520567,5.305035283,-2.916041052,2.675950441,-0.75254121,-1.558547605,-0.075983634,-0.332046033,0.360418213,2.025005483,0.994549696,-3.344148079,40.70366019,3.58978344,2.257757855,1.125741172,0.835700009,0.76100776,0.709609225,0.626002438,0.485491093,0.448306336,0.429627251,0.376956372,0.352638746,0.328856298,0.303935837,0.287692628,0.271312169,0.256099329,0.25176806,0.247248419,0.234859455,0.230680733,0.224785178,0.216647211,0.211827449,0.206455681,0.202719529,0.201109102,0.198895142,0.195418594,4.795429,15.017526
PBS_420,Conc,PBS,LL2112_NC_conc.csv,post_iqr,25.37391524,-15.74749672,-3.443411666,2.219907275,-1.391112627,-3.550625419,2.139277563,0.699044042,-1.620014112,0.920428742,-1.233874771,0.370755456,-2.66554336,1.670373443,-0.509452773,-0.260687681,2.950488898,4.30485288,-1.957412396,-1.941532695,-1.687169052,1.210513,0.70899267,0.344335175,-0.717767349,-0.473899212,-1.205031818,1.860808841,0.436329919,-1.845564558,40.70366019,3.58978344,2.257757855,1.125741172,0.835700009,0.76100776,0.709609225,0.626002438,0.485491093,0.448306336,0.429627251,0.376956372,0.352638746,0.328856298,0.303935837,0.287692628,0.271312169,0.256099329,0.25176806,0.247248419,0.234859455,0.230680733,0.224785178,0.216647211,0.211827449,0.206455681,0.202719529,0.201109102,0.198895142,0.195418594,4.9178085,14.20773
PBS_421,Conc,PBS,LL2112_NC_conc.csv,post_iqr,23.35282559,-21.38084635,-4.533313471,3.822817217,-7.710760419,-5.002691251,6.656092632,-1.800339469,-1.699737494,-1.522175979,-1.635377489,0.689295333,-2.860069041,-1.364246157,3.822326448,-0.348862125,-0.943780128,-0.520581871,-2.728887789,0.297487879,-1.444604637,-0.272901216,-2.646788993,0.441422386,1.277612038,2.56925415,0.529577306,-2.937455983,0.865912561,3.546838801,40.70366019,3.58978344,2.257757855,1.125741172,0.835700009,0.76100776,0.709609225,0.626002438,0.485491093,0.448306336,0.429627251,0.376956372,0.352638746,0.328856298,0.303935837,0.287692628,0.271312169,0.256099329,0.25176806,0.247248419,0.234859455,0.230680733,0.224785178,0.216647211,0.211827449,0.206455681,0.202719529,0.201109102,0.198895142,0.195418594,4.9088383,13.887563
PBS_422,Conc,PBS,LL2112_NC_conc.csv,post_iqr,25.64576482,-22.18183186,-11.03229601,1.825807764,9.281523702,2.455874043,2.209179444,-2.577999697,-0.273126611,1.784316624,-1.240169588,2.581694381,-3.936766045,-0.431742098,6.04622722,-1.949913121,-3.47762275,-0.384407804,-0.762195367,-2.231989819,-0.773790937,0.557841135,0.084695712,-1.512727394,-3.08209246,-4.727050998,0.712931317,-1.110545487,-3.776472377,1.583159127,40.70366019,3.58978344,2.257757855,1.125741172,0.835700009,0.76100776,0.709609225,0.626002438,0.485491093,0.448306336,0.429627251,0.376956372,0.352638746,0.328856298,0.303935837,0.287692628,0.271312169,0.256099329,0.25176806,0.247248419,0.234859455,0.230680733,0.224785178,0.216647211,0.211827449,0.206455681,0.202719529,0.201109102,0.198895142,0.195418594,4.5974607,14.978511
PBS_423,Conc,PBS,LL2112_NC_conc.csv,post_iqr,21.0214448,-19.31667364,-14.86128988,3.097863573,5.485136799,-3.109275325,-3.641846821,7.803024916,-5.340741,-0.037618132,-0.224977951,3.669971029,-1.970564362,0.06027658,1.177800079,0.264514519,1.068380284,-8.057399655,-1.36279784,-0.451162763,-3.657058205,0.962029287,1.712748252,1.077716989,-1.410244005,2.647987631,-0.384041547,-2.365344825,-3.291954068,-1.271807164,40.70366019,3.58978344,2.257757855,1.125741172,0.835700009,0.76100776,0.709609225,0.626002438,0.485491093,0.448306336,0.429627251,0.376956372,0.352638746,0.328856298,0.303935837,0.287692628,0.271312169,0.256099329,0.25176806,0.247248419,0.234859455,0.230680733,0.224785178,0.216647211,0.211827449,0.206455681,0.202719529,0.201109102,0.198895142,0.195418594,5.1488757,14.7307825
PBS_424,Conc,PBS,LL2112_NC_conc.csv,post_iqr,24.25617478,-19.55272559,-5.478212497,4.82352251,-3.381922024,-1.689962527,20.07105843,-5.632436509,5.668733744,6.992446701,3.660144603,3.477861209,6.276330679,3.014262845,-1.754964363,1.723701245,-2.451339722,-3.824984353,-0.070401356,-0.157925681,2.4570072,-1.970165884,-0.586122483,-1.686501973,1.799227554,1.960164662,-1.48166745,-1.575452149,1.499141193,-1.880205681,40.70366019,3.58978344,2.257757855,1.125741172,0.835700009,0.76100776,0.709609225,0.626002438,0.485491093,0.448306336,0.429627251,0.376956372,0.352638746,0.328856298,0.303935837,0.287692628,0.271312169,0.256099329,0.25176806,0.247248419,0.234859455,0.230680733,0.224785178,0.216647211,0.211827449,0.206455681,0.202719529,0.201109102,0.198895142,0.195418594,4.389508,14.114224
PBS_425,Conc,PBS,LL2112_NC_conc.csv,post_iqr,28.20088071,-22.64698971,4.336675508,7.339187205,-8.412349679,-3.279030555,8.044670189,-4.273080949,1.176448929,-2.419792615,1.934124253,-2.904771977,-1.183876331,0.732643053,1.27528089,0.639290048,-1.245534342,1.001141276,-1.968855143,-2.467776317,1.440199648,-0.870938053,-2.184310754,-0.485368488,0.078439428,0.880491771,1.920109151,-1.534442897,0.465930332,-0.345679139,40.70366019,3.58978344,2.257757855,1.125741172,0.835700009,0.76100776,0.709609225,0.626002438,0.485491093,0.448306336,0.429627251,0.376956372,0.352638746,0.328856298,0.303935837,0.287692628,0.271312169,0.256099329,0.25176806,0.247248419,0.234859455,0.230680733,0.224785178,0.216647211,0.211827449,0.206455681,0.202719529,0.201109102,0.198895142,0.195418594,4.6991177,13.898267
PBS_426,Conc,PBS,LL2112_NC_conc.csv,post_iqr,-58.53039945,8.631145059,-40.60996122,8.063548526,-11.45444962,26.79208835,10.95061631,20.85472793,13.46317403,-12.7138774,2.444333478,-9.591585086,8.599423456,-2.454098546,1.603430631,-5.906733254,-0.788825355,-6.889446012,4.677401877,-5.246916984,-7.91700047,-12.93516104,-3.419848686,-5.029638173,2.624284711,-4.732233426,9.813695629,13.52918522,14.01605845,-7.780668253,40.70366019,3.58978344,2.257757855,1.125741172,0.835700009,0.76100776,0.709609225,0.626002438,0.485491093,0.448306336,0.429627251,0.376956372,0.352638746,0.328856298,0.303935837,0.287692628,0.271312169,0.256099329,0.25176806,0.247248419,0.234859455,0.230680733,0.224785178,0.216647211,0.211827449,0.206455681,0.202719529,0.201109102,0.198895142,0.195418594,11.786741,4.431125
PBS_427,Conc,PBS,LL2112_NC_conc.csv,post_iqr,21.47130103,-17.42075602,-12.31539719,4.577724052,2.212955338,-4.308654214,21.6271707,-3.319765496,-0.310955096,10.17179359,2.794138182,5.495009646,5.708818833,3.690558248,-4.105862886,2.781073936,4.152702608,-4.341313098,1.019429772,-1.025418853,-0.674532887,1.924713366,1.574217649,-2.02044885,-0.040447724,1.547289649,0.559689708,1.125853404,3.066784236,1.335109769,40.70366019,3.58978344,2.257757855,1.125741172,0.835700009,0.76100776,0.709609225,0.626002438,0.485491093,0.448306336,0.429627251,0.376956372,0.352638746,0.328856298,0.303935837,0.287692628,0.271312169,0.256099329,0.25176806,0.247248419,0.234859455,0.230680733,0.224785178,0.216647211,0.211827449,0.206455681,0.202719529,0.201109102,0.198895142,0.195418594,4.308709,14.170958
PBS_428,Conc,PBS,LL2112_NC_conc.csv,post_iqr,25.49293769,-21.67510085,-2.360477919,7.448495187,4.883668345,5.51489361,5.441068411,-3.010163122,-1.318073734,-4.797706492,-2.984477722,0.067470233,-1.336033668,-3.398381827,-0.090655867,-2.10685275,-1.721407652,0.210552765,-0.127195092,-0.372785867,-2.201229828,-1.713122763,-0.209591384,0.972540692,-0.702829843,-0.985943428,-1.347623547,-3.421256111,-1.929974702,-1.596449113,40.70366019,3.58978344,2.257757855,1.125741172,0.835700009,0.76100776,0.709609225,0.626002438,0.485491093,0.448306336,0.429627251,0.376956372,0.352638746,0.328856298,0.303935837,0.287692628,0.271312169,0.256099329,0.25176806,0.247248419,0.234859455,0.230680733,0.224785178,0.216647211,0.211827449,0.206455681,0.202719529,0.201109102,0.198895142,0.195418594,4.5447392,15.139497
PBS_429,Conc,PBS,LL2112_NC_conc.csv,post_iqr,29.70785809,-24.2387837,-0.576319569,3.876048656,4.445125558,2.370467427,2.683539357,-2.487756064,-0.145292119,-3.631826491,-0.796918007,-0.202589958,-4.927490183,2.295795461,-4.927423171,-2.670849528,-0.55549869,-3.23135537,-0.483880078,-3.394290545,1.678071553,-1.281274894,-1.253148938,2.170656866,0.556627133,0.246487621,0.172500946,1.110492039,-0.996953963,1.376037715,40.70366019,3.58978344,2.257757855,1.125741172,0.835700009,0.76100776,0.709609225,0.626002438,0.485491093,0.448306336,0.429627251,0.376956372,0.352638746,0.328856298,0.303935837,0.287692628,0.271312169,0.256099329,0.25176806,0.247248419,0.234859455,0.230680733,0.224785178,0.216647211,0.211827449,0.206455681,0.202719529,0.201109102,0.198895142,0.195418594,4.868106,15.434974
PBS_430,Conc,PBS,LL2112_NC_conc.csv,post_iqr,30.46118947,-27.00644823,3.996376899,5.589713377,-4.426075284,-1.495327403,2.843319518,0.079913214,-1.728225196,-2.388442425,-0.497280307,-2.52693888,-1.722109059,3.007795551,-0.631328551,-1.073564286,-1.747655324,0.65656535,0.712124438,-0.401338158,1.042435396,-1.399443173,2.119981541,1.851158182,-0.354802826,-0.341750413,-1.005943514,1.121137266,1.126275561,0.083584793,40.70366019,3.58978344,2.257757855,1.125741172,0.835700009,0.76100776,0.709609225,0.626002438,0.485491093,0.448306336,0.429627251,0.376956372,0.352638746,0.328856298,0.303935837,0.287692628,0.271312169,0.256099329,0.25176806,0.247248419,0.234859455,0.230680733,0.224785178,0.216647211,0.211827449,0.206455681,0.202719529,0.201109102,0.198895142,0.195418594,4.7485785,14.250205
PBS_432,Conc,PBS,LL2112_NC_conc.csv,post_iqr,22.1715073,-16.22977798,-10.27513199,4.719854193,-1.726604111,-2.558995773,15.62765076,-3.962080993,0.002624011,4.330617336,0.861703906,1.736411174,1.203310891,1.689049385,1.346774058,2.728722067,2.388720909,-1.443476062,-0.515166621,-0.782232048,-1.81953673,0.926884547,-2.607601086,-0.61476631,-1.141142474,0.339239761,1.833461722,-2.312473952,-2.05842688,0.486765011,40.70366019,3.58978344,2.257757855,1.125741172,0.835700009,0.76100776,0.709609225,0.626002438,0.485491093,0.448306336,0.429627251,0.376956372,0.352638746,0.328856298,0.303935837,0.287692628,0.271312169,0.256099329,0.25176806,0.247248419,0.234859455,0.230680733,0.224785178,0.216647211,0.211827449,0.206455681,0.202719529,0.201109102,0.198895142,0.195418594,4.524087,13.968767
PBS_433,Conc,PBS,LL2112_NC_conc.csv,post_iqr,28.9496908,-21.95516171,4.06728009,9.338874251,2.597944409,7.099478559,4.646888195,-1.525703035,0.575571625,-1.290849098,-1.169020561,-2.985470652,1.159735,-0.401425862,-1.147703387,-1.090558118,-1.04038515,-0.821501724,-0.34415242,-1.910735474,0.410797022,-0.234779365,-0.927573518,1.238325077,0.528814044,0.190616243,-0.087365142,-0.450339739,-0.590608236,-9.65E-05,40.70366019,3.58978344,2.257757855,1.125741172,0.835700009,0.76100776,0.709609225,0.626002438,0.485491093,0.448306336,0.429627251,0.376956372,0.352638746,0.328856298,0.303935837,0.287692628,0.271312169,0.256099329,0.25176806,0.247248419,0.234859455,0.230680733,0.224785178,0.216647211,0.211827449,0.206455681,0.202719529,0.201109102,0.198895142,0.195418594,4.6136637,15.324625
PBS_435,Conc,PBS,LL2112_NC_conc.csv,post_iqr,-69.43657231,-24.53793054,-15.99564156,-8.09789787,3.107294442,-20.27851293,-5.079056563,-4.738898459,5.587338201,-17.32098102,6.670272995,-8.372077177,10.39679071,-1.96985287,4.884135557,2.160587708,3.146466775,-3.241742996,4.969630682,-0.434878555,-5.485798891,-0.556601392,2.217910609,-0.159374835,-0.368472339,5.848602675,4.882662082,1.493237654,-2.90806873,-1.331605901,40.70366019,3.58978344,2.257757855,1.125741172,0.835700009,0.76100776,0.709609225,0.626002438,0.485491093,0.448306336,0.429627251,0.376956372,0.352638746,0.328856298,0.303935837,0.287692628,0.271312169,0.256099329,0.25176806,0.247248419,0.234859455,0.230680733,0.224785178,0.216647211,0.211827449,0.206455681,0.202719529,0.201109102,0.198895142,0.195418594,10.698383,6.02711
PBS_436,Conc,PBS,LL2112_NC_conc.csv,post_iqr,21.70352923,-17.5942744,-14.41832511,5.278488419,9.773920963,2.36586574,8.354853264,-0.694463508,-5.051704491,1.121966175,2.357670188,2.314989157,1.325988735,-0.593283602,3.232825949,-1.978253909,3.399544205,0.423269914,-0.788663796,0.194339556,-0.961984356,1.473366828,-0.35164068,2.16970323,1.385756513,1.207209333,-2.815579462,-1.078152997,-3.682179218,-0.385623579,40.70366019,3.58978344,2.257757855,1.125741172,0.835700009,0.76100776,0.709609225,0.626002438,0.485491093,0.448306336,0.429627251,0.376956372,0.352638746,0.328856298,0.303935837,0.287692628,0.271312169,0.256099329,0.25176806,0.247248419,0.234859455,0.230680733,0.224785178,0.216647211,0.211827449,0.206455681,0.202719529,0.201109102,0.198895142,0.195418594,4.55632,14.971557
PBS_437,Conc,PBS,LL2112_NC_conc.csv,post_iqr,27.85670513,-23.21812974,-2.724159597,3.451860306,-8.367871312,-7.611767979,7.448437108,-2.449190493,-0.041220469,0.671925221,-2.427592764,0.801681632,-3.930794179,1.189565072,1.355745342,0.238501641,-3.383583218,0.536845839,-3.153897233,-0.344170978,-0.304205778,0.056189769,0.136797442,0.619759431,-1.218116291,2.578776349,0.557047027,-0.422235924,0.278553387,0.89459098,40.70366019,3.58978344,2.257757855,1.125741172,0.835700009,0.76100776,0.709609225,0.626002438,0.485491093,0.448306336,0.429627251,0.376956372,0.352638746,0.328856298,0.303935837,0.287692628,0.271312169,0.256099329,0.25176806,0.247248419,0.234859455,0.230680733,0.224785178,0.216647211,0.211827449,0.206455681,0.202719529,0.201109102,0.198895142,0.195418594,4.691965,13.941019
PBS_438,Conc,PBS,LL2112_NC_conc.csv,post_iqr,24.51987891,-18.88398734,-6.277079842,5.357903844,3.899886316,0.210697689,2.389089417,-1.146572571,-2.149311291,-1.763245327,-1.787639647,1.763959939,-4.368236164,-4.397225002,5.889281139,-0.237254928,0.82533025,1.165352735,1.022893693,0.065124927,-0.199819058,0.419324965,-0.613898285,4.307122853,-3.121687223,-1.68895346,-2.131310026,-1.519297432,-1.79861745,1.437896666,40.70366019,3.58978344,2.257757855,1.125741172,0.835700009,0.76100776,0.709609225,0.626002438,0.485491093,0.448306336,0.429627251,0.376956372,0.352638746,0.328856298,0.303935837,0.287692628,0.271312169,0.256099329,0.25176806,0.247248419,0.234859455,0.230680733,0.224785178,0.216647211,0.211827449,0.206455681,0.202719529,0.201109102,0.198895142,0.195418594,4.767578,14.821434
PBS_439,Conc,PBS,LL2112_NC_conc.csv,post_iqr,28.21857472,-27.61049717,-0.504086132,1.966575933,-9.559931298,-2.055422145,3.616958703,0.306952047,-1.466744405,1.346533683,-1.756296619,-3.035680797,1.315470379,-0.548021886,0.593683606,-1.059950032,-1.327907867,0.787825451,-0.776067957,-0.008988408,1.491629916,-1.32956555,1.156520267,0.821829695,-0.357324571,-1.906389661,-0.230231967,0.537204495,0.182320896,-0.593689776,40.70366019,3.58978344,2.257757855,1.125741172,0.835700009,0.76100776,0.709609225,0.626002438,0.485491093,0.448306336,0.429627251,0.376956372,0.352638746,0.328856298,0.303935837,0.287692628,0.271312169,0.256099329,0.25176806,0.247248419,0.234859455,0.230680733,0.224785178,0.216647211,0.211827449,0.206455681,0.202719529,0.201109102,0.198895142,0.195418594,4.6744757,14.168331
PBS_440,Conc,PBS,LL2112_NC_conc.csv,post_iqr,28.05835248,-17.9809682,-2.035549424,5.240502944,-1.077245852,-4.630373467,4.700284949,-0.842675737,-2.7175411,-4.944587757,-0.386400363,1.127135746,-4.769311627,0.748346907,0.068954224,-3.326254476,-0.220424098,0.788071643,0.151003164,-1.583073252,0.00314891,-1.471865921,3.772911319,2.960596519,-0.145458344,0.22632474,-1.292644933,1.659800909,-0.527681533,0.44637498,40.70366019,3.58978344,2.257757855,1.125741172,0.835700009,0.76100776,0.709609225,0.626002438,0.485491093,0.448306336,0.429627251,0.376956372,0.352638746,0.328856298,0.303935837,0.287692628,0.271312169,0.256099329,0.25176806,0.247248419,0.234859455,0.230680733,0.224785178,0.216647211,0.211827449,0.206455681,0.202719529,0.201109102,0.198895142,0.195418594,4.7895765,14.325501
PBS_441,Conc,PBS,LL2112_NC_conc.csv,post_iqr,23.25043142,-21.08374967,-0.644959834,4.844408312,6.697610561,3.500100488,3.695579957,-0.795998021,1.332595106,0.143562459,-3.311952071,0.494333446,-1.924104886,-1.555825372,-0.291304334,-2.503356939,-0.632059997,-1.053240457,-0.64660972,-2.27336054,0.321813301,1.066658799,-0.173694387,2.077610943,-0.092756459,-0.963268369,-0.003841224,0.414691289,0.270811092,-0.421493464,40.70366019,3.58978344,2.257757855,1.125741172,0.835700009,0.76100776,0.709609225,0.626002438,0.485491093,0.448306336,0.429627251,0.376956372,0.352638746,0.328856298,0.303935837,0.287692628,0.271312169,0.256099329,0.25176806,0.247248419,0.234859455,0.230680733,0.224785178,0.216647211,0.211827449,0.206455681,0.202719529,0.201109102,0.198895142,0.195418594,4.4825125,15.070135
PBS_442,Conc,PBS,LL2112_NC_conc.csv,post_iqr,26.08983254,-25.9092564,-8.416920276,1.395074224,8.868304045,2.181303939,5.826878055,-0.824570408,-1.890618695,1.796486466,-2.139728941,0.954976441,-3.771891568,-1.467241764,3.639268307,-2.189910606,-3.307224929,0.902070172,0.272070047,1.277577514,-0.758496161,-1.242308358,1.262753806,2.40929224,-1.091279322,1.547222145,-0.531080165,2.822136351,0.238416634,-2.753197602,40.70366019,3.58978344,2.257757855,1.125741172,0.835700009,0.76100776,0.709609225,0.626002438,0.485491093,0.448306336,0.429627251,0.376956372,0.352638746,0.328856298,0.303935837,0.287692628,0.271312169,0.256099329,0.25176806,0.247248419,0.234859455,0.230680733,0.224785178,0.216647211,0.211827449,0.206455681,0.202719529,0.201109102,0.198895142,0.195418594,4.452765,15.083079
